"","(Intercept)","corn_med.lag1","cpi.lag1","for_prod.lag1","nfi.lag1","rice_med.lag1","rub_med.lag1","sug_med.lag1","time","df","logLik","AICc","delta","weight"
"129",0.00168615377899636,NA,NA,NA,NA,NA,NA,NA,-1.55119959520714e-06,3,-157.952076962468,323.315918630819,0,0.219489830363585
"133",0.00170374239457425,NA,NA,4.52996077516828e-10,NA,NA,NA,NA,-1.55341755641562e-06,4,-157.855465379195,326.210930758391,2.89501212757204,0.0516143552718089
"131",0.00159767008701285,NA,3.70515722227076e-06,NA,NA,NA,NA,NA,-1.44935663263593e-06,4,-157.873556696662,326.247113393324,2.93119476250547,0.0506889794577225
"161",0.00170809235803755,NA,NA,NA,NA,NA,-1.33957041040624e-07,NA,-1.61019510165546e-06,4,-157.894720433805,326.28944086761,2.97352223679172,0.0496274834520236
"193",0.00171105699929423,NA,NA,NA,NA,NA,NA,-1.29827727622119e-06,-1.64149405073894e-06,4,-157.909477583183,326.318955166367,3.00303653554789,0.0489005005561422
"130",0.00170653291629683,-2.20123653616784e-06,NA,NA,NA,NA,NA,NA,-1.6106130738474e-06,4,-157.910343402164,326.320686804327,3.00476817350847,0.0488581798982734
"145",0.00168595649803072,NA,NA,NA,NA,2.67491801202252e-08,NA,NA,-1.55061609742458e-06,4,-157.952055454569,326.404110909139,3.08819227832004,0.0468621241315595
"137",0.00168612559207847,NA,NA,NA,-2.73877148533853e-09,NA,NA,NA,-1.55109948377084e-06,4,-157.952076682698,326.404153365396,3.08823473457687,0.0468611293469293
"1",0.00127447444736555,NA,NA,NA,NA,NA,NA,NA,NA,2,-161.103661427591,326.873989521848,3.55807089102944,0.0370500779261425
"3",0.00112171124245332,NA,9.21015714395367e-06,NA,NA,NA,NA,NA,NA,3,-160.522842038516,328.457448782915,5.14153015209638,0.0167859264575978
"5",0.00130028246881051,NA,NA,6.87702281162214e-10,NA,NA,NA,NA,NA,3,-160.933183831526,329.278132368935,5.96221373811647,0.0111361773742175
"17",0.00127166467933051,NA,NA,NA,NA,1.77162364741955e-06,NA,NA,NA,3,-160.995074979282,329.401914664446,6.08599603362768,0.0104678419243712
"65",0.00127305267749748,NA,NA,NA,NA,NA,NA,1.96452923951802e-06,NA,3,-160.99867904774,329.409122801362,6.0932041705434,0.010430183008888
"9",0.00127367604138393,NA,NA,NA,-1.3515392722061e-06,NA,NA,NA,NA,3,-161.029867044641,329.471498795164,6.15558016434557,0.0101099068400058
"163",0.00159894918076493,NA,4.94432500135732e-06,NA,NA,NA,-2.00701196855568e-07,NA,-1.49615918058174e-06,5,-157.75938602154,329.518772043079,6.20285341226054,0.00987374480539728
"165",0.00173613324503333,NA,NA,5.11782923869998e-10,NA,NA,-1.77403458647071e-07,NA,-1.63580783523669e-06,5,-157.764701127183,329.529402254367,6.21348362354797,0.00982140403025254
"132",0.00159859953242642,-3.63236916376311e-06,5.019544243332e-06,NA,NA,NA,NA,NA,-1.50633337192812e-06,5,-157.776568027064,329.553136054129,6.23721742330986,0.00970554322587343
"135",0.00161566438123854,NA,3.67279212202442e-06,4.22426896461854e-10,NA,NA,NA,NA,-1.45540306973354e-06,5,-157.778672017804,329.557344035609,6.24142540479016,0.00968514431987782
"2",0.00127168055602605,1.33373320785247e-06,NA,NA,NA,NA,NA,NA,NA,3,-161.080648200398,329.573061106678,6.25714247585887,0.00960933154792695
"197",0.0017323694017346,NA,NA,4.37420250640866e-10,NA,NA,NA,-1.44091922881091e-06,-1.65955667376365e-06,5,-157.806382365779,329.612764731558,6.29684610073963,0.00942044992469829
"33",0.00127335817327592,NA,NA,NA,NA,NA,2.38055014316139e-08,NA,NA,3,-161.101780234979,329.615325175839,6.29940654502076,0.00940839737274868
"134",0.00172576356955469,-2.30691187045641e-06,NA,4.56145181511907e-10,NA,NA,NA,NA,-1.61773879342562e-06,5,-157.810792303311,329.621584606622,6.30566597580292,0.00937899779683607
"195",0.00161825938830398,NA,3.89255094709424e-06,NA,NA,NA,NA,-1.41554934457961e-06,-1.53478810533525e-06,5,-157.820601141593,329.641202283185,6.32528365236641,0.0092874504447927
"141",0.00169989571851521,NA,NA,5.00812311195666e-10,-6.27619392006078e-07,NA,NA,NA,-1.53355897133534e-06,5,-157.843184231174,329.686368462349,6.37044983153015,0.00908006167289541
"149",0.00170956659698566,NA,NA,4.92145072313897e-10,NA,-5.1498989757004e-07,NA,NA,-1.56674962750406e-06,5,-157.847761351444,329.695522702889,6.37960407207009,0.00903859610739204
"139",0.00159572529061484,NA,3.73078132412959e-06,NA,-1.1754603249358e-07,NA,NA,NA,-1.44389176103051e-06,5,-157.873026337739,329.746052675478,6.43013404465898,0.00881309671507386
"147",0.00159789633417793,NA,3.71234721300296e-06,NA,NA,-6.24868113973745e-08,NA,NA,-1.45028506181105e-06,5,-157.873444035159,329.746888070319,6.43096943949996,0.00880941627601792
"194",0.00172376503774486,-1.8213083822145e-06,NA,NA,NA,NA,NA,-1.09414704307539e-06,-1.67555847391926e-06,5,-157.880780393161,329.761560786321,6.44564215550236,0.00874502373660815
"162",0.0017146061282971,-1.23468951493213e-06,NA,NA,NA,NA,-1.03761913786576e-07,NA,-1.63032838754352e-06,5,-157.884576949977,329.769153899954,6.45323526913575,0.00871188570214794
"225",0.0017152234738144,NA,NA,NA,NA,NA,-1.00144827605588e-07,-6.69234628339494e-07,-1.64121422901919e-06,5,-157.887100629985,329.774201259971,6.45828262915222,0.00868992740987328
"169",0.00171164341286373,NA,NA,NA,2.39395505783455e-07,NA,-1.39334603290076e-07,NA,-1.62209237873569e-06,5,-157.89247872517,329.784957450339,6.46903881952056,0.0086433176014573
"146",0.00170754646292854,-3.01766067986792e-06,NA,NA,NA,8.7492340298761e-07,NA,NA,-1.61321646432083e-06,5,-157.893474886851,329.786949773701,6.47103114288262,0.00863471174678875
"177",0.00170709421876911,NA,NA,NA,NA,1.51661556427672e-07,-1.34754444364576e-07,NA,-1.60719957040442e-06,5,-157.89399956159,329.787999123181,6.47208049236212,0.00863018251993954
"201",0.00171801823302912,NA,NA,NA,3.60181414044565e-07,NA,NA,-1.4487984242118e-06,-1.66651163530484e-06,5,-157.904639940436,329.809279880872,6.49336125005294,0.0085388409247992
"209",0.00171031542463872,NA,NA,NA,NA,1.76075888399158e-07,NA,-1.32318861190508e-06,-1.63968410660493e-06,5,-157.908522041327,329.817044082654,6.50112545183555,0.0085057565428391
"138",0.00170579117481737,-2.22099282138771e-06,NA,NA,-8.55389713517062e-08,NA,NA,NA,-1.60785267272304e-06,5,-157.910045454614,329.820090909228,6.50417227840978,0.00849280862532366
"153",0.00168573798102947,NA,NA,NA,-1.58621847144527e-08,3.42573379612979e-08,NA,NA,-1.54987290875618e-06,5,-157.952047787838,329.904095575676,6.58817694485725,0.00814347854242862
"11",0.00109097636725618,NA,1.09710785154867e-05,NA,-2.58580577437946e-06,NA,NA,NA,NA,4,-160.274036711303,331.048073422605,7.73215479178674,0.0045961937008675
"7",0.00114518772610171,NA,8.96391947758455e-06,5.16743426595062e-10,NA,NA,NA,NA,NA,4,-160.397478162316,331.294956324631,7.97903769381242,0.00406245330573998
"35",0.00111456897006007,NA,1.0074916124266e-05,NA,NA,NA,-1.5356442957826e-07,NA,NA,4,-160.463320074741,331.426640149481,8.11072151866244,0.00380358917690939
"4",0.00111589495470059,-1.26116838979861e-06,9.7201040576286e-06,NA,NA,NA,NA,NA,NA,4,-160.506155146932,331.512310293864,8.19639166304489,0.00364410235995514
"19",0.00112630025405746,NA,8.86336292062066e-06,NA,NA,7.33330923714947e-07,NA,NA,NA,4,-160.506420418429,331.512840836858,8.19692220603946,0.00364313581167039
"67",0.00112537685823624,NA,8.97098136374958e-06,NA,NA,NA,NA,4.16527373843522e-07,NA,4,-160.519049299691,331.538098599381,8.22217996856261,0.00359741638234965
"69",0.00130284612660913,NA,NA,8.02610365794619e-10,NA,NA,NA,2.41610106486573e-06,NA,4,-160.784649818692,332.069299637383,8.7533810065645,0.00275830234265886
"25",0.0012690246215831,NA,NA,NA,-2.60959665326044e-06,2.46421331485123e-06,NA,NA,NA,4,-160.810104860944,332.120209721887,8.80429109106859,0.00268897573915358
"13",0.00130114597346274,NA,NA,7.35987834375059e-10,-1.60567398726084e-06,NA,NA,NA,NA,4,-160.832446463858,332.164892927715,8.84897429689647,0.00262956583832099
"21",0.00129472891595428,NA,NA,6.02770377207301e-10,NA,1.49196068877803e-06,NA,NA,NA,4,-160.855503117355,332.211006234711,8.89508760389219,0.00256963045972533
"73",0.00127136118051722,NA,NA,NA,-2.04625467766091e-06,NA,NA,2.63145820608666e-06,NA,4,-160.863551522086,332.227103044173,8.91118441335379,0.00254903203718913
"6",0.00129733163893017,1.58645678870033e-06,NA,6.97628034973471e-10,NA,NA,NA,NA,NA,4,-160.902576722332,332.305153444664,8.9892348138452,0.00245147159093861
"81",0.00127059627367641,NA,NA,NA,NA,1.6538220133204e-06,NA,1.73440716068877e-06,NA,4,-160.912517733866,332.325035467732,9.00911683691305,0.00242722221494202
"37",0.00129988787015416,NA,NA,6.86535245881575e-10,NA,NA,7.4810646825613e-09,NA,NA,4,-160.933013355043,332.366026710085,9.05010807926658,0.00237798112499105
"97",0.00127697784301817,NA,NA,NA,NA,NA,-9.1807177845286e-08,2.48939335048549e-06,NA,4,-160.979016750082,332.458033500164,9.14211486934522,0.0022710640492991
"66",0.00127074196572807,1.12227766773708e-06,NA,NA,NA,NA,NA,1.9089353462385e-06,NA,4,-160.983650397414,332.467300794829,9.15138216400982,0.00226056508246541
"18",0.00127266356440904,-6.81138572816611e-07,NA,NA,NA,2.04145778859663e-06,NA,NA,NA,4,-160.991073065959,332.482146131919,9.16622750109985,0.00224384777739574
"49",0.00127255177428147,NA,NA,NA,NA,1.81965954970872e-06,-2.05425042264361e-08,NA,NA,4,-160.993603559297,332.487207118594,9.1712884877752,0.00223817691361186
"10",0.00127102384930823,1.25912188071079e-06,NA,NA,-1.376224319466e-06,NA,NA,NA,NA,4,-161.010274357879,332.520548715757,9.20463008493869,0.00220117400805698
"41",0.00127180603434443,NA,NA,NA,-1.40532356389738e-06,NA,3.92014244538932e-08,NA,NA,4,-161.024946916153,332.549893832306,9.23397520148688,0.00216911293829367
"34",0.00127259816458311,1.62680593434152e-06,NA,NA,NA,NA,-3.26609957545995e-08,NA,NA,4,-161.078183423184,332.656366846368,9.3404482155488,0.00205665688415641
"167",0.00162247051611985,NA,5.25600087059279e-06,4.86791562995233e-10,NA,NA,-2.55909394673185e-07,NA,-1.52567690981494e-06,6,-157.613435068211,333.226870136423,9.9109515056042,0.00154624613901493
"136",0.00161751093041458,-3.79064138699661e-06,5.05699255119185e-06,4.16336750850746e-10,NA,NA,NA,NA,-1.51981048602779e-06,6,-157.676609411299,333.353218822598,10.0373001917794,0.00145158462513755
"199",0.00163962439459459,NA,3.88398211214592e-06,4.02452509200712e-10,NA,NA,NA,-1.56406591734231e-06,-1.55744198069194e-06,6,-157.718727735293,333.437455470586,10.1215368397668,0.00139171594785617
"164",0.00160017071237203,-2.34729707758239e-06,5.43035100287195e-06,NA,NA,NA,-1.50443160813819e-07,NA,-1.52148955903301e-06,6,-157.726511427082,333.453022854165,10.1371042233461,0.00138092530983957
"148",0.0015929590518202,-5.00875503001301e-06,5.42476221770052e-06,NA,NA,1.33887179357421e-06,NA,NA,-1.50754218411453e-06,6,-157.740568237511,333.481136475022,10.165217844203,0.00136164969874304
"196",0.00161349878481173,-3.2238082603165e-06,5.01129577478861e-06,NA,NA,NA,NA,-1.10416818467832e-06,-1.56217173577694e-06,6,-157.743952718572,333.487905437145,10.1719868063259,0.00135704901098722
"171",0.00160363286263784,NA,4.96970544126507e-06,NA,2.87301981031829e-07,NA,-2.10013047016049e-07,NA,-1.51310860034489e-06,6,-157.755940247051,333.511880494103,10.1959618632839,0.00134087846341339
"227",0.00160348113693102,NA,4.86323913730428e-06,NA,NA,NA,-1.81639477430398e-07,-3.3072604309832e-07,-1.51063395998608e-06,6,-157.757484921315,333.514969842629,10.1990512118103,0.00133880884181798
"179",0.00159758288288135,NA,4.96544402673733e-06,NA,NA,1.98976418772801e-07,-2.02673783847683e-07,NA,-1.49317142696839e-06,6,-157.758193195637,333.516386391274,10.2004677604552,0.00133786093362183
"143",0.001604589443113,NA,3.90121513576504e-06,4.83128361386385e-10,-8.13360809454975e-07,NA,NA,NA,-1.42117574762943e-06,6,-157.758207726806,333.516415453611,10.2004968227926,0.00133784149308014
"181",0.00174121019229273,NA,NA,5.43070064667899e-10,NA,-4.25761865737904e-07,-1.77877537977277e-07,NA,-1.64788544994498e-06,6,-157.759110377258,333.518220754516,10.2023021236975,0.00133663443470899
"166",0.00174064246744942,-9.08264472714048e-07,NA,5.04968141248104e-10,NA,NA,-1.5431958909414e-07,NA,-1.65067171844463e-06,6,-157.759365787866,333.518731575731,10.2028129449125,0.00133629308768965
"173",0.00173254090009124,NA,NA,5.40788321459238e-10,-3.96379083071356e-07,NA,-1.72076855391962e-07,NA,-1.61999392302055e-06,6,-157.75945460551,333.51890921102,10.2029905802009,0.00133617440655623
"229",0.00174173604059463,NA,NA,4.97303467460959e-10,NA,NA,-1.50376664972148e-07,-5.3402344637953e-07,-1.66228555574022e-06,6,-157.760144352258,333.520288704517,10.2043700736978,0.00133525310237374
"151",0.00161956863033244,NA,3.80824394580833e-06,4.73345318988474e-10,NA,-6.831585368673e-07,NA,NA,-1.46729693067725e-06,6,-157.765963574356,333.531927148711,10.2160085178924,0.00132750553229366
"198",0.00174642138835338,-1.90884234873957e-06,NA,4.43468417944523e-10,NA,NA,NA,-1.2378658963031e-06,-1.69713597553821e-06,6,-157.775327555134,333.550655110269,10.2347364794501,0.00131513281535469
"140",0.00159669216176761,-3.64229740628828e-06,5.02645673880413e-06,NA,-1.43555293465952e-07,NA,NA,NA,-1.49981963124392e-06,6,-157.775638873833,333.551277747667,10.2353591168483,0.00131472345364177
"142",0.00172293956601625,-2.47669136052055e-06,NA,5.10964812097954e-10,-7.02404711784544e-07,NA,NA,NA,-1.59956968415981e-06,6,-157.793838130636,333.587676261273,10.2717576304541,0.00129101287576586
"213",0.00173609407460245,NA,NA,4.67892642145145e-10,NA,-3.95245082181665e-07,NA,-1.40497915296814e-06,-1.6670182703068e-06,6,-157.801751762401,333.603503524801,10.2875848939826,0.00128083659404519
"205",0.00172871907367102,NA,NA,4.60090508447616e-10,-2.72420851747655e-07,NA,NA,-1.34621200688606e-06,-1.64346129272524e-06,6,-157.804092167803,333.608184335606,10.2922657047878,0.00127784242231523
"150",0.00172529202904857,-2.48956953717721e-06,NA,4.41569686257503e-10,NA,1.93821912050405e-07,NA,NA,-1.61773961720976e-06,6,-157.810008289531,333.620016579063,10.3040979482442,0.00127030486952007
"203",0.00162600723492035,NA,3.87521406879691e-06,NA,3.42545133188506e-07,NA,NA,-1.58311615201147e-06,-1.56167890048374e-06,6,-157.816190757142,333.632381514285,10.3164628834663,0.00126247547822569
"211",0.0016180554444172,NA,3.88579444559969e-06,NA,NA,1.29316476186281e-07,NA,-1.43621740567412e-06,-1.5343138197567e-06,6,-157.820104412263,333.640208824525,10.3242901937066,0.00125754424048237
"157",0.00170406229752277,NA,NA,5.14431756388804e-10,-5.06588781864861e-07,-3.01599453732955e-07,NA,NA,-1.54526095675545e-06,6,-157.840882710016,333.681765420032,10.3658467892134,0.0012316842059534
"210",0.00172572514106395,-2.67028360587925e-06,NA,NA,NA,9.1579773991562e-07,NA,-1.13089086516626e-06,-1.68161560513133e-06,6,-157.861819820435,333.72363964087,10.4077210100514,0.00120616438561788
"155",0.00159577054412607,NA,3.73092843559833e-06,NA,-1.1580453758919e-07,-4.58524302224695e-09,NA,NA,-1.44404019782904e-06,6,-157.873025842404,333.746051684807,10.4301330539887,0.00119272353092392
"226",0.00172309870410162,-1.36330810529877e-06,NA,NA,NA,NA,-6.04157537781334e-08,-7.6364352633421e-07,-1.66688934680253e-06,6,-157.874826163474,333.749652326947,10.4337336961286,0.00119057817736261
"178",0.00171432180784108,-2.00511019479685e-06,NA,NA,NA,6.67617777149436e-07,-8.89096623572469e-08,NA,-1.62978991455234e-06,6,-157.874929499189,333.749858998378,10.4339403675592,0.00119045515447148
"202",0.00172721480726952,-1.73371696617719e-06,NA,NA,2.10757155053995e-07,NA,NA,-1.18859250577627e-06,-1.68852182975941e-06,6,-157.879056308369,333.758112616738,10.4421939859189,0.001185552496337
"154",0.00170271551523725,-3.65582238489148e-06,NA,NA,-6.57765625010761e-07,1.3505517596948e-06,NA,NA,-1.59428294051057e-06,6,-157.88163682032,333.76327364064,10.4473550098213,0.00118249710788016
"233",0.00172256284477897,NA,NA,NA,3.73543466686789e-07,NA,-1.01025306921766e-07,-8.21473937536099e-07,-1.66746662962476e-06,6,-157.881811324601,333.763622649202,10.4477040183833,0.0011822907750761
"170",0.00171611497987419,-1.16071895790603e-06,NA,NA,1.2871155753926e-07,NA,-1.08296262040912e-07,NA,-1.6355099081309e-06,6,-157.883938283313,333.767876566627,10.4519579358078,0.00117977876383073
"241",0.00171429925267022,NA,NA,NA,NA,2.10502737691296e-07,-1.0014126898599e-07,-7.00299393854678e-07,-1.63890566780277e-06,6,-157.885719894543,333.771439789086,10.4555211582676,0.00117767872801546
"185",0.00171100511922257,NA,NA,NA,2.20597392592085e-07,5.4252879030427e-08,-1.39204980547178e-07,NA,-1.62007629096436e-06,6,-157.892401845409,333.784803690817,10.4688850599984,0.00116983576893458
"217",0.00171780345464199,NA,NA,NA,3.53378620483413e-07,1.91985184365598e-08,NA,-1.44861127730928e-06,-1.66583274027873e-06,6,-157.904630570267,333.809261140535,10.4933425097162,0.00115561728334788
"15",0.00110756373317883,NA,1.13222472947829e-05,6.06315339288304e-10,-3.16429416074817e-06,NA,NA,NA,NA,5,-160.073056920384,334.146113840769,10.8301952099501,0.000976489086906576
"27",0.00110007704955174,NA,1.02357155366822e-05,NA,-3.33392752628639e-06,1.67363955003051e-06,NA,NA,NA,5,-160.182764824552,334.365529649104,11.0496110182857,0.00087502781144721
"43",0.0010864742999645,NA,1.16274347234139e-05,NA,-2.40400855471223e-06,NA,-1.33863122065293e-07,NA,NA,5,-160.22937789837,334.45875579674,11.1428371659217,0.000835176096431348
"75",0.00109774443486517,NA,1.04931678438191e-05,NA,-2.93206509480858e-06,NA,NA,1.31843993472537e-06,NA,5,-160.238782402932,334.477564805865,11.1616461750461,0.000827358496965817
"12",0.00108596129054376,-1.32948175033714e-06,1.14436828415014e-05,NA,-2.52024505610278e-06,NA,NA,NA,NA,5,-160.255293347561,334.510586695122,11.1946680643031,0.000813810182156219
"39",0.00113760550784597,NA,9.91404766029429e-06,5.2077813483293e-10,NA,NA,-1.71149789849648e-07,NA,NA,5,-160.328670765694,334.657341531388,11.3414229005692,0.000756233150844517
"71",0.00115563458237316,NA,8.41617603248735e-06,5.71281779478645e-10,NA,NA,NA,9.46400475358146e-07,NA,5,-160.379167203686,334.758334407372,11.4424157765533,0.000718994200216192
"8",0.00114022490633347,-9.50213688000528e-07,9.35149174613023e-06,5.02756394518428e-10,NA,NA,NA,NA,NA,5,-160.388523705855,334.777047411709,11.4611287808904,0.000712298303358217
"23",0.0011473547504356,NA,8.74759662353852e-06,4.961660706845e-10,NA,4.09058378252998e-07,NA,NA,NA,5,-160.392441285908,334.784882571815,11.4689639409966,0.000709513276577723
"51",0.00111792849708004,NA,9.8330012617188e-06,NA,NA,1.11165216239784e-06,-1.77238096624705e-07,NA,NA,5,-160.42678461026,334.853569220519,11.5376505897008,0.000685559905483006
"99",0.00112382175844158,NA,9.60433011383886e-06,NA,NA,NA,-2.05202156332779e-07,1.34571330184548e-06,NA,5,-160.432284200156,334.864568400312,11.5486497694937,0.000681799955721024
"20",0.00111793212226689,-2.9959210968173e-06,9.64118865766662e-06,NA,NA,1.8321174520771e-06,NA,NA,NA,5,-160.441748981196,334.883497962392,11.5675793315737,0.000675377310836905
"36",0.00111405419508621,-1.73255161284238e-07,1.01135192401424e-05,NA,NA,NA,-1.48501231753604e-07,NA,NA,5,-160.463082259376,334.926164518752,11.6102458879329,0.000661121896788237
"83",0.00112977153225265,NA,8.63751782077348e-06,NA,NA,7.29172930464792e-07,NA,3.8864092584807e-07,NA,5,-160.503073410405,335.006146820811,11.690228189992,0.000635204557307985
"68",0.00111922790385918,-1.23274095394216e-06,9.49958296778306e-06,NA,NA,NA,NA,3.66379574309435e-07,NA,5,-160.50322654371,335.00645308742,11.6905344566011,0.000635107293782401
"77",0.00130474982815245,NA,NA,9.09610352743912e-10,-2.51646931275627e-06,NA,NA,3.27993467316449e-06,NA,5,-160.593554550689,335.187109101377,11.8711904705586,0.000580254003200672
"29",0.00129369405689168,NA,NA,6.60269842366235e-10,-3.03154078088479e-06,2.37583129042177e-06,NA,NA,NA,5,-160.625890773679,335.251781547359,11.9358629165401,0.000561790902602567
"89",0.00126643324970883,NA,NA,NA,-3.49887237812394e-06,2.57485110787524e-06,NA,2.61225768491756e-06,NA,5,-160.643756011668,335.287512023337,11.9715933925181,0.000551843495398125
"101",0.00131219942138495,NA,NA,8.71753438584143e-10,NA,NA,-1.58601654546039e-07,3.35381606475796e-06,NA,5,-160.734034195205,335.468068390409,12.1521497595904,0.000504206698320035
"85",0.00129772660779719,NA,NA,7.15198275630543e-10,NA,1.26788005359169e-06,NA,2.17882959756642e-06,NA,5,-160.734782291787,335.469564583575,12.1536459527562,0.000503829644066018
"26",0.00127328519041568,-3.10058612217008e-06,NA,NA,-3.17694141639928e-06,3.66180899692345e-06,NA,NA,NA,5,-160.745364723411,335.490729446823,12.1748108160042,0.000498526013456786
"70",0.00130019066674331,1.36432582599965e-06,NA,8.06816255381286e-10,NA,NA,NA,2.35434202082686e-06,NA,5,-160.764333866645,335.528667733289,12.2127491024704,0.000489158529562827
"14",0.00129827672912524,1.59499902046525e-06,NA,7.49817919303186e-10,-1.68532658753809e-06,NA,NA,NA,NA,5,-160.802945381896,335.605890763792,12.2899721329733,0.000470631360288361
"57",0.00126910206702036,NA,NA,NA,-2.60633941238665e-06,2.46585919988776e-06,-1.66620194913255e-09,NA,NA,5,-160.810094321889,335.620188643779,12.3042700129599,0.000467278842686466
"45",0.00129989233171186,NA,NA,7.33011299342832e-10,-1.63742500529101e-06,NA,2.39525145554271e-08,NA,NA,5,-160.830779887546,335.661559775091,12.3456411442727,0.000457712202312139
"105",0.00127556699705217,NA,NA,NA,-2.0354244364031e-06,NA,-9.83623556017947e-08,3.20210262515278e-06,NA,5,-160.841536316243,335.683072632486,12.3671540016677,0.000452815237784012
"74",0.00126907540676677,1.0851790377423e-06,NA,NA,-2.09878288379542e-06,NA,NA,2.60591086873126e-06,NA,5,-160.850210424981,335.700420849962,12.3845022191432,0.000448904454971676
"53",0.00129624755484813,NA,NA,6.04505736655775e-10,NA,1.56955129849731e-06,-3.36213402869834e-08,NA,NA,5,-160.851995480213,335.703990960426,12.3880723296069,0.000448103850499924
"22",0.00129471486851407,3.24487104658004e-08,NA,6.0368357830641e-10,NA,1.47956749136343e-06,NA,NA,NA,5,-160.855494828479,335.710989656957,12.3950710261383,0.000446538519484342
"113",0.0012754434515112,NA,NA,NA,NA,1.83517615772998e-06,-1.19381973446798e-07,2.37450697351294e-06,NA,5,-160.875908218027,335.751816436054,12.4358978052348,0.000437515562629268
"38",0.00129998292255193,2.25513367191445e-06,NA,7.1353512080622e-10,NA,NA,-7.36810630164571e-08,NA,NA,5,-160.891394141965,335.782788283929,12.4668696531107,0.000430792421290402
"82",0.00127173525674099,-7.7341933718054e-07,NA,NA,NA,1.95813018975544e-06,NA,1.73239434503903e-06,NA,5,-160.907717632196,335.815435264392,12.4995166335735,0.000423817468076066
"98",0.0012757753033429,2.58765469070102e-06,NA,NA,NA,NA,-1.88061143613852e-07,2.89764891380962e-06,NA,5,-160.923197558041,335.846395116082,12.5304764852635,0.000417307323377635
"50",0.00127275661314593,-6.44639000752417e-07,NA,NA,NA,2.03480476886194e-06,-3.38965903781956e-09,NA,NA,5,-160.99104434987,335.98208869974,12.6661700689212,0.000389933473984264
"42",0.00127113208273795,1.29094228459284e-06,NA,NA,-1.37117432849185e-06,NA,-3.66598423879898e-09,NA,NA,5,-161.010243359337,336.020486718673,12.7045680878545,0.000382518544934127
"168",0.00162327802604457,-2.09213663353866e-06,5.69579878010755e-06,4.72360101104565e-10,NA,NA,-2.11176233574906e-07,NA,-1.54963665707946e-06,7,-157.58814312931,337.791670874005,14.4757522431862,0.000157777380912615
"183",0.00162748787753696,NA,5.29278476943088e-06,5.27189270992695e-10,NA,-5.42269678966138e-07,-2.56664269461869e-07,NA,-1.53779476354179e-06,7,-157.604958392137,337.82530139966,14.5093827688409,0.000155146494299934
"175",0.00161673334736339,NA,5.28386137980412e-06,5.18975003328774e-10,-4.40107451415484e-07,NA,-2.47382125609294e-07,NA,-1.50373601275879e-06,7,-157.606795107309,337.828974830003,14.5130561991847,0.000154861795914942
"231",0.00162454131525326,NA,5.21902925062963e-06,4.82718133379697e-10,NA,NA,-2.46992029573168e-07,-1.54698731744498e-07,-1.53289875104727e-06,7,-157.613047918609,337.841480452603,14.5255618217844,0.000153896495393618
"200",0.00163556920906245,-3.38187999243223e-06,5.08938313641707e-06,4.03830798761888e-10,NA,NA,NA,-1.27110675556012e-06,-1.5914065639655e-06,7,-157.636497713596,337.888380042576,14.5724614117573,0.00015032963860532
"144",0.00160928419258231,-3.89767596330449e-06,5.1837717507586e-06,4.81984108920517e-10,-8.2607698771351e-07,NA,NA,NA,-1.48844678072588e-06,7,-157.651818095344,337.919020806072,14.603102175253,0.000148044083645274
"152",0.00161410707103839,-4.32845703194254e-06,5.17199054267057e-06,3.74561366733043e-10,NA,5.36893916295663e-07,NA,NA,-1.51904247184704e-06,7,-157.671284421834,337.957953459053,14.6420348282347,0.000145190077806396
"79",0.00112108325364916,NA,1.06544410691366e-05,7.20246363950627e-10,-3.74416230829409e-06,NA,NA,2.05879306814964e-06,NA,6,-159.992504115814,337.985008231627,14.6690896008084,0.00014323926002006
"31",0.00111698878078429,NA,1.04907383373456e-05,5.65054658277588e-10,-3.93026605807063e-06,1.49165759525167e-06,NA,NA,NA,6,-159.998657735487,337.997315470974,14.6813968401555,0.000142360526560248
"28",0.00109349329250595,-4.98760995518756e-06,1.1060850164717e-05,NA,-3.89875653312365e-06,3.57284452870584e-06,NA,NA,NA,6,-160.004281411698,338.008562823396,14.6926441925768,0.00014156218396783
"180",0.00159356112210794,-3.71564470886074e-06,5.83122726184475e-06,NA,NA,1.14965075435552e-06,-1.3500356329963e-07,NA,-1.52043609820344e-06,7,-157.699705739509,338.014796094402,14.6988774635834,0.000141121673051904
"212",0.00160803786387719,-4.70542925077665e-06,5.50917590364524e-06,NA,NA,1.44071831683585e-06,NA,-1.21312813568649e-06,-1.56932910883448e-06,7,-157.7013883868,338.018161388984,14.7022427581653,0.000140884414718075
"47",0.00110218702329061,NA,1.2110526394681e-05,6.09493138293008e-10,-2.97710611593437e-06,NA,-1.59262754688086e-07,NA,NA,6,-160.015360598613,338.030721197225,14.7148025664064,0.000140002446338527
"215",0.001642153106644,NA,3.97336770323488e-06,4.44364965628316e-10,NA,-5.43622003001149e-07,NA,-1.51371113895655e-06,-1.56351851123717e-06,7,-157.710511953358,338.0364085221,14.7204898912815,0.000139604892163544
"207",0.0016328987094709,NA,3.93648688931024e-06,4.33320101494419e-10,-3.65973918332131e-07,NA,NA,-1.41539414970296e-06,-1.53223638002925e-06,7,-157.714722533221,338.044829681826,14.7289110510077,0.000139018310407101
"156",0.00157984882297601,-5.83262665157906e-06,5.62127931551504e-06,NA,-9.03944127486528e-07,2.0269582487055e-06,NA,NA,-1.47004600438618e-06,7,-157.715204331748,338.045793278881,14.7298746480625,0.000138951347722421
"228",0.00160599094171356,-2.41379303905975e-06,5.33282252850974e-06,NA,NA,NA,-1.20974398419623e-07,-4.54586819083186e-07,-1.54076707656345e-06,7,-157.722957677203,338.061299969791,14.7453813389724,0.000137878175635145
"172",0.001602370653177,-2.28341305280853e-06,5.44538721383888e-06,NA,1.53422990325941e-07,NA,-1.56899322936297e-07,NA,-1.52974062972292e-06,7,-157.725483959288,338.066352533961,14.7504339031424,0.000137530296076087
"204",0.00161736270804481,-3.17212113075996e-06,5.01597984945548e-06,NA,1.95593795617883e-07,NA,NA,-1.20631832018468e-06,-1.57671770416328e-06,7,-157.742351311527,338.100087238438,14.7841686076195,0.000135229978797483
"174",0.00173751564172778,-1.14894456731364e-06,NA,5.39538739475263e-10,-4.89255322547126e-07,NA,-1.42365148835334e-07,NA,-1.63530301151792e-06,7,-157.751393156383,338.11817092815,14.8022522973315,0.000134012761546868
"235",0.00161229410787638,NA,4.86234987102409e-06,NA,3.87878857770612e-07,NA,-1.83563856429406e-07,-5.21423177609914e-07,-1.54206205117101e-06,7,-157.751683939342,338.118752494069,14.8028338632503,0.000133973798584624
"230",0.00174728348338973,-1.00832180991214e-06,NA,4.8787213754098e-10,NA,NA,-1.20287220696231e-07,-6.04258871412917e-07,-1.68168792831904e-06,7,-157.75361622019,338.122617055766,14.8066984249469,0.000133715173528038
"159",0.00160882104082589,NA,3.94633620111286e-06,5.01702987791078e-10,-6.5861468467909e-07,-4.05238428092537e-07,NA,NA,-1.43454759299775e-06,7,-157.754245063402,338.123874742189,14.8079561113705,0.000133631114081729
"245",0.00174567844633429,NA,NA,5.27356762704595e-10,NA,-3.88653513868071e-07,-1.53138351824273e-07,-4.79088390810783e-07,-1.67023005456091e-06,7,-157.755537750312,338.126460116008,14.8105414851895,0.000133458482493187
"187",0.00160270688531552,NA,4.97525601773179e-06,NA,2.6234371741757e-07,7.46855775775104e-08,-2.09932183257363e-07,NA,-1.51048259323343e-06,7,-157.755801327708,338.1269872708,14.8110686399812,0.000133423310489393
"243",0.00160246116994419,NA,4.87940694325982e-06,NA,NA,2.34882398784252e-07,-1.81993405876311e-07,-3.70046747748678e-07,-1.50903508047536e-06,7,-157.755842038753,338.127068692891,14.8111500620723,0.000133417878797487
"189",0.00173736056149477,NA,NA,5.55596338684329e-10,-2.82069062195934e-07,-3.14976488400959e-07,-1.74087739503724e-07,NA,-1.63356834858407e-06,7,-157.756754214444,338.128893044273,14.8129744134545,0.00013329623374096
"237",0.00173753908909184,NA,NA,5.242070396922e-10,-3.18908146580365e-07,NA,-1.52286680797494e-07,-4.11763354393542e-07,-1.64337303656469e-06,7,-157.756934480578,338.12925357654,14.813334945721,0.000133272207109983
"16",0.00110406858696151,-8.72387363701216e-07,1.16146690316295e-05,5.92595950816784e-10,-3.09242576673399e-06,NA,NA,NA,NA,6,-160.065408060297,338.130816120593,14.8148974897743,0.000133168125925792
"182",0.00174219885523208,-5.5636054366196e-07,NA,5.28105287036278e-10,NA,-2.78065839653199e-07,-1.63509395932902e-07,NA,-1.65275663441734e-06,7,-157.757804968011,338.130994551407,14.8150759205879,0.000133156245807217
"206",0.00174202092506371,-2.08176098403002e-06,NA,4.80309607185134e-10,-4.35396993401108e-07,NA,NA,-1.0786929176978e-06,-1.67538396988908e-06,7,-157.769102219033,338.153589053452,14.8376704226328,0.000131660411589593
"214",0.00174591737769252,-2.09867823916493e-06,NA,4.28504787307235e-10,NA,2.00962281655098e-07,NA,-1.23666210756204e-06,-1.69705863031892e-06,7,-157.774470078641,338.164324772667,14.848406141848,0.000130955570420958
"158",0.00171939161753075,-3.481665115644e-06,NA,4.7485085431196e-10,-1.09903132559987e-06,9.08261250707599e-07,NA,NA,-1.58968594128581e-06,7,-157.780693039759,338.176770694902,14.860852064083,0.000130143169389821
"221",0.00173356904675599,NA,NA,4.75763706251234e-10,-1.4828965833666e-07,-3.37434428747465e-07,NA,-1.35876866176462e-06,-1.65719259145624e-06,7,-157.801151267317,338.217687150018,14.9017685191992,0.000127507721035592
"59",0.00109180043011505,NA,1.11715187784042e-05,NA,-3.11679096168322e-06,1.87259653458552e-06,-1.58497093375197e-07,NA,NA,6,-160.112950428421,338.225900856842,14.909982226023,0.000126985139334129
"219",0.00162639025467738,NA,3.87668048420228e-06,NA,3.56553053967135e-07,-3.88906305877006e-08,NA,-1.58400769826001e-06,-1.56294776109736e-06,7,-157.816154133684,338.247692882752,14.9317742519332,0.000125609018341676
"107",0.00109494055916412,NA,1.12642606387566e-05,NA,-2.92037776105534e-06,NA,-2.30565217328424e-07,2.46915898194181e-06,NA,6,-160.134823910769,338.269647821538,14.9537291907189,0.000124237689816763
"91",0.00110867652471631,NA,9.63206038747245e-06,NA,-3.77745199613792e-06,1.75840875830961e-06,NA,1.40457110321871e-06,NA,6,-160.141575358835,338.28315071767,14.9672320868512,0.000123401730648955
"218",0.00172144239622591,-3.01495107223323e-06,NA,NA,-3.02689066957591e-07,1.13808631148002e-06,NA,-1.00926533073255e-06,-1.66509163312352e-06,7,-157.859523197884,338.334431011152,15.018512380333,0.000120277910901239
"242",0.00172518205817888,-2.35222555986541e-06,NA,NA,NA,8.36242284367198e-07,-3.24366450317268e-08,-9.5059620153975e-07,-1.67636484603472e-06,7,-157.860160898585,338.335706412555,15.0197877817367,0.000120201234044082
"234",0.00172728605434504,-1.22211876190613e-06,NA,NA,2.57369426695968e-07,NA,-6.4629138792994e-08,-8.58256507254735e-07,-1.68220628252404e-06,7,-157.87232006382,338.360024743025,15.0441061122066,0.00011874853706701
"186",0.00171035112035774,-2.54294400848709e-06,NA,NA,-3.41323436272397e-07,9.55272485353924e-07,-7.07118355680997e-08,NA,-1.61627734619105e-06,7,-157.872394366986,338.360173349356,15.0442547185372,0.000118739714002623
"249",0.00172188176111637,NA,NA,NA,3.52886398460529e-07,6.16675502292735e-08,-1.01038233557031e-07,-8.2161126738675e-07,-1.66531220758362e-06,7,-157.881711928794,338.378808472972,15.0628898421537,0.000117638487717384
"76",0.00109281340697056,-1.21878273311278e-06,1.09498568875903e-05,NA,-2.84944918042334e-06,NA,NA,1.2605690685397e-06,NA,6,-160.223124500813,338.446249001626,15.1303303708073,0.000113737822152824
"44",0.00108504857717356,-5.31255060826364e-07,1.17390409947066e-05,NA,-2.40217057534143e-06,NA,-1.19179673323659e-07,NA,NA,6,-160.227044913904,338.454089827807,15.1381711969885,0.000113292795819481
"103",0.00115788334866782,NA,9.15161823700554e-06,6.51208639349718e-10,NA,NA,-2.64011421235351e-07,2.2347593202092e-06,NA,6,-160.252180318635,338.50436063727,15.1884420064516,0.000110480626111779
"55",0.00113939565917659,NA,9.68596310329675e-06,4.81071075898252e-10,NA,7.69588784285276e-07,-1.8645595150066e-07,NA,NA,6,-160.311285538168,338.622571076337,15.306652445518,0.000104139875970655
"40",0.00113910953494847,4.13657929611589e-07,9.81964603277847e-06,5.26838342363142e-10,NA,NA,-1.83462094978988e-07,NA,NA,6,-160.327408196994,338.654816393987,15.3388977631684,0.000102474326898436
"24",0.00113940221514739,-2.13111431365932e-06,9.25982064857346e-06,4.241116499405e-10,NA,1.17627283792928e-06,NA,NA,NA,6,-160.36277164777,338.72554329554,15.409624664721,9.89138082462119e-05
"72",0.00115067256592106,-8.52407726047586e-07,8.79030686278441e-06,5.55918843329643e-10,NA,NA,NA,8.98884066180096e-07,NA,6,-160.372112974283,338.744225948566,15.428307317747,9.79941242884626e-05
"87",0.00115740763631012,NA,8.22856107427836e-06,5.50922894934759e-10,NA,3.74984426901291e-07,NA,9.18836391922412e-07,NA,6,-160.375085384581,338.750170769162,15.4342521383435,9.77032780156268e-05
"93",0.00129653603522623,NA,NA,8.20539848458681e-10,-4.18727216568981e-06,2.47613014429055e-06,NA,3.22054391161279e-06,NA,6,-160.391238786378,338.782477572756,15.4665589419373,9.61377163244859e-05
"115",0.00112732709454337,NA,9.34335395206398e-06,NA,NA,1.15855377512497e-06,-2.27182886639361e-07,1.36861989547245e-06,NA,6,-160.39383484743,338.787669694861,15.4717510640421,9.58884606249621e-05
"52",0.00111397229920294,-1.97712829142137e-06,1.01391122990844e-05,NA,NA,1.73056689199871e-06,-1.33754907113478e-07,NA,NA,6,-160.404393797088,338.808787594177,15.492868963358,9.48813058023875e-05
"100",0.00112551011694171,3.99040105876648e-07,9.48804998462059e-06,NA,NA,NA,-2.19075183345556e-07,1.42161674027505e-06,NA,6,-160.431113778308,338.862227556617,15.5463089257983,9.23796500287197e-05
"84",0.00111997353128167,-2.95976591367123e-06,9.50565583432422e-06,NA,NA,1.81785956648858e-06,NA,2.12048913636956e-07,NA,6,-160.440743874,338.881487748,15.5655691171808,9.14942950279208e-05
"109",0.00131510893239234,NA,NA,9.85964628889191e-10,-2.52038483658464e-06,NA,-1.76233705294988e-07,4.34104020585897e-06,NA,6,-160.533735123123,339.067470246246,15.7515516154269,8.33697364987314e-05
"78",0.00130198655906302,1.52252510020047e-06,NA,9.2301215907888e-10,-2.65725691483852e-06,NA,NA,3.27116919715884e-06,NA,6,-160.569673988522,339.139347977043,15.8234293462247,8.04267237891324e-05
"90",0.00127108136926786,-3.36353778733873e-06,NA,NA,-4.06861417003377e-06,3.86753062242825e-06,NA,2.6275359773319e-06,NA,6,-160.569983107561,339.139966215121,15.8240475843024,8.04018661997533e-05
"30",0.00129547356325212,-2.63899537727953e-06,NA,6.10337206685792e-10,-3.51648244526136e-06,3.37729586669276e-06,NA,NA,NA,6,-160.583256336744,339.166512673487,15.8505940426684,7.93417251152037e-05
"121",0.00127137070918749,NA,NA,NA,-3.42772724817587e-06,2.6271880675735e-06,-1.16252527653728e-07,3.26565184905636e-06,NA,6,-160.605864319032,339.211728638065,15.8958100072462,7.75680934599224e-05
"61",0.00129475981630004,NA,NA,6.6290097475917e-10,-2.99962069050585e-06,2.39806862747481e-06,-2.09721997871351e-08,NA,NA,6,-160.624423450924,339.248846901848,15.9329282710296,7.61417735525154e-05
"102",0.00131313433769805,3.67686611774869e-06,NA,9.37545970314036e-10,NA,NA,-2.99681497074693e-07,3.97193953751509e-06,NA,6,-160.633384538899,339.266769077798,15.9508504469791,7.54625084438268e-05
"117",0.00130724329980306,NA,NA,7.76651541667736e-10,NA,1.47187640938708e-06,-1.7561911460313e-07,3.14758814113548e-06,NA,6,-160.668260812255,339.336521624509,16.0206029936903,7.28760230257478e-05
"58",0.00127009020183403,-4.69924667181984e-06,NA,NA,-3.71770669518748e-06,4.23325695241633e-06,1.13411460221143e-07,NA,NA,6,-160.711255518827,339.422511037655,16.106592406836,6.98091420477814e-05
"86",0.00129768733612158,9.32685688306641e-08,NA,7.17923273854073e-10,NA,1.23289867134953e-06,NA,2.18109067603737e-06,NA,6,-160.734720204589,339.469440409179,16.15352177836,6.81901611872949e-05
"106",0.00127402852291285,2.42971463061345e-06,NA,NA,-2.10607329610109e-06,NA,-1.81305174127904e-07,3.61155340199826e-06,NA,6,-160.79250432195,339.5850086439,16.2690900130809,6.43615350584862e-05
"46",0.00129986037313484,1.96954479616717e-06,NA,7.58173040876673e-10,-1.63696786398622e-06,NA,-4.32084766586287e-08,NA,NA,6,-160.799087588068,339.598175176136,16.2822565453171,6.39392175848302e-05
"54",0.00129670833875828,5.70495271820485e-07,NA,6.21175960587648e-10,NA,1.38979893945093e-06,-4.95125929290142e-08,NA,NA,6,-160.85020745136,339.700414902721,16.3844962719018,6.07527922152606e-05
"114",0.00127531507227297,6.37302877950734e-07,NA,NA,NA,1.61838505779128e-06,-1.39467663227085e-07,2.4837254913434e-06,NA,6,-160.873725371071,339.747450742142,16.4315321113229,5.9340682946941e-05
"111",0.00111957419302453,NA,1.18129513345421e-05,8.21234839177183e-10,-3.85637704022661e-06,NA,-3.2507675897759e-07,3.80069459767088e-06,NA,7,-159.817560998093,342.250506611571,18.9345879807522,1.69754331342886e-05
"32",0.00111134966209801,-4.15357505219975e-06,1.09482402411644e-05,4.55052134925567e-10,-4.31010485968797e-06,3.00438290521169e-06,NA,NA,NA,7,-159.88508683178,342.385558278944,19.0696396481251,1.58669980117369e-05
"95",0.00113276318562568,NA,9.67247838079323e-06,6.82746074894636e-10,-4.68441108643293e-06,1.62665741521651e-06,NA,2.1481300198365e-06,NA,7,-159.908621579175,342.432627773735,19.1167091429159,1.54979321918537e-05
"63",0.00110913253711818,NA,1.14419165895798e-05,5.59073175193091e-10,-3.7207859924532e-06,1.65866091106565e-06,-1.7670282697218e-07,NA,NA,7,-159.919699417673,342.454783450731,19.1388648199126,1.53271960417587e-05
"92",0.00110172338721212,-4.80581767329978e-06,1.04763530333237e-05,NA,-4.25392605096384e-06,3.58570909413094e-06,NA,1.17939753583463e-06,NA,7,-159.974484523842,342.56435366307,19.2484350322509,1.45100812052233e-05
"80",0.00111846636031896,-5.95072828086616e-07,1.08636044411408e-05,7.07803549236421e-10,-3.67508658688034e-06,NA,NA,2.01463422451381e-06,NA,7,-159.989010597828,342.59340581104,19.2774871802213,1.43008301695546e-05
"60",0.00108973158020377,-4.53517947879381e-06,1.14191761314222e-05,NA,-3.74783955708325e-06,3.44407426636589e-06,-6.04791249305309e-08,NA,NA,7,-159.995759515721,342.606903646827,19.2909850160087,1.42046399958255e-05
"123",0.00110094020911258,NA,1.07266669950598e-05,NA,-3.76685300000897e-06,2.02140764262318e-06,-2.49676171355793e-07,2.61734290553137e-06,NA,7,-160.001506588885,342.618397793154,19.302479162335,1.41232390232337e-05
"48",0.00110286759257825,2.31300060849959e-07,1.20658792730713e-05,6.1295796982443e-10,-2.98590872269585e-06,NA,-1.65654829574873e-07,NA,NA,7,-160.014944903531,342.645274422447,19.3293557916286,1.39347160460292e-05
"108",0.00109619707752428,3.93463522891929e-07,1.11705226808913e-05,NA,-2.94080227362088e-06,NA,-2.43252587410586e-07,2.5477782975803e-06,NA,7,-160.133612833335,342.882610282055,19.5666916512359,1.23754584457343e-05
"119",0.0011592603780728,NA,8.92982662575399e-06,6.08740180543554e-10,NA,7.72688154050407e-07,-2.74535978350337e-07,2.20156864009027e-06,NA,7,-160.235402324511,343.086189264407,19.7702706335888,1.11777574608733e-05
"104",0.00116632914077066,1.56349915101085e-06,8.68338470276059e-06,6.92762229312674e-10,NA,NA,-3.20380980370938e-07,2.57741864389118e-06,NA,7,-160.235954637156,343.087293889697,19.7713752588788,1.11715855486544e-05
"176",0.00161725008691419,-2.28729768749798e-06,5.72623031804984e-06,5.12540668371536e-10,-5.4721074159906e-07,NA,-1.96540021481942e-07,NA,-1.52540735456021e-06,8,-157.577314820232,343.154629640463,19.8387110096447,1.08017231754367e-05
"232",0.00162663125298496,-2.1303576756485e-06,5.64018030307656e-06,4.65156322288621e-10,NA,NA,-1.94060774468594e-07,-2.66636650576902e-07,-1.56180949167034e-06,8,-157.587000433867,343.174000867735,19.8580822369161,1.06976068871679e-05
"184",0.00162311232119362,-2.11648758272652e-06,5.69978125186035e-06,4.70758982379219e-10,NA,1.90621273233811e-08,-2.10651916102971e-07,NA,-1.54950191225487e-06,8,-157.588136483102,343.176272966204,19.8603543353851,1.06854607796471e-05
"191",0.00162240935630855,NA,5.30725537786675e-06,5.40248878526256e-10,-2.99271321433713e-07,-4.23000127152119e-07,-2.50783583647035e-07,NA,-1.52013460964888e-06,8,-157.602190525847,343.204381051695,19.888462420876,1.05363372061513e-05
"247",0.00162831836447935,NA,5.2760712418324e-06,5.24956651571281e-10,NA,-5.36043756282158e-07,-2.52654532021584e-07,-6.77448650133293e-08,-1.54075611051456e-06,8,-157.604886305247,343.209772610494,19.8938539796756,1.0507971815957e-05
"239",0.00161566850918369,NA,5.30140979566476e-06,5.21662212583632e-10,-4.54958018593093e-07,NA,-2.50768033609693e-07,6.32241720265387e-08,-1.50004768590073e-06,8,-157.606737546498,343.213475092996,19.8975564621771,1.04885370198677e-05
"56",0.00113719388774583,-7.26960568329582e-07,9.79012478983771e-06,4.5848035228226e-10,NA,9.923353554873e-07,-1.69483297547381e-07,NA,NA,7,-160.308635595119,343.232655805622,19.9167371748031,1.03884290156449e-05
"125",0.00130747353199993,NA,NA,8.98643124728935e-10,-4.15563142210601e-06,2.53751831882465e-06,-1.89277969189673e-07,4.31281331066964e-06,NA,7,-160.309342025759,343.234068666903,19.9181500360844,1.03810929026125e-05
"160",0.00159817259844658,-5.40427457973327e-06,5.44786881951314e-06,4.17052069258918e-10,-1.33346951544598e-06,1.38326737865673e-06,NA,NA,-1.46976946112947e-06,8,-157.622630706405,343.245261412811,19.9293427819921,1.03231586969767e-05
"208",0.00162778788710735,-3.53113289455733e-06,5.1348572510423e-06,4.49158756053473e-10,-5.20098107810118e-07,NA,NA,-1.04997949412459e-06,-1.55910178181184e-06,8,-157.627326521009,343.254653042018,19.9387344111994,1.02747966959748e-05
"216",0.00163159496179674,-3.97113340599066e-06,5.23008963944774e-06,3.58212955497626e-10,NA,5.83530163634573e-07,NA,-1.28116876002249e-06,-1.59048464149981e-06,8,-157.630145705448,343.260291410895,19.9443727800765,1.02458709416967e-05
"94",0.0012981125101412,-2.67063495401776e-06,NA,7.60821636544257e-10,-4.60623143155776e-06,3.46586088786179e-06,NA,3.16479720238904e-06,NA,7,-160.349401859493,343.31418833437,19.9982697035515,9.97344766122611e-06
"88",0.00114858213063389,-1.93534507510957e-06,8.77548717004768e-06,4.75771753294791e-10,NA,1.07484398853246e-06,NA,7.50131270393536e-07,NA,7,-160.35133976019,343.318064135765,20.0021455049461,9.95413882539494e-06
"244",0.0016024137430738,-3.98177537408775e-06,5.72693834102239e-06,NA,NA,1.28602350400212e-06,-8.67091723663213e-08,-7.389443586669e-07,-1.5525071366449e-06,8,-157.690490680015,343.380981360031,20.0650627292122,9.64586971480362e-06
"116",0.00112285779171676,-1.38503258081923e-06,9.64812937423571e-06,NA,NA,1.59079947002498e-06,-1.88586025721251e-07,1.12007192377839e-06,NA,7,-160.383987437719,343.383359490823,20.0674408600047,9.63440696124156e-06
"188",0.00158510096041771,-4.44130126974845e-06,5.89107684194387e-06,NA,-5.05931698148073e-07,1.57544665326034e-06,-1.08555345901541e-07,NA,-1.49491486810132e-06,8,-157.692819665615,343.38563933123,20.0697207004109,9.62343076328513e-06
"220",0.00159694855372509,-5.29314990898e-06,5.60637198375393e-06,NA,-5.47120567563082e-07,1.85680371818732e-06,NA,-9.76816387634845e-07,-1.53332909041273e-06,8,-157.692972147299,343.385944294597,20.0700256637783,9.621963478229e-06
"223",0.00163805662912256,NA,3.99134373378576e-06,4.55161539979086e-10,-1.99802724585495e-07,-4.65167249176839e-07,NA,-1.43924710030818e-06,-1.54879647446626e-06,8,-157.709444196605,343.418888393211,20.1029697623921,9.46476823952636e-06
"236",0.00161110878927023,-2.31977108210389e-06,5.34028800161324e-06,NA,2.55613413725535e-07,NA,-1.24367519392573e-07,-5.75085088875864e-07,-1.55976263323176e-06,8,-157.72028369526,343.440567390519,20.1246487597007,9.36272892353297e-06
"110",0.00131574698615725,3.76219889995698e-06,NA,1.0662304097937e-09,-2.7955137929956e-06,NA,-3.08232816910584e-07,5.05991984972328e-06,NA,7,-160.428394236074,343.472173087533,20.1562544567141,9.2159340799927e-06
"238",0.00174306350706647,-1.19330204309789e-06,NA,5.21261780807498e-10,-4.1014693844365e-07,NA,-1.18083923771931e-07,-4.60907495314951e-07,-1.66129880434031e-06,8,-157.748245323341,343.496490646681,20.1805720158624,9.10455803941933e-06
"190",0.00173604194565236,-1.41211626800182e-06,NA,5.31224638666231e-10,-5.73635040405502e-07,1.72039506982038e-07,-1.34631356613162e-07,NA,-1.63143091664172e-06,8,-157.751014912203,343.502029824407,20.1861111935881,9.07937704347147e-06
"251",0.00161139573786437,NA,4.86756447221536e-06,NA,3.6317907236254e-07,7.48551373975472e-08,-1.83621823855298e-07,-5.20966624764616e-07,-1.53949625425865e-06,8,-157.751544306506,343.503088613013,20.1871699821941,9.07457174505101e-06
"246",0.00174779111977692,-7.84283732524209e-07,NA,5.03354900615053e-10,NA,-1.724489799632e-07,-1.28154143629873e-07,-5.64310658610678e-07,-1.68086810576826e-06,8,-157.75304477215,343.506089544299,20.1901709134808,9.06096587204467e-06
"253",0.00174216980196809,NA,NA,5.39112131565765e-10,-2.09279680687096e-07,-3.11776979850237e-07,-1.54032202457291e-07,-4.08880691379179e-07,-1.65630606956972e-06,8,-157.754294562816,343.508589125633,20.1926704948138,9.04964863502983e-06
"222",0.00173714617346178,-2.9013032581243e-06,NA,4.55584183898473e-10,-7.60798891385843e-07,7.04845706690616e-07,NA,-9.59366184932137e-07,-1.65930540690606e-06,8,-157.761475653559,343.522951307117,20.2070326762986,8.98489506589063e-06
"250",0.00172193007548008,-2.7340493533319e-06,NA,NA,-2.41183007664424e-07,1.03929273106614e-06,-2.14210605089199e-08,-9.13835271558078e-07,-1.66489447365165e-06,8,-157.858889190141,343.717778380281,20.4018597494623,8.1509240791923e-06
"122",0.00127182569788361,-3.00708013875029e-06,NA,NA,-3.98810910024008e-06,3.73624584736143e-06,-2.88856637908531e-08,2.7922963363702e-06,NA,7,-160.56843677409,343.752258163565,20.4363395327465,8.01160738420102e-06
"62",0.0012924428142698,-3.5831792435129e-06,NA,5.80443617157594e-10,-3.80389421548723e-06,3.69009519947924e-06,6.86874836336737e-08,NA,NA,7,-160.572375350965,343.760135317315,20.4442166864964,7.98011511070668e-06
"118",0.00131123656923418,2.98338369995497e-06,NA,8.92489007454253e-10,NA,5.10327680413747e-07,-2.78546061616011e-07,3.77729652383879e-06,NA,7,-160.628613413291,343.872611441967,20.5566928111484,7.54371505794811e-06
"127",0.00112725591394943,NA,1.10437087392301e-05,7.72005561623326e-10,-4.82771273675686e-06,1.84030796722544e-06,-3.32337015207958e-07,3.90802857929267e-06,NA,8,-159.70089737592,347.401794751839,24.0858761210205,1.2919117770297e-06
"112",0.00112660465937693,1.96825153425252e-06,1.14229090287506e-05,8.76424061512464e-10,-4.07070777404958e-06,NA,-3.90802304248967e-07,4.27374076926792e-06,NA,8,-159.789769405151,347.579538810303,24.263620179484,1.1820510289641e-06
"96",0.00112694345100561,-3.73921744072883e-06,1.01074314561557e-05,5.66581945936814e-10,-4.9370970462323e-06,2.96910899414478e-06,NA,1.87255553580503e-06,NA,8,-159.81606293024,347.632125860481,24.3162072296622,1.15137578794272e-06
"64",0.0011067000274913,-3.33582366961085e-06,1.14895019894093e-05,4.76017654850943e-10,-4.0982978526279e-06,2.76397693314786e-06,-1.01248951833316e-07,NA,NA,8,-159.863645749572,347.727291499145,24.4113728683262,1.097873081013e-06
"124",0.00109712633852544,-3.58878276024671e-06,1.1034787420088e-05,NA,-4.10833113249439e-06,3.24300037090421e-06,-1.52962376259377e-07,1.99110612462762e-06,NA,8,-159.933643744136,347.867287488271,24.5513688574523,1.02365212864538e-06
"120",0.00116382010993168,9.30789975940429e-07,8.73042034650727e-06,6.49380442052474e-10,NA,4.87518702955581e-07,-3.03983878903692e-07,2.41735712118379e-06,NA,8,-160.231805548682,348.463611097365,25.1476924665461,7.59735407939951e-07
"126",0.00130675542643971,-6.42599719877367e-07,NA,8.77406057608294e-10,-4.2590056398676e-06,2.76145198539489e-06,-1.69221651917127e-07,4.18920230434895e-06,NA,8,-160.307876545474,348.615753090948,25.2998344601298,7.04085099217984e-07
"192",0.00161013627676452,-3.16303752571321e-06,5.83252655891538e-06,4.79629042509973e-10,-7.91344886645814e-07,6.09390840791868e-07,-1.73123497111016e-07,NA,-1.51130989015661e-06,9,-157.572371835438,349.508380034511,26.1924614036927,4.50602581334413e-07
"240",0.00161748114330659,-2.28854918915284e-06,5.72250455804545e-06,5.11918853297232e-10,-5.43991523644961e-07,NA,-1.95650240114326e-07,-1.49362158487336e-08,-1.52623248244955e-06,9,-157.577311583916,349.518259531468,26.2023409006489,4.48382206480666e-07
"248",0.00162617908852763,-2.23255895451879e-06,5.65281552635862e-06,4.58106332366908e-10,NA,7.80407998919718e-08,-1.90772255054761e-07,-2.84692426387205e-07,-1.56208377949545e-06,9,-157.586894631282,349.537425626201,26.2215069953824,4.44105861492229e-07
"255",0.00162130114864944,NA,5.32578063228457e-06,5.4310217150468e-10,-3.14489563792039e-07,-4.23249008876957e-07,-2.54484091612256e-07,6.75337892938292e-08,-1.51627592834523e-06,9,-157.60212551867,349.567887400977,26.2519687701583,4.37392986420181e-07
"224",0.00161428207788298,-4.9271306046004e-06,5.40000462301158e-06,3.96303644655597e-10,-9.98490092171588e-07,1.22053275824095e-06,NA,-8.78386648438222e-07,-1.53006488459375e-06,9,-157.605411046472,349.57445845658,26.2585398257614,4.35958277781256e-07
"252",0.00159457421449694,-4.55136289443002e-06,5.77850484764515e-06,NA,-4.09060990390767e-07,1.62027512256472e-06,-7.12136965260652e-08,-6.40670470187897e-07,-1.52760873188485e-06,9,-157.686088860023,349.735814083682,26.4198954528634,4.02167525558812e-07
"254",0.00174139824045269,-1.53123351363416e-06,NA,5.09958938443022e-10,-5.1393295810905e-07,2.19982889511699e-07,-1.07358182023815e-07,-4.77733189071767e-07,-1.6573498713028e-06,9,-157.747637374423,349.858911112482,26.5429924816632,3.78161070637511e-07
"128",0.00112542403443089,-1.17242772347934e-06,1.10772194443667e-05,7.28983772300759e-10,-4.88880895870938e-06,2.21272377006144e-06,-2.96466603974825e-07,3.6437789686209e-06,NA,9,-159.694825052055,353.753286467747,30.437367836928,5.3954038218013e-08
"256",0.00161100506733392,-3.17582926645778e-06,5.81840765583383e-06,4.76829987972911e-10,-7.80218772474005e-07,6.14753829950136e-07,-1.69353139526169e-07,-6.00218571516328e-08,-1.51450569745158e-06,10,-157.572318972052,357.144637944104,33.8287193132848,9.89922827266629e-09
