,(Intercept),agr_gdp,dev_agri,dev_env,fdi,gdp,gdp_gr,ind_gdp,pop_den,time,df,logLik,AICc,delta,weight
385,-398.1179315,,,,,,,,812.6390521,1.146188494,4,-137.0276073,284.7218813,0,0.184975112
401,84.07979739,,,,,-4.878970207,,,577.2918356,1.162164181,5,-135.6794133,285.6445408,0.922659528,0.116616587
273,966.5329481,,,,,-8.036933945,,,,1.189867732,4,-137.7426523,286.1519712,1.430089881,0.090484299
274,916.2415244,-78.28470019,NA,NA,NA,-9.064334037,NA,NA,NA,1.02937787,5,-136.6893689,287.664452,2.942570729,0.04247586
417,-393.9131126,NA,NA,NA,NA,NA,-9.721724767,NA,808.0940238,1.186719009,5,-136.8783151,288.0423445,3.320463227,0.035162834
389,-404.3833549,NA,NA,1.24429292,NA,NA,NA,NA,815.4494049,1.152014311,5,-136.9417392,288.1691927,3.447311433,0.033001914
449,-404.4771094,NA,NA,NA,NA,NA,NA,-14.82479187,826.1130216,1.169283796,5,-136.9955767,288.2768676,3.554986353,0.031272156
386,-403.6253881,10.51846988,NA,NA,NA,NA,NA,NA,825.2839665,1.167415488,5,-137.0081363,288.3019869,3.580105598,0.030881845
387,-398.2356913,NA,0.025924038,NA,NA,NA,NA,NA,812.6796967,1.143277639,5,-137.0223146,288.3303435,3.60846224,0.030447082
393,-398.2966162,NA,NA,NA,0.000446158,NA,NA,NA,812.7449714,1.146241473,5,-137.0276064,288.3409271,3.61904577,0.030286389
337,937.8191272,NA,NA,NA,NA,-8.3263956,NA,48.78481229,NA,1.112432351,5,-137.4052897,289.0962937,4.374412452,0.02075973
305,1000.938056,NA,NA,NA,NA,-8.963068192,14.52316213,NA,NA,1.130804359,5,-137.4887012,289.2631167,4.541235418,0.019098381
402,200.5719782,-36.76556078,NA,NA,NA,-5.862881439,NA,NA,485.6326491,1.091190473,6,-135.4638497,289.3892379,4.667356615,0.017931214
405,75.32715141,NA,NA,1.110286691,NA,-4.846976599,NA,NA,581.3428006,1.167257817,6,-135.6012695,289.6640774,4.942196107,0.015628923
277,964.5044878,NA,NA,0.879649424,NA,-8.029143068,NA,NA,NA,1.194057297,5,-137.7027647,289.6912437,4.9693624,0.015418068
281,966.8155279,NA,NA,NA,-0.056597323,-7.909301164,NA,NA,NA,1.182431782,5,-137.728513,289.7427403,5.020859004,0.015026146
433,124.6031794,NA,NA,NA,NA,-5.311771481,5.204815786,NA,558.8480879,1.141882123,6,-135.6420968,289.745732,5.023850756,0.015003686
409,63.89032,NA,NA,NA,0.074202459,-4.975379733,NA,NA,590.257222,1.171290962,6,-135.6506761,289.7628907,5.04100945,0.014875515
275,966.42957,NA,0.014587613,NA,NA,-8.034944948,NA,NA,NA,1.188228118,5,-137.7410926,289.7678995,5.046018166,0.014838308
465,107.7291641,NA,NA,NA,NA,-5.064038566,NA,12.49247019,557.0105137,1.143308353,6,-135.6554752,289.7724889,5.050607584,0.014804297
403,83.61263866,NA,0.019464977,NA,NA,-4.87513805,NA,NA,577.5072055,1.159966028,6,-135.676,289.8135384,5.091657078,0.01450354
257,692.5357351,NA,NA,NA,NA,NA,NA,NA,NA,1.179391432,3,-141.339203,290.178406,5.456524695,0.012084927
306,953.0784708,-80.77676081,NA,NA,NA,-10.13173027,16.22548862,NA,NA,0.958282484,6,-136.3365972,291.1347328,6.412851541,0.007491698
278,910.9385395,-81.38352528,NA,1.436368277,NA,-9.092281065,NA,NA,NA,1.029866119,6,-136.5724982,291.6065348,6.884653533,0.005917384
338,911.1744018,-72.24737909,NA,NA,NA,-9.075280735,NA,15.19858474,NA,1.017630379,6,-136.6601581,291.7818546,7.059973304,0.005420752
276,915.2998888,-79.21584633,0.048464209,NA,NA,-9.069946284,NA,NA,NA,1.022021681,6,-136.6703824,291.8023032,7.080421954,0.005365611
282,915.4341944,-79.28621019,NA,NA,0.032835791,-9.151525832,NA,NA,NA,1.031638774,6,-136.6842653,291.8300691,7.108187806,0.005291636
421,-401.3292343,NA,NA,1.641699158,NA,NA,-11.6878232,NA,810.8827804,1.202602287,6,-136.7323311,291.9262006,7.204319277,0.005043305
481,-401.9797193,NA,NA,NA,NA,NA,-10.55432901,-19.64474262,825.5595013,1.220794416,6,-136.8222623,292.106063,7.384181748,0.004609551
419,-393.7955385,NA,0.05799549,NA,NA,NA,-10.6026554,NA,807.773105,1.1838797,6,-136.8526373,292.166813,7.444931717,0.004471641
425,-424.994851,NA,NA,NA,0.079372671,NA,-11.35569968,NA,826.173444,1.202956187,6,-136.8528353,292.1672091,7.445327758,0.004470755
418,-398.4345318,8.466161512,NA,NA,NA,NA,-9.516996786,NA,818.3674422,1.202950779,6,-136.8655823,292.1927031,7.470821846,0.004414128
453,-412.202323,NA,NA,1.32741883,NA,NA,NA,-17.25213841,831.3172908,1.179280335,6,-136.8983475,292.2582335,7.536352247,0.004271842
397,-378.8321151,NA,NA,1.497889487,-0.066987339,NA,NA,NA,800.1191699,1.145247312,6,-136.9242881,292.3101146,7.588233272,0.004162453
390,-408.3313973,8.050836295,NA,1.191195176,NA,NA,NA,NA,825.0078955,1.168012846,6,-136.9303958,292.3223301,7.600448789,0.004137108
391,-404.8004876,NA,0.037681789,1.293140485,NA,NA,NA,NA,815.6188105,1.148011954,6,-136.9305901,292.3227186,7.600837337,0.004136304
369,975.9342901,NA,NA,NA,NA,-9.62346567,19.18182779,61.23210113,NA,1.014665541,6,-136.9656683,292.3928751,7.670993767,0.003993725
457,-390.8471942,NA,NA,NA,-0.036723803,NA,NA,-17.33748131,819.6784095,1.168837543,6,-136.9902139,292.4419663,7.720085012,0.00389689
450,-406.430259,5.951324143,NA,NA,NA,NA,NA,-12.11365912,830.8033861,1.177070347,6,-136.9904012,292.4423409,7.720459568,0.00389616
451,-404.2967721,NA,0.006840774,NA,NA,NA,NA,-14.33194031,825.6758034,1.167747881,6,-136.9952425,292.4520235,7.73014219,0.003877343
388,-403.5004567,10.09366722,0.021462815,NA,NA,NA,NA,NA,824.8069347,1.164148276,6,-137.0045335,292.4706055,7.748724218,0.003841486
394,-403.0053076,10.52630965,NA,NA,-0.00155853,NA,NA,NA,824.9233913,1.167246243,6,-137.008125,292.4777885,7.755907192,0.003827714
395,-397.5501081,NA,0.026007899,NA,-0.001712785,NA,NA,NA,812.2732075,1.14306484,6,-137.022301,292.5061406,7.784259266,0.003773835
265,717.7638798,NA,NA,NA,-0.308132442,NA,NA,NA,NA,1.139813711,4,-141.0192731,292.7052129,7.983331588,0.003416291
289,690.2576372,NA,NA,NA,NA,NA,-11.6863292,NA,NA,1.227889284,4,-141.1989362,293.0645391,8.342657781,0.002854488
258,656.9564898,-32.64629649,NA,NA,NA,NA,NA,NA,NA,1.111905439,4,-141.20843,293.0835267,8.361645368,0.002827516
339,933.6166434,NA,0.087339826,NA,NA,-8.350612251,NA,54.87323752,NA,1.092951493,6,-137.3526721,293.1668827,8.445001362,0.002712093
345,932.5733909,NA,NA,NA,0.095651385,-8.590166803,NA,56.88593309,NA,1.112140575,6,-137.3729582,293.2074549,8.48557364,0.002657629
321,672.4247647,NA,NA,NA,NA,NA,NA,25.42906739,NA,1.138831588,4,-141.2750276,293.2167218,8.494840481,0.002645344
341,936.9521713,NA,NA,0.6613172,NA,-8.313904871,NA,47.66681341,NA,1.117356633,6,-137.3821718,293.225882,8.504000735,0.002633256
261,690.5872752,NA,NA,0.972266483,NA,NA,NA,NA,NA,1.184033336,4,-141.3052006,293.2770679,8.555186623,0.002566718
313,1007.496865,NA,NA,NA,-0.138519439,-8.808629114,16.99984125,NA,NA,1.102532942,6,-137.4090531,293.2796446,8.557763332,0.002563413
259,692.4757459,NA,0.024603081,NA,NA,NA,NA,NA,NA,1.176630476,4,-141.3361059,293.3388785,8.616997189,0.002488606
309,998.6213722,NA,NA,0.393938578,NA,-8.921670721,13.92870147,NA,NA,1.135098172,6,-137.48094,293.4234184,8.701537141,0.002385605
307,1002.639484,NA,-0.032444858,NA,NA,-9.007102596,15.14431523,NA,NA,1.131924956,6,-137.4812558,293.42405,8.702168706,0.002384852
285,964.0389238,NA,NA,1.335195773,-0.117152444,-7.760917581,NA,NA,NA,1.180835068,6,-137.6525776,293.7666937,9.04481238,0.002009358
279,964.2741059,NA,0.022863348,0.909292283,NA,-8.025763147,NA,NA,NA,1.191628692,6,-137.6989631,293.8594646,9.137583335,0.001918281
283,966.6982865,NA,0.017619822,NA,-0.058124547,-7.903454682,NA,NA,NA,1.180250702,6,-137.7262446,293.9140276,9.192146297,0.001866655
406,199.9645493,-39.91823634,NA,1.344210896,NA,-5.908518315,NA,NA,482.6772573,1.091271226,7,-135.3482056,294.0297446,9.307863279,0.001761718
434,277.1814649,-41.38416833,NA,NA,NA,-6.648398097,7.960104649,NA,445.9107589,1.051255696,7,-135.3779019,294.0891372,9.367255908,0.001710171
410,180.1813003,-38.69123652,NA,NA,0.097366907,-6.04092247,NA,NA,497.8447084,1.099449041,7,-135.4138371,294.1610075,9.439126178,0.001649807
404,202.2937782,-37.57213166,0.034743003,NA,NA,-5.877626687,NA,NA,484.0062232,1.085709955,7,-135.4528391,294.2390116,9.517130311,0.0015867
466,200.6273471,-36.744228,NA,NA,NA,-5.863272777,NA,0.064953129,485.5803829,1.091133616,7,-135.4638491,294.2610316,9.539150313,0.001569326
473,92.53479491,NA,NA,NA,0.129990878,-5.39080747,NA,23.14932187,562.4225782,1.143211826,7,-135.5843869,294.5021072,9.780225915,0.001391119
437,104.1340671,NA,NA,0.980637641,NA,-5.14746277,3.568682643,NA,568.2238081,1.152756633,7,-135.5846777,294.5026886,9.780807354,0.001390714
469,95.08346654,NA,NA,1.056849259,NA,-4.999823106,NA,10.21349147,564.566393,1.151596669,7,-135.5853315,294.5039963,9.782115028,0.001389805
497,178.8296014,NA,NA,NA,NA,-5.784228172,7.369220878,19.74280996,519.1261871,1.103648583,7,-135.5884792,294.5102918,9.788410461,0.001385438
407,74.30035801,NA,0.029961677,1.14932072,NA,-4.839953119,NA,NA,581.8167296,1.16405336,7,-135.5932139,294.5197611,9.797879824,0.001378894
413,68.63655687,NA,NA,1.004516408,0.027654477,-4.885955253,NA,NA,585.7889529,1.170174032,7,-135.5979638,294.529261,9.807379681,0.001372359
441,102.2429546,NA,NA,NA,0.050344691,-5.284669244,4.092254559,NA,571.5872733,1.152409851,7,-135.6305394,294.594412,9.872530745,0.001328374
435,123.9851346,NA,0.003359959,NA,NA,-5.305370342,5.135791458,NA,559.1298582,1.141771661,7,-135.6420013,294.6173359,9.895454644,0.001313236
467,112.5986487,NA,0.039897145,NA,NA,-5.101783199,NA,15.57051484,552.4547995,1.134156896,7,-135.6425498,294.618433,9.896551733,0.001312515
411,63.88778789,NA,0.015773236,NA,0.072820453,-4.970478777,NA,NA,590.1902669,1.169339727,7,-135.6484385,294.6302102,9.908328951,0.001304809
370,948.0544483,-69.93084239,NA,NA,NA,-10.27723394,18.13029084,28.04042753,NA,0.928262816,7,-136.2382161,295.8097655,11.08788423,0.000723452
269,721.4253549,NA,NA,2.57879305,-0.415974232,NA,NA,NA,NA,1.138274057,5,-140.8103649,295.906444,11.18456274,0.000689313
310,946.5724125,-82.56582268,NA,0.926069619,NA,-10.06029701,14.86573581,NA,NA,0.964555316,7,-136.2889739,295.911281,11.18939975,0.000687648
314,956.2283093,-79.40307371,NA,NA,-0.049334119,-10.05685209,17.07861571,NA,NA,0.951147435,7,-136.3256527,295.9846388,11.26275751,0.000662883
308,953.1621045,-80.75477908,-0.001346469,NA,NA,-10.13323968,16.25080337,NA,NA,0.958375938,7,-136.3365829,296.0064991,11.28461783,0.000655677
266,686.1857768,-27.66618027,NA,NA,-0.290710767,NA,NA,NA,NA,1.084860256,5,-140.9235154,296.1327451,11.4108638,0.000615568
297,713.4029268,NA,NA,NA,-0.269145986,NA,-5.996615028,NA,NA,1.169707022,5,-140.9865569,296.2588281,11.53694677,0.000577959
267,717.9154964,NA,0.039958786,NA,-0.311174266,NA,NA,NA,NA,1.134938834,5,-141.0108674,296.3074491,11.5855678,0.000564078
329,715.7243633,NA,NA,NA,-0.303348959,NA,NA,2.083631219,NA,1.137104689,5,-141.018908,296.3235303,11.60164898,0.000559561
290,652.1284736,-34.85365122,NA,NA,NA,NA,-12.42633424,NA,NA,1.158911271,5,-141.0481957,296.3821056,11.66022434,0.00054341
280,909.3546312,-82.81144165,0.063917803,1.529007108,NA,-9.101485316,NA,NA,NA,1.02019578,7,-136.5395512,296.4124357,11.69055444,0.000535231
342,907.65902,-76.95570125,NA,1.356996943,NA,-9.098454682,NA,10.71569885,NA,1.02155662,7,-136.5581772,296.4496878,11.72780653,0.000525355
286,911.3400119,-80.54906891,NA,1.575240355,-0.037181593,-8.996251472,NA,NA,NA,1.027353191,7,-136.5669764,296.4672862,11.74540491,0.000520752
293,687.0573338,NA,NA,1.429791616,NA,NA,-13.40455198,NA,NA,1.241846119,5,-141.1272884,296.540291,11.8184097,0.000502086
340,907.9650621,-71.49380271,0.072475345,NA,NA,-9.087564674,NA,20.60113395,NA,1.002453826,7,-136.6212347,296.5758026,11.85392136,0.00049325
262,651.7816203,-35.15478962,NA,1.218046595,NA,NA,NA,NA,NA,1.11253525,5,-141.1550883,296.5958909,11.87400959,0.00048832
346,906.6420076,-71.92037753,NA,NA,0.084843212,-9.305857431,NA,22.5363315,NA,1.017800658,7,-136.6327752,296.5988837,11.87700242,0.00048759
353,674.2375598,NA,NA,NA,NA,NA,-10.77400117,20.48126411,NA,1.191435151,5,-141.1576276,296.6009694,11.87908812,0.000487082
485,-411.892089,NA,NA,1.798308147,NA,NA,-12.89261448,-24.00101563,832.487305,1.245749182,7,-136.6486584,296.6306501,11.90876882,0.000479907
291,689.9184717,NA,0.06284703,NA,NA,NA,-12.6401075,NA,NA,1.224794739,5,-141.1793667,296.6444477,11.92256644,0.000476608
284,914.5935678,-80.09777198,0.0472945,NA,0.029651893,-9.148548138,NA,NA,NA,1.024240903,7,-136.6662239,296.6657812,11.94389993,0.000471551
322,652.8500578,-27.99629586,NA,NA,NA,NA,NA,11.60019013,NA,1.103015336,5,-141.1976074,296.6809291,11.95904777,0.000467993
260,656.0599548,-33.3807282,0.039421966,NA,NA,NA,NA,NA,NA,1.1059633,5,-141.2004385,296.6865912,11.96470993,0.00046667
423,-401.8625988,NA,0.081938547,1.796541944,NA,NA,-13.11787993,NA,810.692404,1.200088878,7,-136.6815674,296.6964681,11.97458678,0.000464371
325,671.8123004,NA,NA,0.863926586,NA,NA,NA,24.01431555,NA,1.145212799,5,-141.2482172,296.7821487,12.06026736,0.000444897
422,-403.6783699,4.706480821,NA,1.605306757,NA,NA,-11.53042796,NA,816.5321257,1.211273707,7,-136.7284122,296.7901578,12.06827653,0.000443119
323,668.7558341,NA,0.064419066,NA,NA,NA,NA,29.86959364,NA,1.12451976,5,-141.2556059,296.7969262,12.07504488,0.000441622
429,-405.2961169,NA,NA,1.607857114,0.010520527,NA,-11.86387074,NA,813.221647,1.204427041,7,-136.7319399,296.7972131,12.07533182,0.000441559
263,690.4169639,NA,0.033837937,1.016080449,NA,NA,NA,NA,NA,1.180445225,5,-141.2993906,296.8844955,12.16261423,0.000422703
483,-400.9178177,NA,0.036254169,NA,NA,NA,-11.00299756,-17.23766666,823.2188384,1.214844236,7,-136.8130242,296.9593818,12.23750046,0.000407168
489,-417.5709004,NA,NA,NA,0.042496786,NA,-11.32077104,-17.08707704,832.9654386,1.225051457,7,-136.8158773,296.9650879,12.24320657,0.000406008
482,-402.3287854,1.030663014,NA,NA,NA,NA,-10.50862123,-19.15434904,826.3741858,1.22191983,7,-136.8221077,296.9775487,12.25566738,0.000403486
427,-425.4846023,NA,0.059124374,NA,0.080929428,NA,-12.28582521,NA,826.2008747,1.200380075,7,-136.8260884,296.9855101,12.26362883,0.000401883
461,-360.8045703,NA,NA,1.942443604,-0.148127522,NA,NA,-28.51185985,807.7741838,1.18211198,7,-136.8310166,296.9953666,12.27348526,0.000399908
426,-427.8609029,7.741428778,NA,NA,0.076133799,NA,-11.10182131,NA,834.8296752,1.217135889,7,-136.8422056,297.0177446,12.29586327,0.000395458
420,-397.6548416,7.211596833,0.05410168,NA,NA,NA,-10.36911962,NA,816.5456953,1.197896784,7,-136.8434924,297.0203181,12.29843682,0.00039495
455,-411.8544415,NA,0.016733876,1.343443444,NA,NA,NA,-16.07582975,830.3105955,1.175643863,7,-136.8963424,297.1260182,12.40413693,0.000374618
454,-412.6373239,1.572810288,NA,1.313470477,NA,NA,NA,-16.51013657,832.5021701,1.181233114,7,-136.8979934,297.1293202,12.40743886,0.000374
399,-376.4609439,NA,0.043966231,1.583248121,-0.074479783,NA,NA,NA,798.6021621,1.139820576,7,-136.9092992,297.1519318,12.43005048,0.000369796
398,-383.072822,7.862725071,NA,1.442212133,-0.06597822,NA,NA,NA,809.6852619,1.160973975,7,-136.9134539,297.1602411,12.4383598,0.000368263
392,-408.3278041,7.276323385,0.033985879,1.24035982,NA,NA,NA,NA,824.241132,1.162863945,7,-136.9214223,297.1761779,12.45429657,0.00036534
371,972.7463677,NA,0.041375803,NA,NA,-9.59420144,18.57939316,63.72546606,NA,1.008507322,7,-136.9537976,297.2409286,12.51904728,0.000353701
377,974.3463851,NA,NA,NA,0.020164869,-9.662669708,18.93924732,62.7825363,NA,1.015840425,7,-136.964241,297.2618153,12.53993403,0.000350027
373,976.2902656,NA,NA,-0.075195225,NA,-9.633645262,19.31136588,61.44328207,NA,1.013445389,7,-136.9653768,297.264087,12.5422057,0.000349629
458,-394.2981491,5.149523412,NA,NA,-0.031979193,NA,NA,-14.66697753,824.5681915,1.175632694,7,-136.9864268,297.3061869,12.58430563,0.000342347
452,-406.2442008,6.021957628,0.00793712,NA,NA,NA,NA,-11.50964288,830.3517644,1.175380692,7,-136.9899518,297.313237,12.5913557,0.000341142
459,-390.8714701,NA,0.005149021,NA,-0.036292666,NA,NA,-16.93701514,819.4248596,1.167686705,7,-136.9900252,297.3133838,12.59150251,0.000341117
396,-402.1972944,10.1070773,0.021617147,NA,-0.003273151,NA,NA,NA,824.0462413,1.163769342,7,-137.0044839,297.3423011,12.62041982,0.00033622
347,927.3577731,NA,0.094484731,NA,0.107856326,-8.650021239,NA,64.50611508,NA,1.091028838,7,-137.3116823,297.956698,13.23481673,0.000247292
343,932.3557413,NA,0.093030898,0.752938921,NA,-8.337968961,NA,53.99706871,NA,1.097288631,7,-137.3227607,297.9788547,13.25697343,0.000244567
317,1003.520984,NA,NA,1.017446988,-0.180918022,-8.654438243,16.2225666,NA,NA,1.104969385,7,-137.3642788,298.061891,13.34000969,0.000234621
349,933.3413785,NA,NA,0.344971288,0.073401587,-8.522294378,NA,54.41830756,NA,1.114777162,7,-137.3684057,298.0701448,13.34826349,0.000233655
315,1009.233809,NA,-0.032940416,NA,-0.13872067,-8.853111736,17.6340797,NA,NA,1.103629584,7,-137.4013171,298.1359676,13.41408633,0.00022609
311,1000.39916,NA,-0.027505947,0.336912574,NA,-8.964994638,14.54135299,NA,NA,1.13542662,7,-137.475748,298.2848293,13.56294797,0.000209873
287,963.6749166,NA,0.033771957,1.402176857,-0.123117472,-7.742267842,NA,NA,NA,1.176574487,7,-137.6443698,298.622073,13.90019166,0.000177307
438,259.4352511,-43.01484145,NA,1.138216732,NA,-6.510354056,6.169628052,NA,452.3429633,1.060306655,8,-135.2988071,299.6885233,14.96664199,0.000104028
408,202.3684763,-41.22774141,0.049161138,1.415931765,NA,-5.931817724,NA,NA,480.2181885,1.083520636,8,-135.326223,299.743355,15.02147373,0.000101214
414,190.8835035,-40.39728062,NA,1.179812011,0.043717363,-5.982876593,NA,NA,488.5218731,1.094969415,8,-135.3397676,299.7704443,15.04856305,9.99E-05
470,196.1104652,-41.47411741,NA,1.376893053,NA,-5.882492239,NA,-4.503892988,486.2295742,1.095215692,8,-135.3454184,299.7817459,15.05986461,9.93E-05
442,251.9444527,-41.82152961,NA,NA,0.060452444,-6.629980419,6.653292209,NA,460.0140447,1.062939317,8,-135.3608169,299.8125429,15.0906616,9.78E-05
498,290.5873854,-39.25084123,NA,NA,NA,-6.764824998,8.667095844,7.744451567,436.1510168,1.040929676,8,-135.3701618,299.8312327,15.10935145,9.69E-05
270,685.8288044,-31.39920581,NA,2.749528955,-0.403341788,NA,NA,NA,NA,1.07580374,6,-140.6851645,299.8318676,15.10998626,9.68E-05
436,275.4740153,-41.52683162,0.012141898,NA,NA,-6.629874014,7.72016943,NA,446.5396655,1.050544101,8,-135.3766246,299.8441584,15.12227708,9.62E-05
474,184.1140557,-35.7765231,NA,NA,0.120343462,-6.144741341,NA,10.25818894,492.4719863,1.092418339,8,-135.4019053,299.8947196,15.17283833,9.38E-05
412,182.1790262,-39.357538,0.030648761,NA,0.095080465,-6.049749192,NA,NA,496.1231737,1.094420434,8,-135.4052544,299.9014178,15.17953655,9.35E-05
301,716.4601381,NA,NA,2.653841323,-0.37377154,NA,-6.974042708,NA,NA,1.172995068,6,-140.7653314,299.9922013,15.27031999,8.94E-05
468,205.0799698,-36.65255822,0.038380575,NA,NA,-5.897588725,NA,3.056999431,481.3760449,1.08246019,8,-135.451658,299.994225,15.27234373,8.93E-05
271,721.8813492,NA,0.070318428,2.712035687,-0.42689919,NA,NA,NA,NA,1.129615824,6,-140.7843254,300.0301893,15.30830798,8.77E-05
333,735.9362149,NA,NA,2.809965748,-0.458905527,NA,NA,-14.48940187,NA,1.156974357,6,-140.7940197,300.049578,15.32769666,8.68E-05
505,151.7017804,NA,NA,NA,0.104868824,-5.897225504,5.828024913,26.82378391,531.4154285,1.11186514,8,-135.5449125,300.180734,15.45885276,8.13E-05
501,152.0842402,NA,NA,0.821267329,NA,-5.562956191,5.615697875,16.24660269,534.0124501,1.119526487,8,-135.5497172,300.1903434,15.4684621,8.09E-05
298,678.5606655,-29.76644109,NA,NA,-0.242651527,NA,-7.188699261,NA,NA,1.116524386,6,-140.8765684,300.2146753,15.49279405,8.00E-05
477,89.46922984,NA,NA,0.687589321,0.085830951,-5.23802021,NA,18.04631287,565.4998934,1.148637021,8,-135.562799,300.2165071,15.49462584,7.99E-05
475,97.75976424,NA,0.048500318,NA,0.135932812,-5.451627857,NA,27.37822586,557.1318857,1.132082593,8,-135.5652933,300.2214957,15.49961438,7.97E-05
471,100.3765551,NA,0.047612801,1.100148782,NA,-5.04223619,NA,13.79342438,559.4392227,1.141015,8,-135.5669071,300.2247233,15.50284198,7.96E-05
439,99.76142807,NA,0.019054886,1.022202942,NA,-5.104196455,3.107885069,NA,570.2191736,1.152591108,8,-135.5816918,300.2542926,15.53241135,7.84E-05
499,178.6092231,NA,0.025479749,NA,NA,-5.774600971,7.024060928,21.36896797,517.9911726,1.099661721,8,-135.5833217,300.2575524,15.53567111,7.83E-05
445,100.1530637,NA,NA,0.946668409,0.010559788,-5.147469726,3.391998725,NA,570.5710751,1.15458813,8,-135.5842356,300.2593804,15.53749908,7.82E-05
415,68.89544489,NA,0.028001638,1.060260092,0.022617963,-4.872292331,NA,NA,585.4221322,1.166648096,8,-135.5910355,300.2729801,15.5510988,7.77E-05
330,695.2079154,-33.5366281,NA,NA,-0.323890002,NA,NA,-16.06273268,NA,1.094083637,6,-140.9059254,300.2733892,15.55150788,7.77E-05
268,685.3467641,-28.57345348,0.051800123,NA,-0.294082682,NA,NA,NA,NA,1.076738643,6,-140.9093532,300.2802449,15.55836357,7.74E-05
294,643.8804569,-38.82852527,NA,1.742209199,NA,NA,-14.60439211,NA,NA,1.168051177,6,-140.9419999,300.3455382,15.62365688,7.49E-05
443,101.3686614,NA,0.004364161,NA,0.050505746,-5.276268274,3.999041584,NA,571.9940104,1.152300053,8,-135.6303782,300.3516655,15.62978416,7.47E-05
299,712.9538486,NA,0.058748151,NA,-0.267610634,NA,-6.920645139,NA,NA,1.167146205,6,-140.9690986,300.3997356,15.67785435,7.29E-05
361,711.0617999,NA,NA,NA,-0.263602266,NA,-6.007633236,2.383579292,NA,1.16666295,6,-140.9860776,300.4336937,15.71181243,7.17E-05
331,712.3847715,NA,0.046909522,NA,-0.298669763,NA,NA,5.677298263,NA,1.126709551,6,-141.0084087,300.4783558,15.75647454,7.01E-05
292,649.7555532,-36.61648486,0.082350111,NA,NA,NA,-13.71352305,NA,NA,1.151367626,6,-141.0144505,300.4904394,15.76855809,6.97E-05
354,651.0475835,-33.52302052,NA,NA,NA,NA,-12.25362723,3.242943363,NA,1.155772649,6,-141.0473678,300.5562741,15.83439281,6.74E-05
295,686.248258,NA,0.084034913,1.588647018,NA,NA,-14.8707828,NA,NA,1.239258955,6,-141.092911,300.6473604,15.92547914,6.44E-05
357,673.5910226,NA,NA,1.319518388,NA,NA,-12.49108347,17.53189763,NA,1.209565069,6,-141.0972481,300.6560347,15.93415342,6.41E-05
355,668.9579216,NA,0.096212578,NA,NA,NA,-11.96304054,26.56732736,NA,1.175865264,6,-141.1151837,300.6919059,15.97002462,6.30E-05
264,650.2659479,-36.2886097,0.052472903,1.293916401,NA,NA,NA,NA,NA,1.104665151,6,-141.1410572,300.7436529,16.02177162,6.14E-05
326,649.2796835,-31.92610632,NA,1.160470625,NA,NA,NA,7.758677806,NA,1.106559418,6,-141.1503419,300.7622224,16.04034106,6.08E-05
324,650.0038638,-27.34574697,0.057959836,NA,NA,NA,NA,15.91681068,NA,1.0909708,6,-141.181808,300.8251544,16.10327309,5.89E-05
327,667.6882279,NA,0.071527984,0.934821998,NA,NA,NA,28.8287756,NA,1.129845253,6,-141.224384,300.9103064,16.18842511,5.65E-05
374,943.8961633,-72.40715825,NA,0.669839991,NA,-10.20970455,16.93912811,24.98387724,NA,0.936072346,8,-136.2142599,301.5194288,16.79754753,4.16E-05
372,945.9163304,-69.68247872,0.029035603,NA,NA,-10.25437577,17.71126499,29.90803665,NA,0.92424813,8,-136.2319405,301.55479,16.83290873,4.09E-05
378,947.0014114,-69.89942779,NA,NA,0.013531603,-10.30324805,17.96797997,29.09575502,NA,0.929090034,8,-136.2375251,301.5659592,16.84407791,4.07E-05
318,950.6605309,-80.40592489,NA,1.259118761,-0.100677137,-9.881801531,16.11771177,NA,NA,0.95225062,8,-136.2492984,301.5895059,16.86762456,4.02E-05
312,945.5270855,-82.84310593,0.013468836,0.955780612,NA,-10.04290647,14.56888562,NA,NA,0.963821745,8,-136.2875859,301.6660809,16.94419956,3.87E-05
316,956.3593854,-79.36804826,-0.002056919,NA,-0.049386025,-10.05907914,17.1181851,NA,NA,0.951282691,8,-136.3256194,301.7421478,17.02026651,3.73E-05
344,903.8189191,-76.36265389,0.082291937,1.43268122,NA,-9.113694937,NA,16.59998337,NA,1.004543422,8,-136.5077718,302.1064527,17.38457138,3.11E-05
288,909.7785857,-81.82087165,0.06766824,1.713239209,-0.047870934,-8.978388231,NA,NA,NA,1.016392994,8,-136.53048,302.1518691,17.42998783,3.04E-05
350,907.8619733,-77.04997324,NA,1.378774039,-0.004855189,-9.085631728,NA,10.22385178,NA,1.021609884,8,-136.5581132,302.2071354,17.48525415,2.95E-05
348,902.5983874,-71.06055512,0.078869281,NA,0.095160262,-9.347263527,NA,29.30778567,NA,1.001305902,8,-136.5869451,302.2647992,17.54291792,2.87E-05
487,-410.6797569,NA,0.057366353,1.883204884,NA,NA,-13.71294847,-20.3978639,829.1106412,1.237512082,8,-136.6254974,302.341904,17.6200227,2.76E-05
493,-387.1962112,NA,NA,2.059572117,-0.071238676,NA,-11.94751763,-28.92140278,821.0789969,1.242238482,8,-136.6340932,302.3590955,17.63721426,2.74E-05
486,-410.0859059,-6.497359329,NA,1.869851337,NA,NA,-13.27378443,-27.26579344,827.6270999,1.2396473,8,-136.6426815,302.3762721,17.6543908,2.71E-05
424,-403.0736704,2.447428808,0.08032422,1.774566777,NA,NA,-13.00785791,NA,813.6338848,1.204647643,8,-136.6805222,302.4519535,17.73007217,2.61E-05
431,-403.8760797,NA,0.081780036,1.7790563,0.005342668,NA,-13.20451616,NA,811.8805252,1.20102041,8,-136.6814662,302.4538414,17.73196014,2.61E-05
50,966.7076563,-221.2249633,NA,NA,NA,-14.28818379,55.76193995,NA,NA,NA,5,-144.1266882,302.5390907,17.81720938,2.50E-05
430,-407.4562899,4.686166733,NA,1.573147356,0.010046272,NA,-11.6992188,NA,818.7411747,1.212978776,8,-136.7280555,302.5470201,17.82513877,2.49E-05
491,-419.3110913,NA,0.041209697,NA,0.050530067,NA,-11.97564999,-13.86749913,831.704798,1.219092676,8,-136.8041604,302.6992298,17.97734853,2.31E-05
484,-401.3036843,1.145829817,0.036329426,NA,NA,NA,-10.95311372,-16.68747959,824.1196973,1.216083053,8,-136.812833,302.716575,17.99469374,2.29E-05
490,-418.6264423,1.773321609,NA,NA,0.043736845,NA,-11.26449269,-16.16869073,834.583261,1.227112023,8,-136.8154247,302.7217585,17.99987716,2.28E-05
428,-427.8370351,6.432683295,0.055612297,NA,0.078145636,NA,-12.019616,NA,833.392077,1.212315619,8,-136.8188251,302.7285593,18.00667797,2.28E-05
462,-356.4229569,-4.722361113,NA,2.021125187,-0.156991133,NA,NA,-31.41347542,802.8078197,1.1764182,8,-136.8280441,302.7469973,18.02511596,2.25E-05
463,-360.6945369,NA,0.014349959,1.953932283,-0.147584877,NA,NA,-27.46188024,806.9971498,1.178983189,8,-136.8295331,302.7499753,18.028094,2.25E-05
456,-412.3128914,1.672374109,0.016930514,1.328800421,NA,NA,NA,-15.27303418,831.5586517,1.177677528,8,-136.8959423,302.8827936,18.16091231,2.11E-05
400,-380.3918344,6.923882966,0.040321957,1.527143666,-0.072970123,NA,NA,NA,807.1517647,1.154119221,8,-136.9009894,302.892888,18.17100666,2.10E-05
379,970.2517755,NA,0.044250661,NA,0.028866062,-9.648288793,18.19028044,66.11816101,NA,1.009761288,8,-136.9509265,302.992762,18.27088071,1.99E-05
375,972.7868741,NA,0.041288339,-0.007132946,NA,-9.595228927,18.59295449,63.74022777,NA,1.008404597,8,-136.953795,302.9984992,18.2766179,1.99E-05
381,974.339469,NA,NA,-0.210942767,0.032934043,-9.716051701,19.14902505,64.35675083,NA,1.013161553,8,-136.9625192,303.0159475,18.29406621,1.97E-05
460,-394.375732,5.220771531,0.006328334,NA,-0.031383664,NA,NA,-14.13784134,824.3242237,1.17431229,8,-136.9861424,303.0631939,18.34131259,1.92E-05
18,816.416039,-254.4828356,NA,NA,NA,-11.10401345,NA,NA,NA,NA,4,-146.2579415,303.1825496,18.46066833,1.81E-05
351,928.1787408,NA,0.095816343,0.401787354,0.082114042,-8.571813918,NA,61.73947102,NA,1.093802129,8,-137.3054805,303.7018701,18.97998882,1.40E-05
319,1004.690293,NA,-0.018831281,0.972321244,-0.179152602,-8.686706601,16.61961982,NA,NA,1.105488249,8,-137.3618282,303.8145655,19.09268423,1.32E-05
334,711.340283,-49.18775645,NA,3.57395168,-0.531326228,NA,NA,-45.61039835,NA,1.099278167,7,-140.5609634,304.4552601,19.73337878,9.60E-06
113,1012.672374,NA,NA,NA,NA,-13.66151297,70.76085529,224.9410146,NA,NA,5,-145.0937211,304.4731565,19.75127525,9.51E-06
302,676.8953289,-33.99815138,NA,2.854154954,-0.351407732,NA,-8.409375024,NA,NA,1.11249997,7,-140.61966,304.5726534,19.8507721,9.05E-06
272,684.4066423,-33.14797234,0.08641469,2.922780611,-0.416063968,NA,NA,NA,NA,1.061684331,7,-140.6457089,304.6247512,19.90286993,8.82E-06
303,715.9604081,NA,0.095063082,2.850842219,-0.379053717,NA,-8.54181505,NA,NA,1.169095372,7,-140.7197659,304.7728651,20.05098377,8.19E-06
114,943.4374046,-156.1411039,NA,NA,NA,-14.35348414,58.60621687,119.7047288,NA,NA,6,-143.166584,304.7947065,20.07282519,8.10E-06
365,731.0625911,NA,NA,2.88687919,-0.416901355,NA,-6.992411054,-14.59391749,NA,1.191921706,7,-140.7486748,304.830683,20.10880173,7.95E-06
335,732.0230324,NA,0.059424087,2.85408534,-0.455420422,NA,NA,-10.19722817,NA,1.14411797,7,-140.7768383,304.88701,20.16512867,7.73E-06
300,675.991423,-31.46544535,0.075943477,NA,-0.239154537,NA,-8.451230539,NA,NA,1.110178479,7,-140.8474155,305.0281643,20.306283,7.21E-06
362,687.9569564,-36.05009505,NA,NA,-0.276725517,NA,-7.36150809,-17.05520265,NA,1.127078826,7,-140.8566692,305.0466717,20.32479037,7.14E-06
296,639.5606804,-41.74836187,0.111442446,1.976367683,NA,NA,-16.63905204,NA,NA,1.159070974,7,-140.8813911,305.0961155,20.37423422,6.96E-06
332,692.8148876,-33.04182773,0.037865502,NA,-0.319809878,NA,NA,-12.89418232,NA,1.086327386,7,-140.8990325,305.1313984,20.40951706,6.84E-06
358,645.1641091,-40.76310194,NA,1.785902582,NA,NA,-14.89717272,-4.471896748,NA,1.172608441,7,-140.940476,305.2142852,20.49240395,6.57E-06
363,705.3132777,NA,0.068698923,NA,-0.249438044,NA,-7.112758888,7.701675653,NA,1.156876634,7,-140.9645867,305.2625067,20.5406254,6.41E-06
356,646.3580352,-32.99174851,0.09215651,NA,NA,NA,-13.36909076,9.345626724,NA,1.141424326,7,-141.0080295,305.3493923,20.62751097,6.14E-06
359,667.2914976,NA,0.11326734,1.490977705,NA,NA,-14.11401254,24.31354089,NA,1.193591062,7,-141.039046,305.4114254,20.68954408,5.95E-06
328,645.8375816,-31.38760637,0.066291626,1.221174159,NA,NA,NA,12.49487012,NA,1.092968855,7,-141.1297005,305.5927343,20.87085301,5.43E-06
82,789.7542846,-199.853693,NA,NA,NA,-11.02031591,NA,103.1649926,NA,NA,5,-145.6889056,305.6635256,20.94164426,5.24E-06
2,482.9662596,-215.1704659,NA,NA,NA,NA,NA,NA,NA,NA,3,-149.1499108,305.7998215,21.07794025,4.90E-06
58,992.6744506,-200.6156831,NA,NA,-0.420241982,-13.38673025,60.52154713,NA,NA,NA,6,-143.7330732,305.9276848,21.20580356,4.60E-06
20,814.8753662,-252.2688717,0.327118762,NA,NA,-11.04351047,NA,NA,NA,NA,5,-145.9055478,306.0968098,21.3749285,4.22E-06
440,253.9777568,-43.47987104,0.031098858,1.207757677,NA,-6.454474611,5.445693952,NA,454.3467569,1.059037039,9,-135.2906549,306.5813099,21.85942857,3.31E-06
446,253.9499467,-43.05425011,NA,1.090341858,0.014927421,-6.511612522,5.922248811,NA,455.5549172,1.062810977,9,-135.2978984,306.5957969,21.87391557,3.29E-06
502,263.2779961,-42.42638707,NA,1.116227682,NA,-6.543416695,6.388793511,2.02185822,449.6707066,1.057435968,9,-135.2983052,306.5966104,21.87472908,3.29E-06
52,960.0087114,-221.8781984,0.106163223,NA,NA,-14.1372137,53.46198058,NA,NA,NA,6,-144.0855116,306.6325616,21.91068031,3.23E-06
416,194.7741827,-41.54183036,0.046199594,1.276749436,0.035862775,-5.991412644,NA,NA,485.1608551,1.087021288,9,-135.3206129,306.6412257,21.91934441,3.22E-06
472,201.5513466,-41.51049497,0.048145146,1.420957411,NA,-5.926153734,NA,-0.896842692,480.9763681,1.08446626,9,-135.3261216,306.6522432,21.93036195,3.20E-06
26,822.3851008,-246.4093758,NA,NA,-0.190923254,-10.5709896,NA,NA,NA,NA,5,-146.1904536,306.6666215,21.94474017,3.18E-06
178,1118.049722,-227.0056604,NA,NA,NA,-14.97920318,56.75571329,NA,-100.0408942,NA,6,-144.1029823,306.6675031,21.94562181,3.17E-06
506,264.6911827,-38.15778896,NA,NA,0.088076734,-6.832421134,7.336540379,14.02571535,448.7831287,1.049577147,9,-135.3389428,306.6778856,21.95600426,3.16E-06
478,190.8373475,-40.46515667,NA,1.183933476,0.043041865,-5.98046843,NA,-0.217911303,488.6034364,1.095103117,9,-135.3397631,306.6795262,21.95764493,3.16E-06
54,970.6750081,-219.5504221,NA,-0.572562564,NA,-14.31552715,56.44262655,NA,NA,NA,6,-144.1182626,306.6980636,21.97618227,3.13E-06
444,249.829332,-41.98344984,0.013451081,NA,0.060987975,-6.609295847,6.375909622,NA,460.8356995,1.062254498,9,-135.359248,306.7184959,21.99661461,3.09E-06
22,811.4160853,-257.4568268,NA,1.342304132,NA,-11.1310344,NA,NA,NA,NA,5,-146.2188894,306.7234931,22.00161184,3.09E-06
500,290.0227941,-39.11659641,0.021084133,NA,NA,-6.75350481,8.377041894,9.131110876,435.495598,1.037845114,9,-135.3665552,306.7331104,22.0112291,3.07E-06
130,-389.8842889,-187.3731471,NA,NA,NA,NA,NA,NA,673.6847326,NA,4,-148.0494921,306.7656509,22.04376959,3.02E-06
476,188.7114235,-35.61964031,0.046402313,NA,0.126070667,-6.199624729,NA,14.36068949,487.716895,1.081993264,9,-135.3841106,306.7682212,22.04633995,3.02E-06
146,702.9002745,-249.6162618,NA,NA,NA,-10.61969942,NA,NA,76.38869015,NA,5,-146.246424,306.7785623,22.05668098,3.00E-06
509,142.6603133,NA,NA,0.520509723,0.074293093,-5.724040193,5.16601603,22.54338754,537.2670977,1.119532738,9,-135.533009,307.0660181,22.34413681,2.60E-06
507,149.5780852,NA,0.036233321,NA,0.111866984,-5.891075798,5.234344444,29.60878312,530.62148,1.106743958,9,-135.5346291,307.0692583,22.347377,2.60E-06
503,149.8831071,NA,0.035787295,0.879352613,NA,-5.533784643,5.006886982,18.28333042,533.4711301,1.115049771,9,-135.5396951,307.0793901,22.35750885,2.58E-06
479,94.80363993,NA,0.050623016,0.71433394,0.090315291,-5.295559658,NA,22.26181429,560.0973408,1.137231719,9,-135.5419835,307.0839669,22.36208561,2.58E-06
81,840.5235353,NA,NA,NA,NA,-9.140678011,NA,241.5043757,NA,NA,4,-148.2139662,307.0945991,22.3727178,2.56E-06
447,96.29420109,NA,0.018768775,0.991433339,0.009371128,-5.104852278,2.958008473,NA,572.2722604,1.154218928,9,-135.5813442,307.1626885,22.4408072,2.48E-06
65,545.9564881,NA,NA,NA,NA,NA,NA,220.8372922,NA,NA,3,-149.9842655,307.468531,22.74664969,2.13E-06
10,549.8530402,-196.3411449,NA,NA,-0.581110344,NA,NA,NA,NA,NA,4,-148.6156602,307.897987,23.17610574,1.72E-06
117,1028.155105,NA,NA,-3.733923833,NA,-13.92587233,74.11332951,225.6520071,NA,NA,6,-144.7491994,307.9599374,23.23805606,1.66E-06
66,457.7230829,-158.3743167,NA,NA,NA,NA,NA,107.84226,NA,NA,4,-148.6865373,308.0397414,23.31786006,1.60E-06
115,988.3241115,NA,0.295356292,NA,NA,-13.27766794,64.22581884,235.6470244,NA,NA,6,-144.8111463,308.083831,23.36194973,1.56E-06
193,-416.3251846,NA,NA,NA,NA,NA,NA,189.6348881,735.8747332,NA,4,-148.7517649,308.1701965,23.4483152,1.50E-06
34,506.8202014,-195.7411514,NA,NA,NA,NA,24.3294686,NA,NA,NA,4,-148.831963,308.3305927,23.60871137,1.38E-06
4,483.2569636,-213.0657793,0.344282443,NA,NA,NA,NA,NA,NA,NA,4,-148.8583961,308.3834589,23.66157765,1.35E-06
376,940.7545932,-72.3111989,0.037530138,0.73071964,NA,-10.17402156,16.28925277,27.12006607,NA,0.931592924,9,-136.2039461,308.4078923,23.68601096,1.33E-06
382,945.783627,-73.08182606,NA,0.829126109,-0.036960576,-10.1225906,17.09921303,21.37448865,NA,0.935669946,9,-136.2104476,308.4208952,23.69901387,1.32E-06
380,944.2418417,-69.62001089,0.031004125,NA,0.01965459,-10.29061144,17.44710059,31.56751288,NA,0.925177477,9,-136.2305104,308.4610209,23.73913957,1.29E-06
49,1167.288756,NA,NA,NA,NA,-12.61233503,77.35166588,NA,NA,NA,4,-148.8999917,308.4666501,23.74476886,1.29E-06
320,949.3656305,-80.73553394,0.017364154,1.30171949,-0.101976083,-9.857078516,15.75116275,NA,NA,0.951146138,9,-136.2469888,308.4939776,23.77209634,1.27E-06
84,781.1995929,-183.6031503,0.443326874,NA,NA,-10.9180189,NA,128.187237,NA,NA,6,-145.0288315,308.5192016,23.79732027,1.26E-06
121,1026.686951,NA,NA,NA,-0.182870676,-13.26357779,72.41914427,209.1613982,NA,NA,6,-145.0408985,308.5433355,23.82145425,1.24E-06
241,905.5319371,NA,NA,NA,NA,-13.19117085,69.7771117,221.2792774,70.05996514,NA,6,-145.0825404,308.6266193,23.90473801,1.19E-06
83,823.7032232,NA,0.587951116,NA,NA,-9.207706042,NA,259.7712203,NA,NA,5,-147.2722421,308.8301985,24.10831718,1.08E-06
6,478.3739852,-217.4449788,NA,1.060716246,NA,NA,NA,NA,NA,NA,4,-149.1316586,308.9299839,24.20810265,1.02E-06
97,560.4071831,NA,NA,NA,NA,NA,38.64396072,206.2094661,NA,NA,4,-149.1633994,308.9934654,24.27158415,9.92E-07
352,903.6707552,-76.2956392,0.082416865,1.41752351,0.003405018,-9.122711006,NA,16.95385617,NA,1.004480239,9,-136.5077402,309.0154805,24.29359918,9.81E-07
129,-532.2399811,NA,NA,NA,NA,NA,NA,NA,941.424623,NA,3,-150.7621651,309.0243302,24.30244892,9.77E-07
67,527.2782163,NA,0.578593563,NA,NA,NA,NA,238.6642719,NA,NA,4,-149.2270748,309.1208162,24.39893491,9.31E-07
495,-388.7036212,NA,0.053681807,2.111067,-0.06361782,NA,-12.81626598,-25.02331021,819.1396302,1.234905999,9,-136.6139524,309.2279048,24.5060235,8.82E-07
488,-408.8184583,-6.66585969,0.057757895,1.957182896,NA,NA,-14.10960257,-23.72271681,824.1013464,1.231195734,9,-136.6191929,309.2383858,24.51650456,8.78E-07
494,-379.262822,-9.374242796,NA,2.219153661,-0.086606498,NA,-12.29358185,-34.69319097,811.6057685,1.232677485,9,-136.6223086,309.2446173,24.52273601,8.75E-07
116,927.2097251,-151.3817929,0.222449112,NA,NA,-14.04329742,54.05480402,130.9757049,NA,NA,7,-142.9751018,309.2835369,24.56165564,8.58E-07
57,1183.139647,NA,NA,NA,-0.914914262,-10.98966362,83.33505144,NA,NA,NA,5,-147.5175049,309.3207241,24.59884278,8.42E-07
432,-405.0292515,2.441139648,0.080174169,1.757613396,0.005197291,NA,-13.09241945,NA,814.782118,1.205542113,9,-136.6804264,309.3608528,24.63897154,8.26E-07
162,-406.4182259,-163.5676777,NA,NA,NA,NA,28.05311177,NA,707.6747763,NA,5,-147.5769947,309.4397036,24.71782235,7.94E-07
242,1199.973236,-164.0225566,NA,NA,NA,-15.52993592,60.38024594,123.279833,-170.0360121,NA,7,-143.09191,309.5171533,24.79527199,7.64E-07
118,953.685491,-148.3237699,NA,-1.635541583,NA,-14.43463531,60.68320711,125.2849013,NA,NA,7,-143.0928553,309.5190439,24.79716256,7.63E-07
122,955.8622284,-155.6073787,NA,NA,-0.159038525,-14.00504353,60.08994087,106.3412714,NA,NA,7,-143.1181766,309.5696866,24.8478053,7.44E-07
194,-368.879942,-138.9543417,NA,NA,NA,NA,NA,94.54401047,640.3924204,NA,5,-147.6562016,309.5981176,24.87623627,7.33E-07
492,-420.5404123,2.045410587,0.041489664,NA,0.052014968,NA,-11.91518565,-12.78632766,833.5622859,1.221428923,9,-136.8035581,309.6071162,24.88523486,7.30E-07
1,732.564,NA,NA,NA,NA,NA,NA,NA,NA,NA,2,-152.4514865,309.6088553,24.88697398,7.29E-07
464,-356.4195958,-4.613034912,0.013667283,2.030245772,-0.156269104,NA,NA,-30.34627236,802.1827269,1.173570072,9,-136.8266996,309.6533991,24.93151784,7.13E-07
132,-388.5034715,-185.3127958,0.342715884,NA,NA,NA,NA,NA,672.8423388,NA,5,-147.7265187,309.7387517,25.01687037,6.84E-07
225,-423.8035451,NA,NA,NA,NA,NA,39.95508318,173.7838083,753.0192224,NA,5,-147.7510716,309.7878575,25.0659762,6.67E-07
90,785.6102315,-199.5754792,NA,NA,0.077227557,-11.23049194,NA,109.8574903,NA,NA,6,-145.6797162,309.8209709,25.09908962,6.56E-07
86,787.9960986,-202.1488913,NA,0.598881666,NA,-11.03385513,NA,101.3363507,NA,NA,6,-145.6808736,309.8232857,25.10140441,6.55E-07
210,749.0470667,-198.3661198,NA,NA,NA,-10.84649416,NA,102.6681288,27.47970754,NA,6,-145.6873423,309.836223,25.11434169,6.51E-07
161,-529.6397194,NA,NA,NA,NA,NA,46.99685739,NA,941.381239,NA,4,-149.6022751,309.8712168,25.14933554,6.40E-07
138,-235.039533,-178.2218526,NA,NA,-0.390446017,NA,NA,NA,588.858658,NA,5,-147.8027403,309.8911949,25.1693136,6.33E-07
383,970.3421504,NA,0.04321633,-0.162688753,0.038510851,-9.689795583,18.36957728,67.2542995,NA,1.007837314,9,-136.9499083,309.8998165,25.17793521,6.31E-07
366,702.9369042,-53.06505709,NA,3.736195066,-0.481318913,NA,-9.275009471,-48.20219246,NA,1.141085717,8,-140.4806287,310.0521664,25.3302851,5.84E-07
42,609.4421223,-160.2752296,NA,NA,-0.784373917,NA,36.9146093,NA,NA,NA,5,-147.8976498,310.081014,25.35913267,5.76E-07
28,821.1718469,-243.7020305,0.33096481,NA,-0.201975293,-10.47891992,NA,NA,NA,NA,6,-145.8273191,310.1161767,25.39429544,5.66E-07
24,807.9089821,-256.2395843,0.345188552,1.847370815,NA,-11.0773564,NA,NA,NA,NA,6,-145.8298839,310.1213063,25.39942502,5.65E-07
41,824.1631361,NA,NA,NA,-1.14030018,NA,59.32473345,NA,NA,NA,4,-149.7277883,310.1222432,25.40036191,5.64E-07
304,672.7251555,-37.04534492,0.118712378,3.118118454,-0.355999553,NA,-10.49581583,NA,NA,1.102208061,8,-140.548652,310.188213,25.46633174,5.46E-07
336,708.3482914,-48.66761828,0.049384875,3.602538825,-0.527664088,NA,NA,-41.71426178,NA,1.089203873,8,-140.5488465,310.1886022,25.46672087,5.46E-07
209,293.2308816,NA,NA,NA,NA,-7.011577174,NA,221.1690564,366.0557893,NA,5,-147.9736688,310.2330518,25.51117053,5.34E-07
148,695.3431759,-247.1403899,0.32772425,NA,NA,-10.53342759,NA,NA,80.43543248,NA,6,-145.8923197,310.2461779,25.52429661,5.30E-07
195,-400.6876224,NA,0.546058393,NA,NA,NA,NA,207.5380797,710.4359645,NA,5,-147.9903414,310.2663971,25.54451577,5.25E-07
134,-393.9568439,-189.59958,NA,1.032396398,NA,NA,NA,NA,673.3782337,NA,5,-148.0301895,310.3460933,25.62421199,5.05E-07
9,803.1828368,NA,NA,NA,-0.911034468,NA,NA,NA,NA,NA,3,-151.4289181,310.3578362,25.63595495,5.02E-07
73,593.0648101,NA,NA,NA,-0.328576903,NA,NA,195.2293828,NA,NA,4,-149.8592941,310.385255,25.66337366,4.95E-07
33,735.1061719,NA,NA,NA,NA,NA,47.00049681,NA,NA,NA,3,-151.4807924,310.4615848,25.73970351,4.76E-07
367,724.4442072,NA,0.085637953,2.965911052,-0.403441425,NA,-8.396986016,-8.429322852,NA,1.180413877,8,-140.7146359,310.5201809,25.79829963,4.62E-07
69,548.435596,NA,NA,-1.621195678,NA,NA,NA,221.4374514,NA,NA,4,-149.9440781,310.5548228,25.83294148,4.55E-07
17,990.3375006,NA,NA,NA,NA,-7.551258008,NA,NA,NA,NA,3,-151.5322595,310.564519,25.84263773,4.52E-07
68,451.9752256,-141.7107682,0.465626402,NA,NA,NA,NA,134.0775328,NA,NA,5,-148.1500213,310.5857569,25.86387557,4.48E-07
85,844.0121547,NA,NA,-1.777902601,NA,-9.164568,NA,242.2165623,NA,NA,5,-148.1562365,310.5981873,25.87630602,4.45E-07
30,816.5943945,-247.2974383,NA,2.460257158,-0.298826717,-10.3192679,NA,NA,NA,NA,6,-146.0796499,310.6208383,25.89895699,4.40E-07
186,1234.534311,-208.678244,NA,NA,-0.443112378,-14.43553752,62.35944478,NA,-158.9412856,NA,7,-143.6719094,310.6771521,25.95527081,4.28E-07
89,834.4776068,NA,NA,NA,0.110781112,-9.445924056,NA,250.8283538,NA,NA,5,-148.1992636,310.6842414,25.96236015,4.26E-07
60,986.4811638,-201.4242204,0.093491851,NA,-0.415485381,-13.26398287,58.44223238,NA,NA,NA,7,-143.6999222,310.7331778,26.01129653,4.16E-07
62,988.0745282,-201.5675834,NA,1.048202294,-0.463342604,-13.24421781,59.76355205,NA,NA,NA,7,-143.7079043,310.7491419,26.02726063,4.12E-07
364,683.013803,-35.56850113,0.062762876,NA,-0.263609866,NA,-8.353057036,-11.9369424,NA,1.118666919,8,-140.8385244,310.7679578,26.04607651,4.09E-07
154,734.4215861,-242.8961626,NA,NA,-0.185011715,-10.21298652,NA,NA,59.06932473,NA,6,-146.1835866,310.8287117,26.10683039,3.96E-07
98,482.2125825,-132.5052251,NA,NA,NA,NA,26.94872551,116.0981825,NA,NA,5,-148.2789567,310.8436277,26.12174641,3.93E-07
360,638.8153706,-40.80740495,0.113596703,1.95836736,NA,NA,-16.52743605,2.305551817,NA,1.156547817,8,-140.8810063,310.8529217,26.1310404,3.92E-07
12,551.0905063,-193.9190472,0.352943382,NA,-0.589272248,NA,NA,NA,NA,NA,5,-148.2920754,310.8698651,26.14798379,3.88E-07
150,702.3371397,-252.7451325,NA,1.32742886,NA,-10.66511417,NA,NA,73.44028767,NA,6,-146.2082075,310.8779534,26.15607211,3.87E-07
14,550.9510534,-199.6091413,NA,3.864857958,-0.736021747,NA,NA,NA,NA,NA,5,-148.3969025,311.0795192,26.35763795,3.50E-07
74,515.3102225,-164.2520401,NA,NA,-0.424505883,NA,NA,70.56447869,NA,NA,5,-148.4496399,311.1849942,26.46311286,3.32E-07
137,-277.1873621,NA,NA,NA,-0.615487511,NA,NA,NA,787.0940651,NA,4,-150.2746246,311.2159158,26.49403451,3.27E-07
177,401.7734397,NA,NA,NA,NA,-9.448118555,69.73519227,NA,489.0867786,NA,5,-148.4781548,311.2420238,26.52014256,3.22E-07
169,-174.6336427,NA,NA,NA,-0.855458479,NA,56.24338614,NA,726.8705693,NA,5,-148.5656792,311.4170726,26.69519134,2.95E-07
180,1099.061495,-227.1475832,0.101269333,NA,NA,-14.77767032,54.4790528,NA,-91.71324183,NA,7,-144.0655975,311.4645282,26.74264695,2.88E-07
56,962.7270716,-220.8438927,0.100642769,-0.342037512,NA,-14.16139848,53.9882064,NA,NA,NA,7,-144.0826048,311.4985429,26.77666161,2.84E-07
182,1123.465458,-225.3413392,NA,-0.586704413,NA,-15.01338772,57.46207955,NA,-100.9335377,NA,7,-144.094116,311.5215654,26.79968408,2.80E-07
131,-528.980037,NA,0.379217526,NA,NA,NA,NA,NA,937.2348828,NA,4,-150.4606449,311.5879565,26.86607523,2.71E-07
36,502.2133623,-198.0511574,0.265840569,NA,NA,NA,19.40184809,NA,NA,NA,5,-148.6670281,311.6197705,26.89788919,2.67E-07
70,456.7162143,-159.4175017,NA,0.278377078,NA,NA,NA,106.9949268,NA,NA,5,-148.685251,311.6562163,26.93433496,2.62E-07
53,1182.567625,NA,NA,-3.572009082,NA,-12.8620585,80.57869507,NA,NA,NA,5,-148.6858766,311.6574676,26.93558626,2.62E-07
105,655.4107913,NA,NA,NA,-0.639003157,NA,47.70743617,152.9774526,NA,NA,5,-148.6895098,311.6647339,26.94285259,2.61E-07
197,-408.7879526,NA,NA,-1.278356324,NA,NA,NA,190.2891412,731.6057765,NA,5,-148.723561,311.7328362,27.01095493,2.52E-07
99,543.1161321,NA,0.438707912,NA,NA,NA,30.27748972,222.8933897,NA,NA,5,-148.7395271,311.7647685,27.04288716,2.48E-07
201,-380.9700533,NA,NA,NA,-0.095227613,NA,NA,182.9169521,719.2785985,NA,5,-148.740626,311.7669662,27.04508496,2.48E-07
3,730.1300006,NA,0.38962693,NA,NA,NA,NA,NA,NA,NA,3,-152.18307,311.8661401,27.14425877,2.36E-07
145,-209.9091763,NA,NA,NA,NA,-3.274098817,NA,NA,784.6962729,NA,4,-150.6166282,311.899923,27.1780417,2.32E-07
8,476.3920964,-216.3771322,0.359867081,1.588675655,NA,NA,NA,NA,NA,NA,5,-148.8167996,311.9193136,27.19743226,2.30E-07
38,505.6955143,-196.3689515,NA,0.208584009,NA,NA,24.10340859,NA,NA,NA,5,-148.8312629,311.9482402,27.22635886,2.26E-07
51,1163.871053,NA,0.059416098,NA,NA,-12.5250725,76.10013252,NA,NA,NA,5,-148.8919924,312.0696992,27.34781787,2.13E-07
133,-527.0543992,NA,NA,-0.928783215,NA,NA,NA,NA,938.8382716,NA,4,-150.7499869,312.1666404,27.44475909,2.03E-07
5,734.9827761,NA,NA,-1.313124917,NA,NA,NA,NA,NA,NA,3,-152.4308953,312.3617907,27.63990939,1.84E-07
25,992.0860428,NA,NA,NA,-0.739545201,-5.923167603,NA,NA,NA,NA,4,-150.8522125,312.3710916,27.64921027,1.83E-07
101,565.1800307,NA,NA,-2.647628512,NA,NA,40.58043555,206.4565959,NA,NA,5,-149.0487721,312.3832585,27.66137719,1.82E-07
119,1005.914637,NA,0.244132781,-3.22387637,NA,-13.57248635,68.25371943,234.404158,NA,NA,7,-144.5568715,312.4470762,27.72519495,1.76E-07
170,-176.1947629,-142.0950066,NA,NA,-0.593749371,NA,36.95774183,NA,589.4693079,NA,6,-147.0195885,312.5007154,27.77883409,1.72E-07
75,566.4087603,NA,0.563693286,NA,-0.269577485,NA,NA,217.1954396,NA,NA,5,-149.137019,312.5597523,27.83787105,1.67E-07
211,341.6937714,NA,0.571262773,NA,NA,-7.328812837,NA,241.3253537,322.7105529,NA,6,-147.0682152,312.5979689,27.87608761,1.64E-07
226,-384.7795958,-108.9441862,NA,NA,NA,NA,30.2017717,103.099193,673.9732646,NA,6,-147.0872337,312.6360059,27.91412457,1.61E-07
196,-361.3606661,-123.1004206,0.451599075,NA,NA,NA,NA,120.1995806,630.2481527,NA,6,-147.0963865,312.6543114,27.93243013,1.59E-07
71,528.7461166,NA,0.570531043,-0.789717745,NA,NA,NA,238.7082084,NA,NA,5,-149.216957,312.7196283,27.997747,1.54E-07
125,1023.921897,NA,NA,-4.024110217,0.070938312,-14.10078244,73.7305956,231.8284156,NA,NA,7,-144.7431091,312.8195516,28.09767028,1.46E-07
245,978.9855968,NA,NA,-3.703087552,NA,-13.70839834,73.63535212,223.9700398,32.06871342,NA,7,-144.7467997,312.8269328,28.10505151,1.46E-07
11,801.0608753,NA,0.396753064,NA,-0.915634287,NA,NA,NA,NA,NA,4,-151.1200332,312.9067331,28.18485184,1.40E-07
123,998.5836903,NA,0.282131314,NA,-0.119647255,-13.03449707,65.60340684,224.8434791,NA,NA,7,-144.7884966,312.9103266,28.1884453,1.40E-07
91,813.2258989,NA,0.598771741,NA,0.18630657,-9.722288358,NA,275.7880393,NA,NA,6,-147.2268174,312.9151732,28.19329193,1.40E-07
243,872.4316571,NA,0.296388437,NA,NA,-12.76793698,63.13965992,231.7264906,75.72733872,NA,7,-144.7977111,312.9287556,28.20687429,1.39E-07
87,825.812626,NA,0.578408058,-0.935878957,NA,-9.219193677,NA,259.8496218,NA,NA,6,-147.2549619,312.9714623,28.24958098,1.36E-07
19,986.7562462,NA,0.38362342,NA,NA,-7.516551489,NA,NA,NA,NA,4,-151.2467764,313.1602195,28.43833819,1.24E-07
227,-411.0578738,NA,0.395527693,NA,NA,NA,32.37434316,189.759117,731.3402518,NA,6,-147.3561207,313.17378,28.45189866,1.23E-07
185,731.2271539,NA,NA,NA,-0.837485367,-9.264578571,78.34573532,NA,287.8692725,NA,6,-147.3626156,313.1867698,28.46488846,1.22E-07
164,-402.6912463,-166.004845,0.247943716,NA,NA,NA,23.42451151,NA,701.4571725,NA,6,-147.4144589,313.2904563,28.568575,1.16E-07
163,-528.145698,NA,0.195895603,NA,NA,NA,43.56289906,NA,939.2200794,NA,5,-149.5194909,313.324696,28.60281473,1.14E-07
92,773.6794568,-182.7942851,0.451923944,NA,0.137051851,-11.28902394,NA,140.5493108,NA,NA,7,-144.9981396,313.3296125,28.60773119,1.14E-07
88,777.8649896,-187.4610804,0.45133348,1.083221857,NA,-10.94066033,NA,125.3316059,NA,NA,7,-145.0009565,313.3352463,28.61336496,1.13E-07
13,807.1527351,NA,NA,2.8869943,-1.030853108,NA,NA,NA,NA,NA,4,-151.3369863,313.3406393,28.61875802,1.13E-07
165,-517.3540964,NA,NA,-2.18454714,NA,NA,48.60292131,NA,935.2965213,NA,5,-149.5278234,313.341361,28.61947974,1.13E-07
140,-230.0750124,-175.9146435,0.348788517,NA,-0.399420745,NA,NA,NA,586.0515394,NA,6,-147.459654,313.3808465,28.6589652,1.11E-07
212,750.1234967,-182.4745757,0.443130877,NA,NA,-10.78535157,NA,127.79682,20.98070096,NA,7,-145.0278582,313.3890497,28.66716842,1.10E-07
249,941.99803,NA,NA,NA,-0.176085642,-12.90884416,71.58479336,206.8702272,55.03872417,NA,7,-145.0340362,313.4014056,28.67952435,1.10E-07
37,739.9516016,NA,NA,-2.574939195,NA,NA,48.89354654,NA,NA,NA,4,-151.3949196,313.4565058,28.73462454,1.07E-07
35,733.615761,NA,0.207141247,NA,NA,NA,43.36939875,NA,NA,NA,4,-151.4040962,313.4748591,28.75297782,1.06E-07
59,1180.758698,NA,0.041027154,NA,-0.9137018,-10.93155874,82.46293124,NA,NA,NA,6,-147.5131288,313.487796,28.76591469,1.05E-07
61,1182.654902,NA,NA,0.137469039,-0.920874623,-10.96948183,83.24983874,NA,NA,NA,6,-147.5172075,313.4959535,28.77407224,1.04E-07
233,-275.3608971,NA,NA,NA,-0.402643871,NA,45.54809028,143.1599847,685.2469398,NA,6,-147.5497038,313.5609461,28.83906478,1.01E-07
166,-406.5527872,-163.6933733,NA,0.040764142,NA,NA,28.00858469,NA,707.6087238,NA,6,-147.5769644,313.6154672,28.89358592,9.84E-08
45,826.9258089,NA,NA,2.176508406,-1.228115627,NA,58.6737025,NA,NA,NA,5,-149.6661656,313.6180455,28.89616418,9.83E-08
43,822.2664796,NA,0.161120559,NA,-1.130858759,NA,56.39831669,NA,NA,NA,5,-149.672686,313.6310864,28.90920507,9.76E-08
202,-286.595975,-143.2081269,NA,NA,-0.21771646,NA,NA,76.27396429,599.5261179,NA,6,-147.5921531,313.6458447,28.92396337,9.69E-08
21,993.4736916,NA,NA,-1.418639617,NA,-7.566580517,NA,NA,NA,NA,4,-151.5059088,313.6784842,28.95660288,9.53E-08
229,-410.4116184,NA,NA,-2.324936837,NA,NA,41.6432845,174.3039459,745.9797007,NA,6,-147.6494745,313.7604875,29.03860622,9.15E-08
198,-370.4999894,-140.2587987,NA,0.350311346,NA,NA,NA,93.47204237,640.6658978,NA,6,-147.6539436,313.7694256,29.04754434,9.11E-08
142,-195.1593854,-181.6782912,NA,3.02238049,-0.521068212,NA,NA,NA,559.5831375,NA,6,-147.6602887,313.7821159,29.06023463,9.05E-08
136,-394.5864807,-188.5801175,0.357997392,1.557656362,NA,NA,NA,NA,672.3423384,NA,6,-147.681732,313.8250024,29.1031211,8.86E-08
46,607.8218832,-164.5784278,NA,3.26535659,-0.906564858,NA,35.33620018,NA,NA,NA,6,-147.731683,313.9249044,29.20302314,8.43E-08
106,577.3322835,-132.6665082,NA,NA,-0.640424179,NA,36.01812117,62.63810923,NA,NA,6,-147.7577189,313.9769763,29.25509496,8.21E-08
44,603.0125915,-163.1031178,0.224352714,NA,-0.764947241,NA,32.44431005,NA,NA,NA,6,-147.7695148,314.0005681,29.27868679,8.12E-08
77,591.0033903,NA,NA,-0.320586436,-0.310779302,NA,NA,196.7351331,NA,NA,5,-149.858075,314.0018642,29.27998294,8.11E-08
139,-271.0926048,NA,0.38579343,NA,-0.622192005,NA,NA,NA,781.1505519,NA,5,-149.9465929,314.1789001,29.45701882,7.42E-08
100,471.3700002,-125.1470181,0.385269245,NA,NA,NA,20.25082114,135.7538606,NA,NA,6,-147.9259868,314.3135121,29.59163083,6.94E-08
213,310.0738658,NA,NA,-1.575137038,NA,-7.086242083,NA,222.3110007,356.8576305,NA,6,-147.9274346,314.3164076,29.59452633,6.93E-08
217,277.5808282,NA,NA,NA,0.133751484,-7.347630243,NA,232.1160805,371.6410118,NA,6,-147.9517644,314.3650672,29.64318595,6.76E-08
76,502.3091622,-147.7172328,0.440456535,NA,-0.36874823,NA,NA,100.2779111,NA,NA,6,-147.9635147,314.388568,29.66668667,6.68E-08
16,552.565316,-197.4806774,0.400800232,4.600523692,-0.774777339,NA,NA,NA,NA,NA,6,-147.9765138,314.414566,29.69268473,6.60E-08
199,-397.8811675,NA,0.5410145,-0.500488605,NA,NA,NA,207.6288557,708.9996031,NA,6,-147.9857493,314.433037,29.71115575,6.54E-08
203,-384.5622401,NA,0.543992437,NA,-0.043592417,NA,NA,204.3950701,702.9349842,NA,6,-147.9878349,314.4372083,29.71532701,6.52E-08
93,829.683485,NA,NA,-3.088803888,0.309680189,-10.03547496,NA,268.8061521,NA,NA,6,-148.0718851,314.6053087,29.8834274,6.00E-08
32,813.6286661,-244.5660577,0.364456348,3.152656894,-0.341364844,-10.14703835,NA,NA,NA,NA,7,-145.6417602,314.6168537,29.89497243,5.96E-08
153,-32.90056405,NA,NA,NA,-0.583799823,-2.614741196,NA,NA,669.874145,NA,5,-150.1787376,314.6431896,29.92130829,5.89E-08
218,738.5681068,-197.8527188,NA,NA,0.079474946,-11.0362511,NA,109.4795334,31.67472423,NA,7,-145.6776449,314.6886232,29.96674187,5.75E-08
94,785.8089324,-201.0281509,NA,0.357192449,0.053982434,-11.1753052,NA,106.7524193,NA,NA,7,-145.6776902,314.6887138,29.96683249,5.75E-08
214,747.978296,-200.6789003,NA,0.596949748,NA,-10.86290933,NA,100.8537315,27.01814139,NA,7,-145.6793612,314.6920557,29.97017443,5.74E-08
72,449.0558783,-144.4511447,0.471478304,0.787163206,NA,NA,NA,132.0112595,NA,NA,6,-148.1392508,314.7400401,30.01815884,5.61E-08
141,-253.322333,NA,NA,1.846496521,-0.697956409,NA,NA,NA,771.557259,NA,5,-150.2329996,314.7517135,30.0298322,5.57E-08
244,1166.47432,-158.8427823,0.216698086,NA,NA,-15.14664012,55.8241643,134.0128779,-158.3102867,NA,8,-142.9092791,314.9094673,30.18758604,5.15E-08
147,-208.1811733,NA,0.378347219,NA,NA,-3.258614008,NA,NA,781.2573929,NA,5,-150.3120473,314.9098088,30.18792755,5.15E-08
120,936.2355964,-145.8103606,0.205398878,-1.241975804,NA,-14.12869604,55.980857,134.3492065,NA,NA,8,-142.9329716,314.9568523,30.23497101,5.03E-08
152,694.1531272,-251.3245391,0.3456195,1.832488889,NA,-10.59141089,NA,NA,76.58619276,NA,7,-145.8178062,314.9689457,30.24706444,5.00E-08
156,728.6140875,-240.0025168,0.331314456,NA,-0.195766763,-10.10212666,NA,NA,62.15359458,NA,7,-145.8194352,314.9722037,30.2503224,4.99E-08
124,936.9132501,-151.2690029,0.210053925,NA,-0.11263153,-13.81381486,55.35919287,120.8836317,NA,NA,8,-142.9509846,314.9928784,30.27099709,4.94E-08
102,485.9178477,-128.6493649,NA,-0.793164014,NA,NA,27.86917312,118.7944264,NA,NA,6,-148.26856,314.9986584,30.2767771,4.93E-08
7,731.5409845,NA,0.382036685,-0.740264755,NA,NA,NA,NA,NA,NA,4,-152.176456,315.0195787,30.29769736,4.88E-08
504,260.9977072,-42.36488896,0.034453727,1.17172094,NA,-6.513910985,5.801548552,4.00330904,449.2718137,1.053216073,10,-135.2887804,315.0220052,30.30012391,4.87E-08
448,249.2586048,-43.50843709,0.030708991,1.165100734,0.013028641,-6.456273525,5.23885707,NA,457.1250273,1.061238726,10,-135.2899635,315.0243713,30.30249006,4.86E-08
510,257.9691097,-41.74727972,NA,0.998879685,0.027821016,-6.588044907,6.208023511,4.60754755,452.2395304,1.058432174,10,-135.2959695,315.0363834,30.3145021,4.84E-08
181,458.9716671,NA,NA,-3.145945621,NA,-9.848859784,73.01251444,NA,461.1401993,NA,6,-148.306703,315.0749444,30.35306311,4.74E-08
480,195.9073472,-40.39781811,0.04971462,1.209372208,0.047516942,-6.035739854,NA,3.952339455,483.4257933,1.083991562,10,-135.319236,315.0829165,30.3610352,4.72E-08
508,262.1278583,-37.89111869,0.03026163,NA,0.094038866,-6.820749247,6.830163224,16.44115367,448.6975182,1.045735305,10,-135.3316317,315.1077079,30.38582662,4.67E-08
246,1219.525184,-156.2040919,NA,-1.693256857,NA,-15.65495905,62.59236777,129.1815391,-175.9630607,NA,8,-143.0123619,315.1156329,30.39375157,4.65E-08
78,528.1694231,-177.9474381,NA,3.008079006,-0.599500286,NA,NA,46.0413395,NA,NA,6,-148.3359413,315.133421,30.41153967,4.61E-08
250,1237.585142,-164.1384539,NA,NA,-0.180613864,-15.24200146,62.22777421,108.4309935,-185.6131899,NA,8,-143.0295971,315.1501032,30.42822192,4.57E-08
135,-526.964183,NA,0.375467133,-0.366831647,NA,NA,NA,NA,936.2548149,NA,5,-150.458718,315.2031503,30.48126899,4.45E-08
107,627.2501561,NA,0.366284239,NA,-0.546693841,NA,39.41284163,174.5969334,NA,NA,6,-148.3919126,315.2453636,30.5234823,4.36E-08
126,957.668438,-149.6816218,NA,-1.29656716,-0.078168905,-14.24655453,60.98200424,117.5601189,NA,NA,8,-143.0842779,315.2594649,30.53758358,4.32E-08
27,988.452409,NA,0.390736573,NA,-0.745476799,-5.874759292,NA,NA,NA,NA,5,-150.534744,315.3552023,30.63332106,4.12E-08
179,384.1257179,NA,0.091951498,NA,NA,-9.26198898,67.67537636,NA,496.9826306,NA,6,-148.4582714,315.3780812,30.65619987,4.08E-08
171,-177.4796122,NA,0.164018747,NA,-0.845586228,NA,53.26150644,NA,727.5366001,NA,6,-148.5015119,315.4645622,30.74268095,3.90E-08
158,751.8146836,-244.696498,NA,2.430199826,-0.293150206,-10.05840808,NA,NA,43.54842699,NA,7,-146.0758932,315.4851197,30.76323836,3.86E-08
511,139.5702917,NA,0.039726619,0.564353161,0.079390507,-5.702709886,4.459335968,25.23634659,536.8894999,1.114563672,10,-135.5207159,315.4858762,30.76399488,3.86E-08
149,-200.5040789,NA,NA,-1.039954298,NA,-3.310654149,NA,NA,780.0504742,NA,5,-150.601152,315.4880182,30.76613696,3.86E-08
173,-159.164338,NA,NA,1.243320039,-0.909584177,NA,55.91434281,NA,716.7613441,NA,6,-148.5433753,315.5482891,30.82640776,3.74E-08
40,497.5560678,-200.6384349,0.278468802,0.823154189,NA,NA,18.27564984,NA,NA,NA,6,-148.6563139,315.7741663,31.052285,3.34E-08
103,547.5009292,NA,0.411369115,-1.83463673,NA,NA,32.14071282,222.0249489,NA,NA,6,-148.6839597,315.8294579,31.10757657,3.25E-08
55,1182.289577,NA,0.00417692,-3.563175125,NA,-12.8553064,80.48273216,NA,NA,NA,6,-148.6858376,315.8332136,31.11133234,3.25E-08
109,654.1072377,NA,NA,-0.200213733,-0.627807733,NA,47.69507909,153.9287729,NA,NA,6,-148.6889754,315.8394892,31.11760793,3.24E-08
29,987.9158521,NA,NA,1.980988516,-0.828020673,-5.706994694,NA,NA,NA,NA,5,-150.8072577,315.9002297,31.17834844,3.14E-08
205,-399.0196204,NA,NA,-1.162676199,-0.028147691,NA,NA,188.2442273,727.0865398,NA,6,-148.7228168,315.9071721,31.18529079,3.13E-08
15,805.9372782,NA,0.435872167,3.698373839,-1.069581065,NA,NA,NA,NA,NA,5,-150.9670312,316.2197767,31.49789544,2.68E-08
190,1236.46823,-209.9210632,NA,1.117538186,-0.489710611,-14.31325122,61.60327323,NA,-163.4350395,NA,8,-143.6431691,316.3772473,31.655366,2.47E-08
188,1217.220457,-209.021094,0.084743576,NA,-0.437694497,-14.27353937,60.38578771,NA,-151.2524232,NA,8,-143.644657,316.380223,31.65834171,2.47E-08
64,979.3432323,-202.8011637,0.113287052,1.327733623,-0.469072818,-13.05747613,57.0418404,NA,NA,NA,8,-143.6608688,316.4126467,31.69076544,2.43E-08
79,569.0400826,NA,0.566796351,0.432036479,-0.293237536,NA,NA,215.2871445,NA,NA,6,-149.1346616,316.7308616,32.00898029,2.07E-08
23,988.7306547,NA,0.374838313,-0.856015709,NA,-7.526591975,NA,NA,NA,NA,5,-151.2370644,316.7598432,32.03796186,2.04E-08
228,-375.5569488,-102.6686652,0.355957628,NA,NA,NA,23.94125799,121.5479239,659.0164299,NA,7,-146.7486719,316.8306771,32.10879583,1.97E-08
384,942.5341214,-72.90239027,0.035889485,0.866645543,-0.032157644,-10.09978775,16.45694476,23.88632352,NA,0.931438636,10,-136.2010771,316.8465987,32.12471744,1.96E-08
368,696.7898849,-52.75947574,0.081634507,3.806641422,-0.468117259,NA,-10.60077804,-42.1322462,NA,1.130408607,9,-140.4488702,316.8977404,32.17585914,1.91E-08
39,738.0366356,NA,0.175056003,-2.226642195,NA,NA,45.5688274,NA,NA,NA,5,-151.3413165,316.9683473,32.24646597,1.84E-08
234,-223.9522898,-111.6738875,NA,NA,-0.433584497,NA,35.98018731,68.35105181,599.0125397,NA,7,-146.837537,317.0084074,32.28652611,1.80E-08
172,-180.0369605,-144.9202988,0.219644419,NA,-0.575325429,NA,32.58112221,NA,587.6292519,NA,7,-146.8854727,317.1042788,32.3823975,1.72E-08
174,-146.3117489,-145.9838362,NA,2.405232222,-0.691294416,NA,35.79339376,NA,566.1523988,NA,7,-146.9230591,317.1794515,32.45757019,1.66E-08
184,1103.574107,-226.0972463,0.095284952,-0.367306977,NA,-14.81098091,55.05581052,NA,-92.76419418,NA,8,-144.0622412,317.2153914,32.49351011,1.63E-08
219,318.7162892,NA,0.582755121,NA,0.20470686,-7.849524569,NA,258.4852848,330.3867495,NA,7,-147.0123321,317.3579976,32.63611631,1.51E-08
167,-517.955183,NA,0.169323978,-1.848043249,NA,NA,45.38735582,NA,934.3657847,NA,6,-149.4673598,317.396258,32.67437674,1.49E-08
215,349.3414251,NA,0.563550213,-0.776388719,NA,-7.361332378,NA,241.6160926,318.7619585,NA,7,-147.0561118,317.4455569,32.72367558,1.45E-08
204,-300.4394889,-126.6225743,0.44123545,NA,-0.161648887,NA,NA,106.0457772,600.1387694,NA,7,-147.0593998,317.452133,32.73025171,1.44E-08
230,-381.3895249,-104.8216515,NA,-0.844906711,NA,NA,31.18435504,105.9629786,674.4061897,NA,7,-147.0739417,317.4812167,32.75933544,1.42E-08
200,-365.1563312,-126.0208918,0.457856681,0.843286405,NA,NA,NA,117.9745849,630.7659161,NA,7,-147.0826507,317.4986347,32.7767534,1.41E-08
95,810.1218286,NA,0.583490048,-2.349371108,0.335663398,-10.16365261,NA,288.8250946,NA,NA,7,-147.1464578,317.626249,32.90436773,1.32E-08
47,825.1549931,NA,0.194167349,2.582126124,-1.233103146,NA,55.02573294,NA,NA,NA,6,-149.5877083,317.6369551,32.91507379,1.32E-08
496,-380.8465873,-9.272787034,0.053343269,2.268596674,-0.078867378,NA,-13.15310615,-30.75721422,809.7811593,1.22549472,10,-136.6023992,317.6492429,32.92736157,1.31E-08
235,-296.4218927,NA,0.356886269,NA,-0.314322385,NA,37.48110961,164.2920254,680.5520267,NA,7,-147.2328267,317.7989867,33.07710543,1.21E-08
144,-180.0354362,-179.9434034,0.388057248,3.749969116,-0.562498525,NA,NA,NA,549.4123742,NA,7,-147.2362634,317.8058602,33.08397893,1.21E-08
231,-402.6150725,NA,0.37192799,-1.597758635,NA,NA,33.98683542,189.1633806,727.7960101,NA,7,-147.3077757,317.9488847,33.22700336,1.13E-08
187,717.9808381,NA,0.061879419,NA,-0.834002375,-9.140084659,76.92375732,NA,294.01968,NA,7,-147.3525737,318.0384808,33.31659946,1.08E-08
189,731.1492548,NA,NA,0.081848506,-0.841070245,-9.253366783,78.29732642,NA,287.7350457,NA,7,-147.3625086,318.0583506,33.33646929,1.07E-08
168,-404.5650949,-167.9795319,0.257340099,0.610453475,NA,NA,22.58229591,NA,700.232389,NA,7,-147.4077855,318.1489043,33.42702306,1.02E-08
155,-29.02901557,NA,0.384769329,NA,-0.590772805,-2.591118092,NA,NA,665.0054425,NA,6,-149.8492862,318.1601109,33.43822956,1.01E-08
127,999.3958511,NA,0.24893285,-3.630734754,0.101911209,-13.81681707,67.58866729,243.4493758,NA,NA,8,-144.5441286,318.1791663,33.45728497,1.00E-08
143,-236.5956345,NA,0.413978401,2.634664896,-0.740352176,NA,NA,NA,758.5477169,NA,6,-149.8606165,318.1827715,33.46089022,1.00E-08
247,941.2194175,NA,0.245392185,-3.180744037,NA,-13.28502744,67.59570384,232.2401688,42.11986742,NA,8,-144.5526561,318.1962214,33.47434009,9.96E-09
63,1179.685019,NA,0.044619094,0.24536967,-0.924234348,-10.89044899,82.23447995,NA,NA,NA,7,-147.5122145,318.3577624,33.6358811,9.19E-09
108,556.9872802,-126.7239217,0.310117215,NA,-0.562206172,NA,29.51904676,84.98900802,NA,NA,7,-147.5263121,318.3859576,33.66407629,9.06E-09
237,-291.1937218,NA,NA,-1.007383436,-0.343958627,NA,45.46440003,147.8487724,692.0745438,NA,7,-147.5346497,318.4026328,33.68075152,8.98E-09
48,599.6085874,-168.8562493,0.276118526,3.87047321,-0.905299491,NA,29.54194919,NA,NA,NA,7,-147.5395194,318.4123721,33.69049078,8.94E-09
206,-251.6971256,-152.3781636,NA,1.858767683,-0.332800291,NA,NA,60.92859851,579.3754779,NA,7,-147.5460255,318.4253844,33.7035031,8.88E-09
253,969.6138146,NA,NA,-4.002352745,0.073918229,-13.8687148,73.18831714,230.2362067,35.30415029,NA,8,-144.7402097,318.5713284,33.84944714,8.26E-09
251,896.8250156,NA,0.283976256,NA,-0.111095928,-12.60753568,64.55812596,222.1980253,66.01280074,NA,8,-144.7783818,318.6476727,33.92579144,7.95E-09
110,586.3463928,-144.7353268,NA,2.475421101,-0.778972478,NA,35.10751292,42.65781785,NA,NA,7,-147.675796,318.6849253,33.96304404,7.80E-09
157,-25.19210447,NA,NA,1.60033425,-0.656957592,-2.475861851,NA,NA,662.6346175,NA,6,-150.1474585,318.7564555,34.03457421,7.53E-09
80,516.1478465,-162.3850762,0.452045178,3.317221245,-0.560259909,NA,NA,74.01628895,NA,NA,7,-147.818478,318.9702892,34.24840795,6.76E-09
221,286.9213578,NA,NA,-2.936089773,0.322243519,-7.960396975,NA,249.672009,362.3665334,NA,7,-147.8339995,319.0013323,34.27945101,6.66E-09
96,773.9908502,-185.4167843,0.454143372,0.665101687,0.094062625,-11.18655223,NA,134.9183169,NA,NA,8,-144.9906346,319.0721784,34.35029708,6.43E-09
151,-203.8637953,NA,0.373436618,-0.479867415,NA,-3.275682759,NA,NA,779.1583097,NA,6,-150.3087044,319.0789472,34.35706591,6.41E-09
220,731.8125869,-181.2660798,0.451784898,NA,0.139033766,-11.11611899,NA,140.2034614,28.19255799,NA,8,-144.996383,319.0836751,34.36179381,6.39E-09
216,748.206499,-186.3779425,0.451134227,1.081576009,NA,-10.81398889,NA,124.9632739,20.02704004,NA,8,-145.0000672,319.0910434,34.36916214,6.37E-09
104,471.8261047,-124.7290494,0.384097956,-0.090579279,NA,NA,20.37629906,136.0020145,NA,NA,7,-147.9258498,319.1850329,34.46315156,6.07E-09
207,-391.0595701,NA,0.540895289,-0.41984772,-0.019663527,NA,NA,206.1964909,705.8475179,NA,7,-147.9853584,319.3040501,34.58216877,5.72E-09
31,982.3105958,NA,0.420520362,2.786007298,-0.870358382,-5.567049798,NA,NA,NA,NA,6,-150.4446362,319.3508108,34.62892952,5.59E-09
183,449.0846189,NA,0.042589066,-3.051719767,NA,-9.750647561,71.96031117,NA,465.6343543,NA,7,-148.3025223,319.9383779,35.2164966,4.17E-09
111,628.8349424,NA,0.368361449,0.267936897,-0.561152677,NA,39.38233962,173.4464298,NA,NA,7,-148.3909362,320.1152058,35.39332452,3.82E-09
175,-157.5280482,NA,0.184861213,1.632641138,-0.915405815,NA,52.45051127,NA,714.3465057,NA,7,-148.4638172,320.2609677,35.53908637,3.55E-09
160,750.3871992,-242.0274096,0.364382292,3.123172325,-0.33581443,-9.892405408,NA,NA,42.51474117,NA,8,-145.6380194,320.3669479,35.64506664,3.36E-09
222,740.894226,-199.3161069,NA,0.340587379,0.057208359,-10.99245229,NA,106.5359769,30.23605682,NA,8,-145.6758068,320.4425227,35.72064143,3.24E-09
248,1184.397071,-153.2334278,0.198527026,-1.30889348,NA,-15.27542443,57.91618913,137.6749058,-163.8751681,NA,9,-142.8622479,321.7244958,37.00261454,1.71E-09
252,1196.813005,-159.2932705,0.201459041,NA,-0.134375055,-14.95937437,57.51910959,122.2106888,-170.724162,NA,9,-142.8751142,321.7502285,37.02834718,1.68E-09
128,939.0022702,-146.7101957,0.202805983,-1.030229765,-0.049975214,-14.01231368,56.2312461,129.2961469,NA,NA,9,-142.9294358,321.8588716,37.13699035,1.60E-09
254,1235.722073,-158.3055595,NA,-1.252345246,-0.102226169,-15.45943508,63.06203548,119.2404402,-183.2362733,NA,9,-142.9977077,321.9954154,37.27353408,1.49E-09
236,-245.0681094,-105.6929266,0.311159431,NA,-0.354922297,NA,29.45923809,90.78207388,599.5376613,NA,8,-146.5818092,322.2545275,37.53264626,1.31E-09
176,-143.6349611,-150.2657471,0.259822203,2.986503056,-0.693073976,NA,30.33480717,NA,558.3407747,NA,8,-146.7388131,322.5685353,37.84665399,1.12E-09
232,-374.8315976,-101.7510563,0.353396844,-0.19731513,NA,NA,24.21576397,122.0839961,659.2251335,NA,8,-146.7479403,322.5867897,37.8649084,1.11E-09
238,-200.205867,-118.5548013,NA,1.309353556,-0.51176749,NA,35.49942706,57.64733016,584.8248836,NA,8,-146.8130209,322.7169508,37.9950695,1.04E-09
159,-17.25351254,NA,0.410431094,2.391077037,-0.700543689,-2.382041415,NA,NA,653.8640719,NA,7,-149.7784734,322.8902801,38.16839878,9.53E-10
223,324.8117857,NA,0.56853217,-2.231636387,0.346242406,-8.303021298,NA,271.1854579,324.3443561,NA,8,-146.9383494,322.9676078,38.2457265,9.17E-10
208,-259.9122997,-137.0498331,0.448789837,2.171165696,-0.295114612,NA,NA,88.63108052,576.6119555,NA,8,-146.9931145,323.077138,38.35525674,8.68E-10
192,1215.457741,-210.6299892,0.105000895,1.373017904,-0.49365042,-14.08457282,58.98496027,NA,-154.9355263,NA,9,-143.6026895,323.2053791,38.48349776,8.14E-10
239,-304.8157141,NA,0.352567858,-0.550282194,-0.283334341,NA,37.53300633,166.5975681,684.3384082,NA,8,-147.2282397,323.5473885,38.8255072,6.86E-10
191,717.00621,NA,0.065370955,0.238726306,-0.844261807,-9.100358858,76.70232896,NA,293.9752186,NA,8,-147.3516943,323.7942977,39.07241643,6.06E-10
112,566.1597497,-140.0906493,0.325929394,2.803781467,-0.715144506,NA,28.15627472,63.49798723,NA,NA,8,-147.4192302,323.9293695,39.20748817,5.67E-10
255,926.9793253,NA,0.250533506,-3.599256236,0.106075251,-13.50621696,66.8276536,241.4056092,46.97341905,NA,9,-144.5389002,325.0778003,40.35591905,3.19E-10
512,254.6572641,-41.56482037,0.036099294,1.036629154,0.032656109,-6.564886018,5.561314228,7.133009999,452.2680288,1.054183864,11,-135.2855808,325.5711616,40.84928031,2.49E-10
224,736.226198,-183.9830386,0.453970987,0.651021473,0.096760118,-11.03278548,NA,134.7256174,25.42574353,NA,9,-144.9892082,325.9784165,41.2565352,2.03E-10
240,-215.9837462,-114.1246702,0.320367014,1.638135332,-0.450409515,NA,28.66479506,78.05438337,581.8029902,NA,9,-146.5426395,329.0852791,44.36339777,4.30E-11
256,1196.735054,-154.8019605,0.194491453,-1.000280563,-0.073363972,-15.14281907,58.34830778,130.3678942,-169.3406036,NA,10,-142.8546515,330.1537474,45.4318661,2.52E-11
