,(Intercept),corn_med.lag2,cpi.lag2,for_prod.lag2,nfi.lag2,rice_med.lag2,rub_med.lag2,sug_med.lag2,time,df,logLik,AICc,delta,weight
129,692.5357351,,,,,,,,1.179391432,3,-141.339203,290.178406,0,0.22144306
131,757.9199504,,-2.43144183,,,,,,1.132458064,4,-140.3676413,291.4019493,1.223543288,0.120108301
137,695.7525866,,,,0.558994114,,,,1.19893801,4,-141.0923018,292.8512703,2.672864335,0.058191153
130,702.4461632,-1.0000301,,,,,,,1.151101351,4,-141.1348689,292.9364044,2.757998386,0.055766108
193,694.8474093,,,,,,,-0.25588375,1.175051935,4,-141.3032996,293.2732658,3.094859779,0.047121794
133,691.8240733,,,-7.04E-05,,,,,1.162582812,4,-141.3206443,293.3079552,3.12954925,0.046311526
161,691.6014841,,,,,,0.00884293,,1.182100996,4,-141.3342713,293.3352093,3.156803326,0.045684717
145,692.8295811,,,,,-0.017514283,,,1.178396763,4,-141.3389556,293.3445778,3.16617186,0.045471218
139,769.9214086,,-2.714751557,,0.761625975,,,,1.153621513,5,-139.8704082,294.0265308,3.848124794,0.032333476
163,763.3846465,,-2.873348197,,,,0.06075434,,1.142543829,5,-140.1423515,294.5704173,4.392011355,0.024634794
147,757.6209016,,-2.592724997,,,0.27633046,,,1.145038195,5,-140.3040607,294.8938357,4.715429732,0.020956537
195,761.718781,,-2.683704254,,,,,0.330392334,1.133191798,5,-140.3126277,294.9109697,4.732563696,0.02077777
132,757.958905,-0.349955293,-2.303922163,,,,,,1.125019571,5,-140.3431214,294.9719571,4.793551104,0.020153741
135,757.2155089,,-2.432022128,-7.13E-05,,,,,1.11544021,5,-140.3467018,294.9791179,4.800711924,0.020081712
138,703.1913804,-0.801421523,NA,NA,0.471518441,NA,NA,NA,1.173207614,5,-140.964463,296.2146404,6.036234365,0.010827057
162,701.5744548,-1.447215177,NA,NA,NA,NA,0.050197787,NA,1.153831941,5,-141.013254,296.3122223,6.133816271,0.010311475
201,699.3630754,NA,NA,NA,0.607181127,NA,NA,-0.368956932,1.194365896,5,-141.0175064,296.320727,6.142321054,0.01026772
153,700.5004377,NA,NA,NA,0.651961694,-0.251101084,NA,NA,1.18792834,5,-141.0469899,296.3796941,6.201288077,0.00996941
141,694.9453019,NA,NA,-8.66E-05,0.570721039,NA,NA,NA,1.17868703,5,-141.0636559,296.4130261,6.234620139,0.009804637
146,700.2911897,-1.337208993,NA,NA,NA,0.32760894,NA,NA,1.160168351,5,-141.0697769,296.4252681,6.246862076,0.009744806
169,694.88335,NA,NA,NA,0.558214879,NA,0.008185107,NA,1.201418762,5,-141.0879716,296.4616575,6.283251486,0.009569106
134,701.8590518,-1.033646894,NA,-9.11E-05,NA,NA,NA,NA,1.128414935,5,-141.1034087,296.4925317,6.314125754,0.00942252
194,703.9906094,-0.970318731,NA,NA,NA,NA,NA,-0.203550308,1.148489881,5,-141.111878,296.5094702,6.33106425,0.009343056
225,693.3000613,NA,NA,NA,NA,NA,0.025803108,-0.386360474,1.180745533,5,-141.2704669,296.8266481,6.648242129,0.007972869
197,694.2331791,NA,NA,-8.25E-05,NA,NA,NA,-0.280182594,1.154947705,5,-141.2780517,296.8418178,6.663411768,0.007912625
209,694.7138782,NA,NA,NA,NA,0.008658005,NA,-0.257182013,1.175521623,5,-141.3032398,296.8921939,6.713787899,0.007715811
165,690.6433375,NA,NA,-7.50E-05,NA,NA,0.010738226,NA,1.164780798,5,-141.3134362,296.9125867,6.734180713,0.007637537
149,692.0594677,NA,NA,-7.03E-05,NA,-0.013938194,NA,NA,1.161827758,5,-141.3204874,296.9266891,6.748283089,0.007583872
177,692.073763,NA,NA,NA,NA,-0.032147492,0.00947782,NA,1.180469816,5,-141.3334628,296.9526399,6.774233898,0.007486104
171,776.3181145,NA,-3.204682943,NA,0.791930014,NA,0.065807164,NA,1.165388156,6,-139.5927035,297.6469455,7.468539511,0.00529041
143,769.2050829,NA,-2.720366608,-9.33E-05,0.774679156,NA,NA,NA,1.131710277,6,-139.8328265,298.1271916,7.948785566,0.004161072
203,772.3605908,NA,-2.888812992,NA,0.743703948,NA,NA,0.236702593,1.153649179,6,-139.8410526,298.1436437,7.965237677,0.004126983
140,770.1425583,0.105380212,-2.758648315,NA,0.776404793,NA,NA,NA,1.15627209,6,-139.8682661,298.1980707,8.019664708,0.004016188
155,769.7882472,NA,-2.724329579,NA,0.754609547,0.020881994,NA,NA,1.154377213,6,-139.8700711,298.2016807,8.023274717,0.004008945
164,765.7962344,-1.009567614,-2.691400594,NA,NA,NA,0.086316051,NA,1.125328384,6,-139.972799,298.4071365,8.228730476,0.003617562
179,762.9136441,NA,-2.990573579,NA,NA,0.231405264,0.058302105,NA,1.152671617,6,-140.097162,298.6558625,8.477456473,0.003194521
167,762.6698597,NA,-2.895123444,-9.86E-05,NA,NA,0.063637728,NA,1.119489282,6,-140.1018711,298.6652807,8.48687469,0.003179513
227,764.1440406,NA,-2.91969131,NA,NA,NA,0.057613917,0.090613387,1.142223724,6,-140.138739,298.7390164,8.560610386,0.003064426
148,757.5098297,-0.793800684,-2.411031091,NA,NA,0.460612075,NA,NA,1.136555067,6,-140.2051323,298.871803,8.693397005,0.002867576
211,761.3414815,NA,-2.836336562,NA,NA,0.271060488,NA,0.323090683,1.145515794,6,-140.2511451,298.9638286,8.785422654,0.00273862
151,756.8810009,NA,-2.595739774,-7.44E-05,NA,0.28045777,NA,NA,1.127459525,6,-140.2811046,299.0237476,8.845341584,0.002657789
196,761.6397979,-0.3251482,-2.557575685,NA,NA,NA,NA,0.3203752,1.126258347,6,-140.2913983,299.0443351,8.865929158,0.002630571
199,760.9115415,NA,-2.66862671,-5.80E-05,NA,NA,NA,0.310026725,1.119302212,6,-140.298908,299.0593544,8.880948421,0.00261089
136,757.1830642,-0.382191594,-2.292817698,-7.89E-05,NA,NA,NA,NA,1.105504971,6,-140.3176264,299.0967913,8.91838532,0.002562473
226,705.4177618,-1.636891204,NA,NA,NA,NA,0.080941872,-0.576892154,1.148103018,6,-140.8714331,300.2044046,10.02599862,0.001472801
170,702.3746306,-1.201805023,NA,NA,0.423752577,NA,0.042685709,NA,1.173290159,6,-140.876936,300.2154104,10.0370044,0.001464719
202,705.6420846,-0.735488939,NA,NA,0.519590903,NA,NA,-0.31297725,1.171446028,6,-140.9108807,300.2832999,10.10489396,0.001415834
178,698.9596902,-1.887176583,NA,NA,NA,0.384357941,0.055179095,NA,1.16474051,6,-140.9236612,300.3088609,10.13045486,0.001397854
142,702.5580004,-0.834364911,NA,-0.000100739,0.48156525,NA,NA,NA,1.148590813,6,-140.9253922,300.3123229,10.13391692,0.001395436
166,700.6622332,-1.547088605,NA,-0.000125321,NA,NA,0.056217573,NA,1.122949848,6,-140.9546693,300.370877,10.19247098,0.001355174
154,702.8894233,-0.852268259,NA,NA,0.450814445,0.040930356,NA,NA,1.173369746,6,-140.9637642,300.3890669,10.21066094,0.001342905
233,697.6138806,NA,NA,NA,0.625386741,NA,0.031426883,-0.531261362,1.201879517,6,-140.967609,300.3967564,10.21835038,0.001337752
205,698.7173562,NA,NA,-0.000105563,0.62599367,NA,NA,-0.403539715,1.16925003,6,-140.9752471,300.4120327,10.23362673,0.001327573
217,703.5055675,NA,NA,NA,0.689454675,-0.228921113,NA,-0.349951851,1.18456423,6,-140.979777,300.4210924,10.24268646,0.001321572
157,699.6899109,NA,NA,-8.65E-05,0.663584467,-0.250866557,NA,NA,1.167717553,6,-141.0182988,300.4981361,10.31973008,0.001271631
150,699.4991257,-1.395824566,NA,-0.000102153,NA,0.347933978,NA,NA,1.135291044,6,-141.0301942,300.5219268,10.3435208,0.001256594
185,699.5119443,NA,NA,NA,0.659370908,-0.27458144,0.013488689,NA,1.190986998,6,-141.0355698,300.532678,10.35427201,0.001249857
210,701.9512834,-1.323920593,NA,NA,NA,0.348267388,NA,-0.236701545,1.157703314,6,-141.0387318,300.5390021,10.36059608,0.001245912
173,693.7918121,NA,NA,-9.10E-05,0.570327234,NA,0.01047085,NA,1.180819176,6,-141.0566241,300.5747867,10.39638068,0.001223818
198,703.5540125,-1.003336856,NA,-0.00010047,NA,NA,NA,-0.231349288,1.123112477,6,-141.0739402,300.6094188,10.43101278,0.001202808
229,692.2338416,NA,NA,-0.000102664,NA,NA,0.030841927,-0.442065769,1.156849287,6,-141.232503,300.9265445,10.74813851,0.00102644
241,693.5686819,NA,NA,NA,NA,-0.018643862,0.026118627,-0.385160298,1.179803745,6,-141.2701939,301.0019262,10.8235202,0.000988472
213,693.9927816,NA,NA,-8.28E-05,NA,0.01545529,NA,-0.282580529,1.155719598,6,-141.2778611,301.0172607,10.83885475,0.000980922
181,691.1031695,NA,NA,-7.49E-05,NA,-0.031229927,0.011352952,NA,1.163214851,6,-141.3126716,301.0868817,10.9084757,0.000947364
175,775.7297025,NA,-3.240102169,-0.000124154,0.81102991,NA,0.069560936,NA,1.136899675,7,-139.5250866,302.3835066,12.20510064,0.000495402
172,776.4669998,-0.526882909,-3.081297692,NA,0.72398205,NA,0.078714022,NA,1.15444354,7,-139.5483862,302.4301057,12.25169972,0.000483993
187,776.688076,NA,-3.18703029,NA,0.808531391,-0.048557904,0.066427662,NA,1.163741839,7,-139.5908542,302.5150417,12.33663566,0.000463869
235,775.964655,NA,-3.180380611,NA,0.796654388,NA,0.067618091,-0.051382508,1.165705953,7,-139.5914965,302.5163264,12.3379204,0.000463571
180,766.1348742,-1.649915307,-2.872412014,NA,NA,0.585133112,0.096328571,NA,1.140018188,7,-139.7458236,302.8249806,12.64657464,0.000397277
207,771.3931923,NA,-2.870864445,-8.40E-05,0.757826523,NA,NA,0.20541897,1.133915236,7,-139.8110162,302.9553658,12.77695981,0.000372204
144,769.3662813,0.07258222,-2.750531573,-9.21E-05,0.784696509,NA,NA,NA,1.133807471,7,-139.8318123,302.996958,12.81855203,0.000364543
159,769.0662084,NA,-2.73033802,-9.33E-05,0.767381105,0.021734985,NA,NA,1.132488477,7,-139.8324599,302.9982532,12.81984724,0.000364307
204,772.6153098,0.113952751,-2.937392421,NA,0.759570534,NA,NA,0.23821441,1.156515553,7,-139.8385416,303.0104165,12.83201048,0.000362098
219,772.2152752,NA,-2.899801589,NA,0.735822367,0.023374971,NA,0.237065833,1.15449514,7,-139.840629,303.0145913,12.83618535,0.000361343
156,770.3283938,0.131404334,-2.760050327,NA,0.786968704,-0.02057779,NA,NA,1.15618197,7,-139.8680693,303.069472,12.89106601,0.000351563
168,765.0796767,-1.114005042,-2.702007678,-0.000133212,NA,NA,0.092857235,NA,1.092389377,7,-139.8993081,303.1319496,12.9535436,0.00034075
228,765.242845,-1.041447461,-2.647236412,NA,NA,NA,0.08972666,-0.075118988,1.125050128,7,-139.9704445,303.2742223,13.09581634,0.000317352
183,762.1806498,NA,-3.014381361,-0.000100144,NA,0.23472948,0.061196419,NA,1.12939353,7,-140.0551923,303.4437179,13.26531188,0.000291566
243,763.7100753,NA,-3.03980677,NA,NA,0.232403749,0.054989532,0.095275274,1.152378743,7,-140.0931508,303.519635,13.34122899,0.000280706
231,762.9986603,NA,-2.913740307,-9.64E-05,NA,NA,0.062279603,0.037344188,1.119868065,7,-140.101275,303.5358834,13.3574774,0.000278434
212,760.9115436,-0.75840693,-2.641541384,NA,NA,0.447584077,NA,0.294970679,1.137369343,7,-140.1608055,303.6549443,13.47653828,0.000262343
152,756.5724167,-0.849465997,-2.402077614,-9.35E-05,NA,0.478720458,NA,NA,1.113874039,7,-140.1689994,303.6713322,13.49292616,0.000260202
215,760.4810886,NA,-2.822481576,-6.14E-05,NA,0.274821111,NA,0.301414842,1.130972683,7,-140.2356637,303.8046608,13.62625482,0.000243421
200,760.7197112,-0.353811105,-2.529401783,-6.56E-05,NA,NA,NA,0.296455218,1.109935676,7,-140.2739681,303.8812695,13.70286353,0.000234273
234,706.8916944,-1.38218845,NA,NA,0.487031298,NA,0.076741814,-0.660089337,1.169640717,7,-140.6913895,304.7161123,14.53770633,0.000154326
242,702.800257,-2.220802216,NA,NA,NA,0.481685821,0.092459155,-0.675866468,1.160790995,7,-140.7325942,304.7985217,14.62011569,0.000148096
230,704.90697,-1.816895218,NA,-0.000177491,NA,NA,0.095716703,-0.694150709,1.103200283,7,-140.7578461,304.8490255,14.67061946,0.000144403
174,701.4441187,-1.301420307,NA,-0.000129408,0.429823069,NA,0.048794222,NA,1.141679559,7,-140.8136232,304.9605797,14.78217372,0.00013657
182,697.678466,-2.041792023,NA,-0.000142492,NA,0.420226586,0.062488556,NA,1.13064503,7,-140.8479621,305.0292575,14.85085156,0.000131959
206,705.1923168,-0.765896638,NA,-0.000115968,0.536636404,NA,NA,-0.348654265,1.142907046,7,-140.8594939,305.0523212,14.87391519,0.000130446
186,701.1290109,-1.433539584,NA,NA,0.339034153,0.159584665,0.046255785,NA,1.173929205,7,-140.8668299,305.066993,14.88858705,0.000129493
237,696.4372386,NA,NA,-0.000131429,0.65268801,NA,0.038123026,-0.608900272,1.17221043,7,-140.9039831,305.1412994,14.96289346,0.00012477
218,705.3721567,-0.780473033,NA,NA,0.50124536,0.03613925,NA,-0.3125537,1.171591566,7,-140.9103331,305.1539996,14.97559362,0.00012398
249,702.3935102,NA,NA,NA,0.729929519,-0.281684664,0.03713406,-0.537350606,1.191183172,7,-140.9117995,305.1569324,14.9785264,0.000123799
158,702.0972122,-0.910983981,NA,-0.000102069,0.450676963,0.061326267,NA,NA,1.148508675,7,-140.9238241,305.1809815,15.00257551,0.000122319
221,702.8214077,NA,NA,-0.000104548,0.707199604,-0.226453769,NA,-0.384407005,1.159795464,7,-140.9381755,305.2096842,15.03127825,0.000120576
214,701.3060185,-1.387395389,NA,-0.000113944,NA,0.373903158,NA,-0.270669035,1.129600609,7,-140.9899494,305.3132321,15.13482615,0.000114492
189,698.4610504,NA,NA,-9.32E-05,0.673228407,-0.278535231,0.015905257,NA,1.16974644,7,-141.0025464,305.338426,15.16002005,0.000113059
245,692.4572535,NA,NA,-0.000102559,NA,-0.015429954,0.03109787,-0.441015157,1.15609444,7,-141.2323153,305.797964,15.61955799,8.99E-05
176,775.826968,-0.632246754,-3.096942287,-0.000141328,0.732136028,NA,0.085568102,NA,1.119825674,8,-139.4620816,308.0150723,17.83666627,2.97E-05
239,774.8024049,NA,-3.18121862,-0.000132128,0.824145871,NA,0.074359355,-0.129307567,1.135869666,8,-139.5176684,308.1262458,17.94783982,2.81E-05
191,776.1202446,NA,-3.221479934,-0.000124364,0.828631739,-0.051389704,0.070223967,NA,1.135109181,8,-139.5230014,308.1369119,17.95850593,2.79E-05
188,775.1344161,-0.794259754,-3.085872572,NA,0.626312796,0.184819906,0.082902129,NA,1.155155657,8,-139.5329042,308.1567175,17.97831154,2.76E-05
236,775.5768616,-0.579139123,-3.006843065,NA,0.729338017,NA,0.084630343,-0.131546232,1.154171657,8,-139.5408746,308.1726583,17.99425234,2.74E-05
251,776.3259319,NA,-3.159762584,NA,0.814556058,-0.051226711,0.068421365,-0.055600885,1.163995242,8,-139.5894462,308.2698014,18.09139542,2.61E-05
184,765.3016724,-1.82076538,-2.898072945,-0.000159407,NA,0.627053326,0.104873342,NA,1.101654413,8,-139.6391787,308.3692664,18.19086045,2.48E-05
244,764.8573966,-1.744249316,-2.775300829,NA,NA,0.603525051,0.104582141,-0.174854096,1.139832223,8,-139.7329938,308.5568967,18.37849072,2.26E-05
208,771.5958286,0.083426441,-2.906729832,-8.26E-05,0.769206871,NA,NA,0.207048143,1.136343251,8,-139.8096748,308.7102586,18.53185262,2.09E-05
223,771.2448861,NA,-2.882054571,-8.40E-05,0.749800733,0.023813978,NA,0.20578058,1.134771753,8,-139.8105753,308.7120596,18.5336536,2.09E-05
160,769.3844028,0.075084435,-2.750669346,-9.21E-05,0.785702124,-0.001966423,NA,NA,1.133809365,8,-139.8318105,308.7545302,18.57612419,2.05E-05
220,772.8044154,0.140398074,-2.93883652,NA,0.770303213,-0.020910105,NA,0.238240325,1.156424005,8,-139.8383378,308.7675846,18.58917864,2.04E-05
232,763.6701795,-1.201528171,-2.596308855,-0.000146551,NA,NA,0.101756927,-0.181590047,1.088418368,8,-139.8861804,308.8632698,18.68486382,1.94E-05
247,762.5436747,NA,-3.035156949,-9.77E-05,NA,0.235082353,0.059690221,0.041314818,1.129827476,8,-140.0544594,309.1998278,19.02142186,1.64E-05
216,759.744325,-0.810439553,-2.609856083,-8.12E-05,NA,0.464667747,NA,0.26437886,1.117579672,8,-140.133902,309.3587131,19.18030712,1.51E-05
5,715.0961068,NA,NA,-0.000959774,NA,NA,NA,NA,NA,3,-150.9598519,309.4197039,19.2412979,1.47E-05
1,732.564,NA,NA,NA,NA,NA,NA,NA,NA,2,-152.4514865,309.6088553,19.43044928,1.34E-05
238,706.4107621,-1.56321023,NA,-0.000189444,0.508263574,NA,0.09232849,-0.78887118,1.122653139,8,-140.559868,310.2106452,20.03223919,9.89E-06
3,848.2050724,NA,-4.407724974,NA,NA,NA,NA,NA,NA,3,-151.3573575,310.2147149,20.03630894,9.87E-06
246,701.7856747,-2.525471389,NA,-0.000210487,NA,0.556921542,0.11177953,-0.830382359,1.109522638,8,-140.5736882,310.2382855,20.05987955,9.76E-06
250,705.1744761,-1.74588617,NA,NA,0.359668372,0.245079113,0.083700096,-0.688690139,1.170463994,8,-140.6674434,310.4257958,20.24738985,8.88E-06
7,822.1427308,NA,-4.039547214,-0.000901254,NA,NA,NA,NA,NA,4,-149.9012046,310.4690759,20.2906699,8.69E-06
190,699.7818813,-1.606467187,NA,-0.000136794,0.320727993,0.206155816,0.053754807,NA,1.14070082,8,-140.7968523,310.6846136,20.50620762,7.81E-06
253,701.3064837,NA,NA,-0.000134198,0.760307943,-0.288426585,0.044107829,-0.61677043,1.160633208,8,-140.8451161,310.7811412,20.60273523,7.44E-06
222,704.7465997,-0.839689708,NA,-0.000117235,0.506863608,0.05901687,NA,-0.348352368,1.142832922,8,-140.8580321,310.8069733,20.62856734,7.34E-06
2,761.4716135,-3.229900946,NA,NA,NA,NA,NA,NA,NA,3,-151.6883432,310.8766863,20.69828033,7.09E-06
6,743.3482028,-3.122941108,NA,-0.000943193,NA,NA,NA,NA,NA,4,-150.1293955,310.9254577,20.7470517,6.92E-06
17,749.8796567,NA,NA,NA,NA,-1.166037487,NA,NA,NA,3,-152.0619016,311.6238032,21.44539726,4.88E-06
21,729.4794781,NA,NA,-0.000912066,NA,-0.910105823,NA,NA,NA,4,-150.6900034,312.0466734,21.86826744,3.95E-06
33,739.5679488,NA,NA,NA,NA,NA,-0.073532271,NA,NA,3,-152.3361609,312.1723217,21.99391574,3.71E-06
65,739.2060618,NA,NA,NA,NA,NA,NA,-0.785252923,NA,3,-152.3389059,312.1778119,21.9994059,3.70E-06
69,722.8790113,NA,NA,-0.000981315,NA,NA,NA,-0.966477616,NA,4,-150.7618509,312.1903686,22.01196258,3.68E-06
9,731.1034649,NA,NA,NA,-0.210406267,NA,NA,NA,NA,3,-152.4398456,312.3796912,22.20128524,3.34E-06
37,718.7675138,NA,NA,-0.000939558,NA,NA,-0.034682062,NA,NA,4,-150.9309125,312.5284916,22.3500856,3.10E-06
13,715.485472,NA,NA,-0.000962993,0.064531073,NA,NA,NA,NA,4,-150.9585996,312.5838658,22.40545983,3.02E-06
4,844.7973279,-2.152326639,-3.543604377,NA,NA,NA,NA,NA,NA,4,-151.0325841,312.731835,22.55342898,2.80E-06
19,846.5063147,NA,-3.965510232,NA,NA,-0.666881366,NA,NA,NA,4,-151.228741,313.1241486,22.94574261,2.30E-06
8,818.6854775,-2.163452111,-3.17050938,-0.000902357,NA,NA,NA,NA,NA,5,-149.520576,313.3268662,23.1484602,2.08E-06
67,851.1503765,NA,-4.601320379,NA,NA,NA,NA,0.252274632,NA,4,-151.3466919,313.3600505,23.18164446,2.05E-06
11,851.2960673,NA,-4.480037716,NA,0.171979795,NA,NA,NA,NA,4,-151.3489938,313.3646543,23.18624832,2.04E-06
35,849.4499339,NA,-4.498974417,NA,NA,NA,0.012064661,NA,NA,4,-151.3544089,313.3754845,23.19707856,2.03E-06
10,759.4340773,-3.398850936,NA,NA,-0.511364781,NA,NA,NA,NA,4,-151.6160841,313.8988349,23.7204289,1.56E-06
66,765.4752869,-3.131209044,NA,NA,NA,NA,NA,-0.577757986,NA,4,-151.6234647,313.9135961,23.73519007,1.55E-06
23,821.5616925,NA,-3.751439176,-0.000882031,NA,-0.446323563,NA,NA,NA,5,-149.8354884,313.956691,23.77828503,1.52E-06
18,763.5866363,-2.785953356,NA,NA,NA,-0.409990155,NA,NA,NA,4,-151.6522761,313.9712188,23.7928128,1.51E-06
15,829.0058137,NA,-4.204957981,-0.000919356,0.410979713,NA,NA,NA,NA,5,-149.8464619,313.978638,23.80023205,1.50E-06
39,826.4627196,NA,-4.395573152,-0.00092426,NA,NA,0.048315014,NA,NA,5,-149.8473907,313.9804956,23.80208963,1.50E-06
34,761.0092646,-3.515815608,NA,NA,NA,NA,0.031719529,NA,NA,4,-151.6715147,314.009696,23.83129002,1.48E-06
71,821.5111207,NA,-4.000535783,-0.000902933,NA,NA,NA,-0.049942476,NA,5,-149.9007268,314.0871678,23.90876184,1.42E-06
70,748.3053576,-2.990328469,NA,-0.000960938,NA,NA,NA,-0.764555184,NA,5,-149.9967674,314.2792492,24.10084317,1.29E-06
38,741.2830622,-3.866584462,NA,-0.000987661,NA,NA,0.083059645,NA,NA,5,-149.9975355,314.2807852,24.10237922,1.29E-06
14,742.6666871,-3.199535634,NA,-0.000931425,-0.227791224,NA,NA,NA,NA,5,-150.1129475,314.5116093,24.33320334,1.15E-06
22,743.8179887,-3.039354048,NA,-0.000939571,NA,-0.077572901,NA,NA,NA,5,-150.127914,314.5415423,24.36313632,1.13E-06
81,753.9073159,NA,NA,NA,NA,-1.099164852,NA,-0.593570711,NA,4,-151.996488,314.6596426,24.48123665,1.07E-06
49,753.2240417,NA,NA,NA,NA,-1.081063799,-0.04835952,NA,NA,4,-152.0123241,314.6913149,24.51290894,1.05E-06
25,753.6017967,NA,NA,NA,0.298401338,-1.277201602,NA,NA,NA,4,-152.0411612,314.7489891,24.57058312,1.02E-06
240,774.0610326,-0.744738569,-2.958234615,-0.000159718,0.74332159,NA,0.097643767,-0.248665132,1.114807039,9,-139.4364527,314.8729054,24.69449937,9.61E-07
192,774.0871951,-0.979940755,-3.103722014,-0.000149808,0.607926804,0.235967485,0.091326528,NA,1.118657559,9,-139.4369263,314.8738526,24.69544662,9.61E-07
255,775.2068134,NA,-3.157865568,-0.00013268,0.844540086,-0.058030738,0.075297475,-0.134411673,1.133807131,9,-139.5150189,315.0300377,24.85163175,8.89E-07
252,773.9371414,-0.883746494,-2.997506555,NA,0.622788705,0.203580573,0.090385905,-0.156945315,1.154903564,9,-139.5223535,315.0447069,24.86630095,8.82E-07
248,762.8361994,-2.020072184,-2.724693085,-0.000184554,NA,0.667269733,0.121301118,-0.319469092,1.095262485,9,-139.598505,315.19701,25.01860402,8.18E-07
97,741.8046352,NA,NA,NA,NA,NA,-0.050323204,-0.525784717,NA,4,-152.2968671,315.2604009,25.08199492,7.92E-07
41,738.1891858,NA,NA,NA,-0.189300891,NA,-0.072852681,NA,NA,4,-152.3266399,315.3199464,25.14154038,7.69E-07
73,738.3033217,NA,NA,NA,-0.1045091,NA,NA,-0.76429292,NA,4,-152.3360834,315.3388336,25.16042757,7.62E-07
85,734.4970841,NA,NA,-0.000935429,NA,-0.811564434,NA,-0.816475657,NA,5,-150.5484666,315.3826475,25.20424149,7.45E-07
29,735.2247077,NA,NA,-0.000927081,0.487516157,-1.08750783,NA,NA,NA,5,-150.6267681,315.5392505,25.36084452,6.89E-07
224,771.634896,0.088762675,-2.907054123,-8.25E-05,0.771347562,-0.004191933,NA,0.207088696,1.136347784,9,-139.8096666,315.6193332,25.44092717,6.62E-07
53,730.7266494,NA,NA,-0.000904329,NA,-0.88498564,-0.015531725,NA,NA,5,-150.6842561,315.6542264,25.47582044,6.51E-07
77,724.5271791,NA,NA,-0.000992951,0.213217825,NA,NA,-1.01138865,NA,5,-150.7483288,315.7823719,25.60396592,6.10E-07
101,722.0461842,NA,NA,-0.000990535,NA,NA,0.013157642,-1.036021533,NA,5,-150.7586435,315.8030012,25.62459524,6.04E-07
36,852.5449577,-2.802899978,-3.925821947,NA,NA,NA,0.085069415,NA,NA,5,-150.9105904,316.106895,25.92848901,5.19E-07
45,719.1945448,NA,NA,-0.000942931,0.068881814,NA,-0.034789889,NA,NA,5,-150.9294817,316.1446776,25.96627162,5.09E-07
20,844.6099466,-1.956031121,-3.49273087,NA,NA,-0.19556774,NA,NA,NA,5,-151.0239732,316.3336607,26.15525472,4.63E-07
68,847.031418,-2.138825435,-3.694466979,NA,NA,NA,NA,0.189525959,NA,5,-151.0263801,316.3384745,26.16006855,4.62E-07
12,842.7392108,-2.209471523,-3.474629471,NA,-0.109477504,NA,NA,NA,NA,5,-151.0293168,316.3443478,26.1659418,4.61E-07
27,854.4677258,NA,-4.053694518,NA,0.46599567,-0.829379629,NA,NA,NA,5,-151.1741039,316.633922,26.45551606,3.99E-07
83,849.6752617,NA,-4.171438339,NA,NA,-0.671657479,NA,0.272472437,NA,5,-151.2161436,316.7180014,26.53959544,3.82E-07
51,848.5858831,NA,-4.109323641,NA,NA,-0.684977511,0.020601028,NA,NA,5,-151.2201255,316.7259652,26.54755924,3.81E-07
40,828.9332236,-3.179626568,-3.74070512,-0.000966096,NA,NA,0.132772907,NA,NA,6,-149.1793844,316.8203072,26.64190121,3.63E-07
75,853.6942323,NA,-4.651076923,NA,0.154359338,NA,NA,0.232536171,NA,5,-151.340013,316.9657403,26.7873343,3.38E-07
43,852.7209588,NA,-4.580187754,NA,0.176769021,NA,0.012975215,NA,NA,5,-151.345587,316.9768883,26.79848228,3.36E-07
99,851.3641341,NA,-4.6184364,NA,NA,NA,0.00392453,0.23589902,NA,5,-151.3464246,316.9785634,26.80015744,3.35E-07
254,704.0339093,-2.073186251,NA,-0.000205169,0.336700159,0.333523697,0.103091723,-0.838483534,1.119873134,9,-140.5158018,317.0316035,26.85319754,3.27E-07
98,766.9188251,-3.81461613,NA,NA,NA,NA,0.083076817,-0.960817823,NA,5,-151.5355997,317.3569136,27.17850763,2.78E-07
74,763.0615332,-3.291797862,NA,NA,-0.435407552,NA,NA,-0.47979238,NA,5,-151.5726695,317.4310533,27.25264727,2.68E-07
42,758.6337624,-3.793267837,NA,NA,-0.558465452,NA,0.042030413,NA,NA,5,-151.5869202,317.4595548,27.28114879,2.64E-07
82,767.0700893,-2.7485832,NA,NA,NA,-0.359241886,NA,-0.540465526,NA,5,-151.5958768,317.477468,27.29906199,2.61E-07
16,821.1753718,-2.089399933,-3.257413565,-0.000908575,0.142015158,NA,NA,NA,NA,6,-149.5142568,317.4900521,27.31164608,2.60E-07
24,818.6530121,-2.271055095,-3.196450964,-0.000907027,NA,0.107146679,NA,NA,NA,6,-149.5176139,317.4967663,27.31836027,2.59E-07
72,817.2210677,-2.171674433,-3.07756876,-0.000906218,NA,NA,NA,-0.114754399,NA,6,-149.5179606,317.4974597,27.31905369,2.59E-07
26,760.2456593,-3.257587137,NA,NA,-0.453872872,-0.112916701,NA,NA,NA,5,-151.61425,317.5142142,27.33580822,2.57E-07
50,763.058721,-3.057058066,NA,NA,NA,-0.383721542,0.026920877,NA,NA,5,-151.6402617,317.5662377,27.38783174,2.50E-07
102,749.3096144,-4.387268412,NA,-0.001071795,NA,NA,0.171791499,-1.578220131,NA,6,-149.5711998,317.603938,27.42553203,2.45E-07
31,831.9990095,NA,-3.868376952,-0.000900872,0.642102404,-0.665521118,NA,NA,NA,6,-149.716546,317.8946304,27.71622443,2.12E-07
55,826.3065904,NA,-4.120311048,-0.000905811,NA,-0.487518906,0.053667018,NA,NA,6,-149.7691759,317.9998902,27.82148419,2.01E-07
47,834.0271989,NA,-4.593844675,-0.000944947,0.436595411,NA,0.051375326,NA,NA,6,-149.7854727,318.032484,27.85407797,1.98E-07
103,823.5406323,NA,-4.236081247,-0.000940139,NA,NA,0.059684532,-0.311437255,NA,6,-149.8316849,318.1249082,27.94650226,1.89E-07
87,821.1846237,NA,-3.728592371,-0.00088307,NA,-0.445539864,NA,-0.029896144,NA,6,-149.8353162,318.1321709,27.9537649,1.88E-07
79,827.765147,NA,-4.122382056,-0.000923489,0.420433607,NA,NA,-0.110584947,NA,6,-149.844135,318.1498086,27.97140257,1.87E-07
89,758.8605619,NA,NA,NA,0.369311941,-1.23099081,NA,-0.644649712,NA,5,-151.9649801,318.2156745,28.03726855,1.81E-07
113,754.9337412,NA,NA,NA,NA,-1.064562314,-0.028840024,-0.450904838,NA,5,-151.9825654,318.250845,28.07243902,1.78E-07
57,756.56322,NA,NA,NA,0.275806109,-1.186379649,-0.046897366,NA,NA,5,-151.9945658,318.274846,28.09643998,1.75E-07
46,740.2184342,-4.017576593,NA,-0.000974187,-0.313554323,NA,0.088148356,NA,NA,6,-149.9664328,318.3944041,28.21599816,1.65E-07
78,747.8375639,-3.029343479,NA,-0.000955028,-0.103432835,NA,NA,-0.740134163,NA,6,-149.9934694,318.4484773,28.27007135,1.61E-07
86,748.295632,-2.992262059,NA,-0.000961028,NA,0.001827832,NA,-0.764762457,NA,6,-149.9967666,318.4550717,28.2766657,1.60E-07
54,741.1464549,-3.892366684,NA,-0.000988827,NA,0.021218988,0.083385581,NA,NA,6,-149.9974252,318.4563888,28.27798285,1.60E-07
30,741.8845756,-3.328493967,NA,-0.000933569,-0.279809065,0.103447224,NA,NA,NA,6,-150.111167,318.6838725,28.5054665,1.43E-07
105,740.7533838,NA,NA,NA,-0.126869805,NA,-0.051187658,-0.495882972,NA,5,-152.2927022,318.8711188,28.69271278,1.30E-07
93,742.0176138,NA,NA,-0.000956176,0.592825289,-1.016794849,NA,-0.90341226,NA,6,-150.4551097,319.3717578,29.19335178,1.01E-07
117,733.1406699,NA,NA,-0.000953275,NA,-0.839321441,0.027707462,-0.957791422,NA,6,-150.5341809,319.5299003,29.35149435,9.37E-08
61,736.1340314,NA,NA,-0.000920684,0.480240735,-1.064818108,-0.01239207,NA,NA,6,-150.6231008,319.7077401,29.52933414,8.57E-08
109,723.6224833,NA,NA,-0.001004434,0.223695103,NA,0.015572606,-1.095903589,NA,6,-150.7438622,319.9492628,29.77085686,7.60E-08
44,849.5880979,-2.902785403,-3.82924518,NA,-0.165751737,NA,0.086817242,NA,NA,6,-150.9030589,320.2676562,30.08925022,6.48E-08
100,850.7722469,-2.899844733,-3.788685563,NA,NA,NA,0.095588123,-0.231654652,NA,6,-150.9030846,320.2677076,30.08930164,6.48E-08
52,852.3204367,-2.701592405,-3.895735227,NA,NA,-0.08930734,0.083543714,NA,NA,6,-150.9088127,320.2791639,30.10075794,6.44E-08
84,846.9791782,-1.932393573,-3.65091505,NA,NA,-0.204799577,NA,0.201740887,NA,6,-151.0169566,320.4954516,30.31704563,5.78E-08
76,844.8648263,-2.202564122,-3.627465479,NA,-0.124018946,NA,NA,0.20351473,NA,6,-151.0222181,320.5059747,30.32756871,5.75E-08
28,844.3833616,-1.97035037,-3.486913866,NA,-0.01244986,-0.187776043,NA,NA,NA,6,-151.0239446,320.5094277,30.33102168,5.74E-08
59,857.3531372,NA,-4.233770931,NA,0.485612847,-0.858412393,0.025263859,NA,NA,6,-151.1611703,320.7838791,30.60547311,5.00E-08
91,856.7259144,NA,-4.216505643,NA,0.448550192,-0.827148847,NA,0.219790647,NA,6,-151.1659406,320.7934197,30.61501374,4.98E-08
115,850.3618437,NA,-4.221541897,NA,NA,-0.682154635,0.013028724,0.218424054,NA,6,-151.2131903,320.8879191,30.70951316,4.75E-08
107,854.0692422,NA,-4.677176007,NA,0.158298908,NA,0.005693082,0.208277277,NA,6,-151.3394544,321.1404473,30.96204132,4.19E-08
104,820.4649671,-3.592379447,-3.175981102,-0.001019288,NA,NA,0.177933391,-0.936730632,NA,7,-149.0382531,321.4098395,31.23143356,3.66E-08
106,764.3793341,-4.021290998,NA,NA,-0.470690366,NA,0.087097248,-0.873451524,NA,6,-151.4758954,321.4133293,31.23492328,3.65E-08
114,767.9228303,-3.499619851,NA,NA,NA,-0.249563866,0.07709743,-0.907340482,NA,6,-151.5226355,321.5068094,31.32840345,3.49E-08
90,763.9336515,-3.141458095,NA,NA,-0.374131639,-0.119932991,NA,-0.48112921,NA,6,-151.5705916,321.6027217,31.42431573,3.32E-08
58,758.6755008,-3.785258513,NA,NA,-0.555536721,-0.005482252,0.041907781,NA,NA,6,-151.5869162,321.6353708,31.45696479,3.27E-08
56,829.3094306,-3.536477432,-3.841646487,-0.000982483,NA,0.308947627,0.138860012,NA,NA,7,-149.1546056,321.6425445,31.4641385,3.26E-08
48,830.1661371,-3.136714924,-3.782732729,-0.000968995,0.073083826,NA,0.13214536,NA,NA,7,-149.1776609,321.6886552,31.51024917,3.18E-08
80,819.6519368,-2.093302939,-3.155220777,-0.00091358,0.153009863,NA,NA,-0.134485288,NA,7,-149.5107002,322.3547338,32.1763278,2.28E-08
32,820.9170174,-2.124852692,-3.255446698,-0.000909167,0.127761691,0.027901628,NA,NA,NA,7,-149.5141195,322.3615724,32.18316638,2.27E-08
88,817.0768823,-2.287055594,-3.098283963,-0.000911487,NA,0.114279334,NA,-0.12333967,NA,7,-149.5146048,322.3625428,32.18413686,2.27E-08
121,759.3770616,NA,NA,NA,0.344420949,-1.193439562,-0.02389246,-0.523015819,NA,6,-151.9555401,322.3726186,32.19421262,2.26E-08
118,747.7200879,-4.788309442,NA,-0.001092931,NA,0.308787909,0.180939344,-1.656563609,NA,7,-149.5478769,322.4290872,32.25068124,2.20E-08
110,748.7012404,-4.44270152,NA,-0.00106442,-0.135220068,NA,0.17233603,-1.548873073,NA,7,-149.5653218,322.4639768,32.28557085,2.16E-08
63,838.2744589,NA,-4.298766555,-0.000929553,0.695237612,-0.730645034,0.06120933,NA,NA,7,-149.6299872,322.5933077,32.41490176,2.03E-08
95,830.7215109,NA,-3.783040272,-0.000905122,0.651983548,-0.665905314,NA,-0.114021917,NA,7,-149.7140399,322.7614132,32.58300723,1.86E-08
119,823.3673957,NA,-3.959572758,-0.000921761,NA,-0.488090305,0.06510866,-0.313241071,NA,7,-149.7531627,322.8396588,32.66125281,1.79E-08
111,830.9098568,NA,-4.402659295,-0.000967945,0.479390875,NA,0.066689538,-0.411274508,NA,7,-149.7584953,322.850324,32.67191797,1.78E-08
62,737.2260027,-4.551859005,NA,-0.000985946,-0.504976767,0.363854448,0.096843988,NA,NA,7,-149.9454968,323.2243269,33.04592086,1.48E-08
256,771.6878112,-1.175932167,-2.941387137,-0.00017304,0.598491182,0.278951612,0.106615618,-0.293236307,1.11252659,10,-139.4020174,323.2484792,33.07007316,1.46E-08
94,747.0920626,-3.151763735,NA,-0.000957043,-0.152854364,0.098102186,NA,-0.739590123,NA,7,-149.991849,323.3170313,33.13862535,1.41E-08
125,740.7154542,NA,NA,-0.000982685,0.639271819,-1.071578403,0.038635128,-1.107273448,NA,7,-150.4276311,324.1885954,34.01018945,9.12E-09
108,848.0797409,-2.988723861,-3.705181979,NA,-0.156499861,NA,0.096649124,-0.218677167,NA,7,-150.8963892,325.1261118,34.94770579,5.71E-09
116,850.6915389,-2.820350956,-3.773047178,NA,NA,-0.065972502,0.093955823,-0.220527587,NA,7,-150.9021312,325.1375957,34.95918969,5.68E-09
60,849.38528,-2.945136435,-3.830038546,NA,-0.181224136,0.029114877,0.087477786,NA,NA,7,-150.9029355,325.1392043,34.96079829,5.67E-09
92,846.5144207,-1.963034138,-3.639964045,NA,-0.026847385,-0.188090217,NA,0.203772548,NA,7,-151.0168242,325.3669816,35.18857565,5.06E-09
123,858.17001,NA,-4.297872445,NA,0.471497238,-0.85166757,0.020558761,0.13180954,NA,7,-151.1586804,325.6506942,35.47228817,4.39E-09
122,763.660232,-4.178065057,NA,NA,-0.525601035,0.105105975,0.090084541,-0.885781828,NA,7,-151.4743985,326.2821303,36.10372431,3.20E-09
120,820.147104,-4.148037113,-3.263990964,-0.001048279,NA,0.444797659,0.191280725,-1.031805174,NA,8,-148.9875623,327.0660336,36.88762763,2.16E-09
112,822.4783652,-3.524143444,-3.240308721,-0.001025161,0.127177301,NA,0.177545649,-0.951339163,NA,8,-149.0329937,327.1568965,36.9784905,2.07E-09
64,827.1470531,-3.716651535,-3.792924368,-0.000981796,-0.134504174,0.396561881,0.141741195,NA,NA,8,-149.1507486,327.3924063,37.21400026,1.84E-09
126,744.1870698,-5.357414935,NA,-0.001089085,-0.444408043,0.606704335,0.191554752,-1.635698165,NA,8,-149.5059032,328.1027154,37.92430943,1.29E-09
96,819.3774719,-2.130548505,-3.152946687,-0.000914212,0.138061211,0.029306324,NA,-0.13475928,NA,8,-149.5105487,328.1120066,37.93360057,1.28E-09
127,834.8258964,NA,-4.071658206,-0.000955442,0.751485319,-0.751173639,0.079013228,-0.470716589,NA,8,-149.5942024,328.2793139,38.10090791,1.18E-09
124,847.6402242,-3.073148776,-3.702729316,NA,-0.186038563,0.056142718,0.098238474,-0.225696872,NA,8,-150.8959369,330.8827829,40.70437695,3.21E-10
128,817.6458487,-4.355881009,-3.206249198,-0.001047741,-0.153458006,0.545264736,0.194763374,-1.035652467,NA,9,-148.9824591,333.9649182,43.78651221,6.87E-11
