,(Intercept),corn.med.lag1,cpi.lag1,for_prod.lag1,for_rem.lag1,nfi.lag1,rice_med.lag1,rub_med.lag1,sug_med.lag1,time,df,logLik,AICc,delta,weight
265,-4610.366677,,,,0.056982544,,,,,1.000953781,4,-120.885887,252.2717739,0,0.171207724
269,-4583.939328,,,-0.000154201,0.056690932,,,,,0.989430138,5,-119.2586143,252.5172287,0.245454756,0.151434048
333,-4563.503087,,,-0.00016579,0.056447072,,,0.032916682,,0.996135887,6,-118.024386,254.048772,1.776998027,0.070413047
329,-4594.151101,,,,0.05678748,,,0.028930178,,1.007608596,5,-120.078721,254.1574419,1.885667993,0.066689238
297,-4585.148219,NA,NA,NA,0.056685973,NA,0.184553507,NA,NA,1.013522927,5,-120.4773115,254.954623,2.682849115,0.044766184
266,-4609.107753,0.306199581,NA,NA,0.056952106,NA,NA,NA,NA,1.005763922,5,-120.5345775,255.069155,2.797381115,0.042274625
393,-4620.039504,NA,NA,NA,0.057065166,NA,NA,NA,0.209197637,1.007710323,5,-120.5587441,255.1174882,2.845714251,0.041265238
267,-4652.411156,NA,0.281614913,NA,0.05735323,NA,NA,NA,NA,1.007692783,5,-120.7227337,255.4454673,3.173693389,0.035023907
301,-4556.900274,NA,NA,-0.000156587,0.056373247,NA,0.194884285,NA,NA,1.002524552,6,-118.7238951,255.4477902,3.176016323,0.034983252
281,-4624.551389,NA,NA,NA,0.05712765,-0.076272145,NA,NA,NA,1.001741818,5,-120.8232156,255.6464312,3.374657305,0.031675672
270,-4583.7889,0.253578181,NA,-0.000148995,0.056675569,NA,NA,NA,NA,0.993802661,6,-118.9802917,255.9605833,3.688809397,0.027071266
397,-4592.415032,NA,NA,-0.000148086,0.056765941,NA,NA,NA,0.160641494,0.995075424,6,-119.0372989,256.0745977,3.802823809,0.025571173
271,-4623.563506,NA,0.264299823,-0.000153239,0.057040645,NA,NA,NA,NA,0.995826655,6,-119.0908494,256.1816989,3.909924952,0.024237841
285,-4588.945922,NA,NA,-0.000152762,0.056742346,-0.025595113,NA,NA,NA,0.989802089,6,-119.2505484,256.5010968,4.229322877,0.020660345
361,-4578.164754,NA,NA,NA,0.056600005,NA,0.131279893,0.025446733,NA,1.015748208,6,-119.8698499,257.7396997,5.467925776,0.011121884
345,-4610.121908,NA,NA,NA,0.056950487,-0.086985317,NA,0.029298213,NA,1.00859198,6,-119.9907245,257.981449,5.709675071,0.009855602
457,-4599.104041,NA,NA,NA,0.056835643,NA,NA,0.025934478,0.070804237,1.009206288,6,-120.0478261,258.0956523,5.823878362,0.009308597
330,-4595.314361,0.075513648,NA,NA,0.056797702,NA,NA,0.026300898,NA,1.008190039,6,-120.0629472,258.1258943,5.854120409,0.0091689
365,-4547.109235,NA,NA,-0.000166182,0.056254863,NA,0.134030917,0.029369671,NA,1.004418927,7,-117.7589211,258.1332269,5.86145297,0.009135346
331,-4598.990682,NA,0.030203571,NA,0.056831209,NA,NA,0.02834097,NA,1.008195827,6,-120.0770578,258.1541156,5.882341714,0.00904043
313,-4609.777435,NA,NA,NA,0.056922898,-0.185230597,0.256411152,NA,NA,1.02033063,6,-120.1523478,258.3046955,6.032921608,0.008384768
425,-4596.013612,NA,NA,NA,0.056786327,NA,0.167395591,NA,0.18428312,1.018306243,6,-120.2178695,258.435739,6.163965062,0.007852995
394,-4617.891727,0.276643363,NA,NA,0.057029036,NA,NA,NA,0.18734598,1.011350409,6,-120.2674229,258.5348459,6.263071954,0.007473337
349,-4570.086131,NA,NA,-0.000163916,0.056514574,-0.033967465,NA,0.033015328,NA,0.996649602,7,-118.008414,258.6322125,6.360438592,0.007118224
334,-4562.195825,-0.060753528,NA,-0.000167799,0.056434723,NA,NA,0.035080341,NA,0.995529074,7,-118.0123051,258.6399947,6.368220791,0.00709058
461,-4561.287104,NA,NA,-0.000167273,0.056425145,NA,NA,0.034126845,-0.027759872,0.995406878,7,-118.0187992,258.652983,6.381209119,0.007044682
335,-4557.767615,NA,-0.03536247,-0.000166165,0.056395104,NA,NA,0.033615539,NA,0.995422424,7,-118.021625,258.6586345,6.38686059,0.007024804
298,-4592.142907,0.17230332,NA,NA,0.056759434,NA,0.128180714,NA,NA,1.012390361,6,-120.4021736,258.8043472,6.532573288,0.006531202
409,-4642.453086,NA,NA,NA,0.05729238,-0.113918725,NA,NA,0.235746237,1.009744772,6,-120.4193735,258.8387471,6.566973138,0.006419826
299,-4612.492043,NA,0.16451817,NA,0.056935238,NA,0.164197021,NA,NA,1.016073429,6,-120.4248057,258.8496114,6.577837471,0.006385047
268,-4630.63778,0.264720265,0.143066346,NA,0.057144546,NA,NA,NA,NA,1.008535873,6,-120.4978656,258.9957312,6.723957319,0.005935189
282,-4618.963979,0.29388618,NA,NA,0.057053639,-0.052725368,NA,NA,NA,1.006115243,6,-120.5042361,259.0084723,6.736698324,0.005897499
395,-4640.806719,NA,0.148611977,NA,0.057248651,NA,NA,NA,0.178482003,1.010274549,6,-120.5193229,259.0386458,6.766871918,0.005809193
283,-4683.860383,NA,0.348928621,NA,0.057660746,-0.115066221,NA,NA,NA,1.010492444,6,-120.5868127,259.1736255,6.901851564,0.005430069
317,-4575.498114,NA,NA,-0.000149855,0.056553915,-0.130736009,0.245157343,NA,NA,1.007802307,7,-118.5374025,259.6901896,7.418415697,0.004194062
429,-4565.646341,NA,NA,-0.00015139,0.056455747,NA,0.182210591,NA,0.132438443,1.006327168,7,-118.568441,259.7522666,7.480492635,0.004065884
303,-4579.824,NA,0.137156212,-0.00015588,0.056582469,NA,0.177866734,NA,NA,1.00470055,7,-118.680828,259.9770406,7.705266662,0.003633674
302,-4560.18902,0.073043125,NA,-0.000154793,0.056407971,NA,0.170868305,NA,NA,1.002170405,7,-118.7082336,260.0318519,7.760077987,0.003535443
398,-4591.378625,0.232700528,NA,-0.000143957,0.056743893,NA,NA,NA,0.143614633,0.998489588,7,-118.8009439,260.2172724,7.945498459,0.003222406
272,-4607.161121,0.208302765,0.155717431,-0.000149358,0.056884353,NA,NA,NA,NA,0.996790597,7,-118.9298381,260.4750608,8.203286849,0.002832711
399,-4616.273933,NA,0.171718084,-0.000148821,0.056976468,NA,NA,NA,0.124909069,0.997975587,7,-118.9764381,260.5682609,8.296486968,0.002703735
286,-4585.112126,0.252123034,NA,-0.000148645,0.056689237,-0.00676029,NA,NA,NA,0.993875811,7,-118.9797233,260.5748313,8.303057386,0.002694867
413,-4604.188587,NA,NA,-0.000144374,0.056885774,-0.056321082,NA,NA,0.174983995,0.996397916,7,-118.9991404,260.6136653,8.341891403,0.002643046
287,-4640.599704,NA,0.299750088,-0.000149742,0.057207924,-0.059923334,NA,NA,NA,0.997555427,7,-119.0489021,260.7131889,8.44141495,0.002514742
377,-4601.061607,NA,NA,NA,0.056821072,-0.16995021,0.199493681,0.024355775,NA,1.021898914,7,-119.5816666,261.7787177,9.506943802,0.001476103
441,-4627.183711,NA,NA,NA,0.057085301,-0.217293916,0.248095151,NA,0.222912149,1.027295024,7,-119.7685642,262.152513,9.880739111,0.00122447
489,-4583.072661,NA,NA,NA,0.056647811,NA,0.130946183,0.022511704,0.06957956,1.017297575,7,-119.8394171,262.2942189,10.02244497,0.001140715
362,-4572.685147,-0.113708216,NA,NA,0.056540895,NA,0.16189402,0.028593563,NA,1.016770809,7,-119.8448353,262.3050553,10.03328138,0.001134551
363,-4569.946855,NA,-0.04808038,NA,0.056524367,NA,0.135499869,0.026272704,NA,1.015075055,7,-119.8657682,262.346921,10.07514707,0.001111048
473,-4619.60629,NA,NA,NA,0.057043972,-0.101185764,NA,0.025198783,0.098311308,1.010970906,7,-119.9329452,262.481275,10.20950111,0.001038863
347,-4627.03537,NA,0.094296264,NA,0.057105425,-0.096811792,NA,0.027500269,NA,1.01053642,7,-119.9754953,262.5663753,10.29460137,0.000995587
346,-4610.049786,0.043185196,NA,NA,0.056948806,-0.082969192,NA,0.027777573,NA,1.008879096,7,-119.9857133,262.5868112,10.31503726,0.000985466
458,-4601.64875,0.101563436,NA,NA,0.056858922,NA,NA,0.021805348,0.084816047,1.010304486,7,-120.0204057,262.6561959,10.38442199,0.000951864
315,-4650.62139,NA,0.232682048,NA,0.057296324,-0.201557583,0.233954308,NA,NA,1.024537926,7,-120.0463195,262.7080235,10.4362496,0.000927514
459,-4598.869012,NA,-0.00155686,NA,0.056833529,NA,NA,0.025956122,0.071010519,1.009180673,7,-120.047822,262.7110286,10.43925464,0.000926122
332,-4597.065087,0.073613244,0.011108894,NA,0.056813528,NA,NA,0.026150357,NA,1.00839139,7,-120.0627319,262.7408483,10.4690744,0.000912416
314,-4609.720425,-0.009994159,NA,NA,0.056921992,-0.187853131,0.260698335,NA,NA,1.020492708,7,-120.1521541,262.9196928,10.64791892,0.000834367
426,-4602.056315,0.155804097,NA,NA,0.056850148,NA,0.116866503,NA,0.179496936,1.017157896,7,-120.1551104,262.9256054,10.65383148,0.000831904
410,-4635.718045,0.25210872,NA,NA,0.057211021,-0.089635485,NA,NA,0.21017336,1.012628362,7,-120.1812664,262.9779175,10.70614356,0.000810427
366,-4529.18245,-0.328828591,NA,-0.000177315,0.056060802,NA,0.222747081,0.038732684,NA,1.006617163,8,-117.511041,263.0220819,10.75030802,0.000792727
427,-4600.948576,NA,0.031848919,NA,0.056831271,NA,0.164020919,NA,0.178202749,1.018642168,7,-120.2161434,263.0476714,10.77589744,0.000782649
396,-4617.347659,0.277643391,-0.003837839,NA,0.057024167,NA,NA,NA,0.188060207,1.011297347,7,-120.2673998,263.1501843,10.87841033,0.000743544
381,-4562.900461,NA,NA,-0.000160293,0.056408931,-0.109040394,0.177699528,0.028530688,NA,1.008766724,8,-117.6178385,263.235677,10.96390311,0.00071243
411,-4675.525238,NA,0.212386641,NA,0.057589001,-0.13116385,NA,NA,0.195868387,1.013717376,7,-120.3408581,263.2971008,11.02532686,0.000690882
300,-4610.732798,0.143269439,0.118940276,NA,0.056927265,NA,0.12296283,NA,NA,1.014425118,7,-120.3767124,263.3688094,11.09703546,0.00066655
367,-4526.462332,NA,-0.119381934,-0.000167478,0.056064365,NA,0.144530423,0.031451117,NA,1.002659175,8,-117.7282572,263.4565145,11.18474054,0.000637952
284,-4656.144287,0.225916859,0.21113784,NA,0.057393334,-0.081645634,NA,NA,NA,1.0103988,7,-120.4330876,263.4815598,11.20978588,0.000630013
493,-4544.750381,NA,NA,-0.000167748,0.056231485,NA,0.134197328,0.030642338,-0.029294656,1.003659897,8,-117.7525404,263.5050808,11.2333069,0.000622647
350,-4569.690259,-0.075017338,NA,-0.000166049,0.056511819,-0.040253759,NA,0.03570523,NA,0.995995393,8,-117.9905091,263.9810182,11.70924429,0.000490787
462,-4558.694772,-0.07515247,NA,-0.00017041,0.056400219,NA,NA,0.03733589,-0.039976832,0.994335415,8,-118.0013819,264.0027638,11.73098985,0.00048548
477,-4568.072847,NA,NA,-0.000165042,0.056494446,-0.031000665,NA,0.03379218,-0.018017807,0.996131564,8,-118.0061791,264.0123582,11.7405843,0.000483157
351,-4567.698355,NA,-0.013017343,-0.000164132,0.056492609,-0.032540869,NA,0.033268442,NA,0.996365393,8,-118.0080675,264.016135,11.74436104,0.000482245
336,-4558.83206,-0.057212668,-0.021209295,-0.000167907,0.056404274,NA,NA,0.03537339,NA,0.995136528,8,-118.0113519,264.0227037,11.75092978,0.000480664
463,-4557.512312,NA,-0.024869363,-0.000167363,0.056391158,NA,NA,0.034477002,-0.024517945,0.994990258,8,-118.0175092,264.0350185,11.76324454,0.000477713
445,-4590.047696,NA,NA,-0.00014208,0.056692214,-0.157088384,0.239639659,NA,0.163552913,1.013562126,8,-118.3028997,264.6057994,12.33402545,0.000359107
319,-4608.771859,NA,0.187373153,-0.00014818,0.05685875,-0.144492766,0.227199169,NA,NA,1.011330357,8,-118.4575335,264.9150669,12.64329302,0.000307657
318,-4574.933013,-0.068264092,NA,-0.000150623,0.056545832,-0.148369636,0.274382828,NA,NA,1.008845145,8,-118.5269065,265.0538129,12.78203899,0.000287038
430,-4568.439253,0.064158733,NA,-0.000149872,0.056485343,NA,0.161254571,NA,0.130987533,1.005974438,8,-118.5561983,265.1123965,12.84062257,0.000278752
431,-4572.732818,NA,0.045874664,-0.000151499,0.056520246,NA,0.177360386,NA,0.123643216,1.006802443,8,-118.5642511,265.1285021,12.85672818,0.000276516
304,-4579.504347,0.042774948,0.12372054,-0.000154899,0.056582308,NA,0.165469703,NA,NA,1.004279999,8,-118.6758519,265.3517038,13.07992987,0.000247316
414,-4598.909573,0.223564264,NA,-0.000141758,0.056820996,-0.035831099,NA,NA,0.153407744,0.999196901,8,-118.7855338,265.5710676,13.29929362,0.000221625
400,-4598.464571,0.219384613,0.050572367,-0.00014441,0.056807156,NA,NA,NA,0.134065479,0.999148339,8,-118.7963423,265.5926846,13.32091065,0.000219242
415,-4636.416053,NA,0.20657651,-0.000144148,0.057174919,-0.073184831,NA,NA,0.136292414,1.000282789,8,-118.9140811,265.8281623,13.55638837,0.000194891
288,-4617.408163,0.193697791,0.182260355,-0.000147763,0.056984635,-0.031997908,NA,NA,NA,0.997646142,8,-118.9185083,265.8370167,13.56524276,0.00019403
378,-4593.957322,-0.472278669,NA,NA,0.056726707,-0.286147247,0.373285796,0.036680002,NA,1.030351525,8,-119.2706833,266.5413667,14.26959277,0.000136433
505,-4612.35375,NA,NA,NA,0.056930826,-0.190584842,0.207197134,0.019132903,0.120676387,1.025332875,8,-119.4916355,266.983271,14.71149705,0.000109386
379,-4606.523774,NA,0.030033401,NA,0.056871494,-0.172391137,0.197837401,0.023824163,NA,1.02240774,8,-119.5800901,267.1601802,14.88840627,0.000100126
442,-4627.223972,-0.081232966,NA,NA,0.057082631,-0.239537706,0.282700946,NA,0.229361913,1.028813905,8,-119.7556138,267.5112276,15.23945363,8.40E-05
443,-4640.869263,NA,0.084878847,NA,0.057210197,-0.221014052,0.240483093,NA,0.207369019,1.028344171,8,-119.7558965,267.5117929,15.24001901,8.40E-05
490,-4577.984873,-0.08757034,NA,NA,0.056593836,NA,0.154582107,0.025454121,0.057277199,1.017811169,8,-119.8254991,267.6509983,15.37922436,7.83E-05
491,-4569.178774,NA,-0.085960297,NA,0.056520359,NA,0.138436559,0.023510926,0.080899173,1.016346141,8,-119.8271347,267.6542693,15.3824954,7.82E-05
364,-4566.699473,-0.110107076,-0.03603565,NA,0.056486077,NA,0.164087291,0.029112958,NA,1.016233903,8,-119.8425624,267.6851248,15.41335087,7.70E-05
474,-4620.290487,0.070939532,NA,NA,0.057049123,-0.095790344,NA,0.022353917,0.106631479,1.011643877,8,-119.9197583,267.8395165,15.56774261,7.13E-05
475,-4629.673972,NA,0.05960567,NA,0.057135764,-0.106463655,NA,0.024331777,0.091848387,1.012043618,8,-119.9270798,267.8541596,15.58238567,7.08E-05
348,-4625.491201,0.024315706,0.085913589,NA,0.057090706,-0.09367694,NA,0.026803894,NA,1.010525227,8,-119.974025,267.9480501,15.67627614,6.75E-05
460,-4595.951051,0.11022757,-0.039180231,NA,0.056807713,NA,NA,0.021997781,0.091202708,1.009753553,8,-120.0179579,268.0359159,15.76414196,6.46E-05
316,-4659.402235,-0.130179706,0.286935607,NA,0.057371586,-0.239524497,0.284561171,NA,NA,1.027630077,8,-120.0188882,268.0377764,15.76600251,6.46E-05
382,-4549.716868,-0.657799844,NA,-0.000174107,0.056241981,-0.265633124,0.417882764,0.046055913,NA,1.019408015,9,-116.8927004,268.1490371,15.87726317,6.11E-05
428,-4598.604228,0.161171,-0.023622171,NA,0.056819011,NA,0.11762893,NA,0.183841847,1.016869186,8,-120.1542299,268.3084598,16.03668583,5.64E-05
412,-4646.880104,0.232276734,0.068279438,NA,0.05731278,-0.097089787,NA,NA,0.199364845,1.013678664,8,-120.1744845,268.348969,16.07719505,5.53E-05
494,-4519.042382,-0.37885988,NA,-0.000183928,0.055957811,NA,0.236768185,0.044156519,-0.092056076,1.004566436,9,-117.452189,269.2680143,16.99624042,3.49E-05
368,-4514.267339,-0.32079635,-0.088772228,-0.000178007,0.055923888,NA,0.228387443,0.040051735,NA,1.005254918,9,-117.4938416,269.3513195,17.0795456,3.35E-05
383,-4549.882224,NA,-0.070150893,-0.000161385,0.056288349,-0.102924119,0.181419767,0.029800842,NA,1.007488788,9,-117.6075647,269.5787658,17.30699191,2.99E-05
509,-4563.418644,NA,NA,-0.000159988,0.056414046,-0.109970521,0.178044972,0.028316631,0.00476248,1.008927208,9,-117.617678,269.5989923,17.3272184,2.96E-05
495,-4526.416497,NA,-0.112801718,-0.000168192,0.056063132,NA,0.14403522,0.031975122,-0.014702534,1.002375225,9,-117.726739,269.8171143,17.5453404,2.65E-05
478,-4566.272756,-0.084393684,NA,-0.0001682,0.056477802,-0.036076316,NA,0.037341035,-0.030141999,0.995046997,9,-117.9845229,270.3326823,18.06090833,2.05E-05
352,-4571.987298,-0.077689445,0.012599553,-0.000165916,0.056532981,-0.041858484,NA,0.035556053,NA,0.996247179,9,-117.9902067,270.3440498,18.07227586,2.04E-05
464,-4558.750518,-0.075240459,0.000387267,-0.000170413,0.056400719,NA,NA,0.037334194,-0.040041619,0.994340648,9,-118.0013816,270.3663996,18.09462564,2.02E-05
479,-4566.846069,NA,-0.007127145,-0.000165115,0.056483225,-0.030338296,NA,0.033899679,-0.017296877,0.995996683,9,-118.0060788,270.375794,18.10402006,2.01E-05
446,-4589.869491,-0.118924149,NA,-0.000142987,0.056685796,-0.189268577,0.290248158,NA,0.172616234,1.015698054,9,-118.2710211,270.9056786,18.6339047,1.54E-05
447,-4603.527965,NA,0.08357339,-0.00014206,0.056815245,-0.160759742,0.232145861,NA,0.14825716,1.014597062,9,-118.288778,270.9411923,18.66941839,1.51E-05
320,-4620.337119,-0.177055084,0.260753839,-0.000149516,0.056957166,-0.195616259,0.295967737,NA,NA,1.015416827,9,-118.3985523,271.160741,18.8889671,1.35E-05
432,-4572.151743,0.058193011,0.025714143,-0.000150074,0.056518745,NA,0.160484454,NA,0.126192452,1.006273642,9,-118.5549864,271.4736091,19.20183518,1.16E-05
416,-4612.417186,0.199438012,0.082931449,-0.000141949,0.056944065,-0.044812363,NA,NA,0.140203195,1.000454452,9,-118.7741067,271.9118498,19.64007585,9.31E-06
506,-4602.471715,-0.442130738,NA,NA,0.056811079,-0.293459826,0.367690874,0.03216494,0.086144775,1.032263283,9,-119.2248143,272.8132649,20.54149097,5.93E-06
380,-4620.269604,-0.515526255,0.148253547,NA,0.056966966,-0.308836786,0.381024442,0.035184368,NA,1.033637257,9,-119.2336998,272.831036,20.55926203,5.88E-06
507,-4608.957176,NA,-0.01985227,NA,0.056899576,-0.18936234,0.208437904,0.019385344,0.122962858,1.025061602,9,-119.4909732,273.3455829,21.07380893,4.54E-06
444,-4649.832601,-0.133214349,0.140060681,NA,0.057287017,-0.259910307,0.292284523,NA,0.207841047,1.031517068,9,-119.7263644,273.8163651,21.54459121,3.59E-06
492,-4567.076664,-0.075275018,-0.071907796,NA,0.056494798,NA,0.157529377,0.025876863,0.068473633,1.016943161,9,-119.8171691,273.9979746,21.72620064,3.28E-06
476,-4626.015316,0.062145863,0.034395964,NA,0.057101454,-0.099504813,NA,0.022206253,0.101870626,1.012179473,9,-119.9180058,274.199648,21.92787406,2.96E-06
510,-4542.414936,-0.684407387,NA,-0.000178645,0.056168416,-0.259817604,0.423085713,0.049560859,-0.062208888,1.017742162,10,-116.8645416,275.7290833,23.45730936,1.38E-06
384,-4563.809677,-0.679841825,0.07832192,-0.00017335,0.056371014,-0.277709021,0.421777414,0.04522506,NA,1.021191379,10,-116.87982,275.7596399,23.48786602,1.36E-06
496,-4512.105394,-0.370717719,-0.046080072,-0.000183762,0.055894919,NA,0.23858264,0.044410531,-0.084746301,1.004022159,10,-117.4479037,276.8958074,24.62403346,7.70E-07
511,-4550.402179,NA,-0.074927617,-0.000160632,0.056294021,-0.105032093,0.182610652,0.029306362,0.012925779,1.007837337,10,-117.6064286,277.2128573,24.94108335,6.57E-07
480,-4571.082406,-0.091749643,0.028853875,-0.000168177,0.056521778,-0.03920029,NA,0.037215155,-0.034117423,0.995498519,10,-117.9830402,277.9660804,25.69430647,4.51E-07
448,-4615.106775,-0.177301874,0.15700548,-0.000143395,0.056913777,-0.211962467,0.301012707,NA,0.148329829,1.018690829,10,-118.2286709,278.4573417,26.18556778,3.53E-07
508,-4620.720121,-0.480237953,0.111636346,NA,0.056976488,-0.309201172,0.374546529,0.031868608,0.070310861,1.034386079,10,-119.2053239,280.4106479,28.13887396,1.33E-07
512,-4561.551252,-0.724547471,0.117246773,-0.000178732,0.056341826,-0.276333702,0.430312828,0.049258089,-0.078910654,1.019964584,11,-116.8376153,285.0085639,32.73679001,1.33E-08
257,707.6342186,NA,NA,NA,NA,NA,NA,NA,NA,1.265723759,3,-148.8535794,305.1189234,52.84714952,5.73E-13
259,740.9180892,NA,-1.25824227,NA,NA,NA,NA,NA,NA,1.227918614,4,-148.6174438,307.7348877,55.46311377,1.55E-13
261,706.4742928,NA,NA,-0.000227016,NA,NA,NA,NA,NA,1.246763751,4,-148.6227888,307.7455776,55.4738037,1.54E-13
289,700.7626717,NA,NA,NA,NA,NA,0.515603588,NA,NA,1.296989408,4,-148.631176,307.7623521,55.49057813,1.53E-13
321,704.4235976,NA,NA,NA,NA,NA,NA,0.046696517,NA,1.275002396,4,-148.711242,307.922484,55.6507101,1.41E-13
273,710.6174978,NA,NA,NA,NA,0.354221511,NA,NA,NA,1.258932684,4,-148.757847,308.015694,55.74392007,1.35E-13
258,705.7099753,0.372504213,NA,NA,NA,NA,NA,NA,NA,1.271403438,4,-148.8178764,308.1357529,55.86397893,1.27E-13
385,706.9107305,NA,NA,NA,NA,NA,NA,NA,0.077143855,1.268356875,4,-148.8505233,308.2010467,55.92927277,1.23E-13
291,743.5771155,NA,-1.717967277,NA,NA,NA,0.712973165,NA,NA,1.257339644,5,-148.2112065,310.422413,58.15063902,4.04E-14
323,753.7697503,NA,-1.962655016,NA,NA,NA,NA,0.084094756,NA,1.223463526,5,-148.215769,310.4315381,58.15976413,4.02E-14
263,740.0990245,NA,-1.271604171,-0.000229481,NA,NA,NA,NA,NA,1.208351226,5,-148.3761567,310.7523133,58.48053939,3.42E-14
293,699.4071533,NA,NA,-0.000232377,NA,NA,0.528224291,NA,NA,1.278346923,5,-148.3841244,310.7682489,58.49647497,3.40E-14
275,752.0381571,NA,-1.517680584,NA,NA,0.505484986,NA,NA,NA,1.210432456,5,-148.4274087,310.8548174,58.58304348,3.25E-14
325,702.7777166,NA,NA,-0.000244976,NA,NA,NA,0.052429724,NA,1.255681546,5,-148.4404919,310.8809838,58.60920986,3.21E-14
260,747.8994404,0.85986215,-1.690075283,NA,NA,NA,NA,NA,NA,1.228054324,5,-148.4500099,310.9000198,58.62824584,3.18E-14
277,709.9980848,NA,NA,-0.000250206,NA,0.432468842,NA,NA,NA,1.236535676,5,-148.4790379,310.9580757,58.68630179,3.09E-14
387,744.9078406,NA,-1.551693419,NA,NA,NA,NA,NA,0.402286549,1.232832644,5,-148.5452032,311.0904064,58.8186325,2.89E-14
353,699.351428,NA,NA,NA,NA,NA,0.442131185,0.034767259,NA,1.299442403,5,-148.5554198,311.1108396,58.83906569,2.86E-14
262,704.9865831,0.293990053,NA,-0.000220958,NA,NA,NA,NA,NA,1.251752261,5,-148.6002366,311.2004732,58.92869927,2.74E-14
305,702.9415376,NA,NA,NA,NA,0.159137431,0.452679677,NA,NA,1.290122813,5,-148.6148651,311.2297302,58.95795623,2.70E-14
290,700.974765,-0.252914256,NA,NA,NA,NA,0.597720275,NA,NA,1.298112619,5,-148.6200894,311.2401787,58.96840478,2.68E-14
389,706.4392449,NA,NA,-0.000226873,NA,NA,NA,NA,0.003814955,1.246905903,5,-148.6227813,311.2455625,58.97378861,2.68E-14
337,707.3619322,NA,NA,NA,NA,0.335683636,NA,0.045079433,NA,1.268245409,5,-148.6243032,311.2486064,58.97683245,2.67E-14
417,700.742856,NA,NA,NA,NA,NA,0.515385746,NA,0.002422468,1.297058883,5,-148.631173,311.262346,58.99057206,2.65E-14
449,705.8527323,NA,NA,NA,NA,NA,NA,0.055974958,-0.220407317,1.269322967,5,-148.6915984,311.3831967,59.1114228,2.50E-14
274,708.5316757,0.462808011,NA,NA,NA,0.390424367,NA,NA,NA,1.265295175,5,-148.7031876,311.4063751,59.13460121,2.47E-14
322,704.5729318,-0.053820853,NA,NA,NA,NA,NA,0.048568205,NA,1.274553679,5,-148.710718,311.421436,59.14966212,2.45E-14
401,710.6592526,NA,NA,NA,NA,0.354825313,NA,NA,-0.003909987,1.25878765,5,-148.7578394,311.5156787,59.24390479,2.34E-14
386,705.2951072,0.364886557,NA,NA,NA,NA,NA,NA,0.048432273,1.272940406,5,-148.8166828,311.6333657,59.36159176,2.20E-14
9,-6608.977836,NA,NA,NA,0.078983577,NA,NA,NA,NA,NA,3,-152.5915727,312.5949101,60.32313617,1.36E-14
327,754.0028674,NA,-2.042045976,-0.000262404,NA,NA,NA,0.091748629,NA,1.200683341,6,-147.890109,313.780218,61.50844405,7.54E-15
355,754.4273393,NA,-2.27259869,NA,NA,NA,0.621960281,0.073219433,NA,1.249705027,6,-147.9029389,313.8058779,61.53410394,7.44E-15
295,742.7868249,NA,-1.741914176,-0.000237789,NA,NA,0.728638924,NA,NA,1.237710342,6,-147.9417561,313.8835121,61.61173817,7.16E-15
339,766.2387042,NA,-2.269031523,NA,NA,0.544466106,NA,0.087309887,NA,1.204458573,6,-147.9868788,313.9737576,61.70198363,6.84E-15
279,753.0375406,NA,-1.578054711,-0.000261896,NA,0.593405369,NA,NA,NA,1.185059697,6,-148.1121675,314.2243349,61.95256099,6.04E-15
276,764.8310223,1.153210062,-2.176855325,NA,NA,0.661392412,NA,NA,NA,1.205221186,6,-148.1374524,314.2749048,62.0031309,5.88E-15
419,747.4750709,NA,-2.003701574,NA,NA,NA,0.710368137,NA,0.394010364,1.262045082,6,-148.1391803,314.2783606,62.00658664,5.87E-15
307,749.0996432,NA,-1.792591846,NA,NA,0.26751679,0.615768678,NA,NA,1.244074311,6,-148.163972,314.3279439,62.05617,5.73E-15
324,754.835617,0.301487958,-2.038319224,NA,NA,NA,NA,0.075051911,NA,1.223990172,6,-148.1992738,314.3985475,62.12677359,5.53E-15
292,744.9913886,0.200783506,-1.781472492,NA,NA,NA,0.655078221,NA,NA,1.254982283,6,-148.2045212,314.4090424,62.13726851,5.50E-15
451,754.042072,NA,-1.988147558,NA,NA,NA,NA,0.082187267,0.056851066,1.224259029,6,-148.2144858,314.4289715,62.15719759,5.45E-15
264,746.4460106,0.775040412,-1.659952617,-0.000214263,NA,NA,NA,NA,NA,1.209771139,6,-148.23824,314.47648,62.20470611,5.32E-15
357,697.6883313,NA,NA,-0.000245382,NA,NA,0.443394371,0.040475873,NA,1.280159398,6,-148.2796469,314.5592938,62.28751985,5.10E-15
41,-6609.586513,NA,NA,NA,0.079085227,NA,-0.92411736,NA,NA,NA,4,-152.0477078,314.5954156,62.32364166,5.01E-15
341,706.2786628,NA,NA,-0.000266809,NA,0.41671604,NA,0.050933252,NA,1.245571495,6,-148.3048884,314.6097768,62.3380029,4.98E-15
391,743.3370042,NA,-1.506034192,-0.00021786,NA,NA,NA,NA,0.322303226,1.21327914,6,-148.3293933,314.6587865,62.38701258,4.86E-15
309,702.6827908,NA,NA,-0.000244509,NA,0.244410938,0.432241623,NA,NA,1.266827578,6,-148.3453742,314.6907485,62.41897455,4.78E-15
294,699.6895897,-0.40400294,NA,-0.000242039,NA,NA,0.659921483,NA,NA,1.279366017,6,-148.3555702,314.7111403,62.43936642,4.73E-15
13,-6484.542288,NA,NA,-0.000388134,0.07761202,NA,NA,NA,NA,NA,4,-152.1058487,314.7116973,62.43992338,4.73E-15
388,752.3813971,0.886548559,-2.017194552,NA,NA,NA,NA,NA,0.430068666,1.233311931,6,-148.3662368,314.7324737,62.46069975,4.68E-15
403,754.7199366,NA,-1.746735102,NA,NA,0.476695602,NA,NA,0.334262642,1.215511464,6,-148.3772994,314.7545988,62.48282488,4.63E-15
421,700.0159228,NA,NA,-0.000235315,NA,NA,0.535264768,NA,-0.076517337,1.275916717,6,-148.3810614,314.7621227,62.49034877,4.61E-15
453,705.0647361,NA,NA,-0.000264483,NA,NA,NA,0.068585217,-0.372925835,1.244533598,6,-148.3844304,314.7688607,62.49708678,4.60E-15
11,-6214.886301,NA,-1.999666189,NA,0.075299655,NA,NA,NA,NA,NA,4,-152.1615509,314.8231018,62.55132787,4.47E-15
326,703.4377568,-0.258392957,NA,-0.000253447,NA,NA,NA,0.061613902,NA,1.252859199,6,-148.42842,314.85684,62.58506607,4.40E-15
278,708.2449812,0.392582921,NA,-0.000243654,NA,0.461129119,NA,NA,NA,1.242519311,6,-148.4388713,314.8777427,62.60596873,4.35E-15
354,699.1193573,-0.825075666,NA,NA,NA,NA,0.661914073,0.057530274,NA,1.304712666,6,-148.4688748,314.9377495,62.66597561,4.22E-15
405,711.1424383,NA,NA,-0.000255247,NA,0.450773611,NA,NA,-0.108327543,1.232066294,6,-148.4731271,314.9462543,62.67448037,4.21E-15
369,701.7806239,NA,NA,NA,NA,0.180745711,0.368293117,0.035888799,NA,1.291722566,6,-148.5343006,315.0686012,62.79682725,3.96E-15
481,700.7837115,NA,NA,NA,NA,NA,0.442357488,0.044076892,-0.221293328,1.293752653,6,-148.5353215,315.0706429,62.79886898,3.95E-15
465,709.8185363,NA,NA,NA,NA,0.379591468,NA,0.058321792,-0.319593844,1.259126332,6,-148.5841139,315.1682278,62.89645387,3.76E-15
390,705.1371141,0.296572788,NA,-0.000221572,NA,NA,NA,NA,-0.017807853,1.251132535,6,-148.6000736,315.2001471,62.92837319,3.71E-15
306,702.5793691,-0.131138984,NA,NA,NA,0.124653732,0.5088932,NA,NA,1.292193143,6,-148.6126476,315.2252951,62.9535212,3.66E-15
433,703.2017343,NA,NA,NA,NA,0.162733366,0.453577022,NA,-0.025790098,1.289228005,6,-148.6145286,315.2290572,62.95728328,3.65E-15
418,700.889265,-0.253924516,NA,NA,NA,NA,0.597099035,NA,0.010555941,1.298419845,6,-148.6200318,315.2400636,62.96828966,3.63E-15
338,707.2022541,0.081337872,NA,NA,NA,0.343224384,NA,0.042214481,NA,1.268771752,6,-148.6231405,315.246281,62.97450706,3.62E-15
137,-6534.978075,NA,NA,NA,0.078245193,NA,NA,NA,-0.668313009,NA,4,-152.4251273,315.3502545,63.07848059,3.44E-15
450,706.3156897,-0.126436278,NA,NA,NA,NA,NA,0.061099993,-0.237702127,1.26782319,6,-148.6888219,315.3776438,63.10586992,3.39E-15
402,709.0334624,0.472879422,NA,NA,NA,0.399124741,NA,NA,-0.051238585,1.263533031,6,-148.7018942,315.4037885,63.13201457,3.35E-15
10,-6593.784864,-0.557434707,NA,NA,0.078846513,NA,NA,NA,NA,NA,4,-152.5347521,315.5695043,63.29773037,3.08E-15
73,-6611.150209,NA,NA,NA,0.079019778,NA,NA,-0.021465199,NA,NA,4,-152.5704273,315.6408545,63.36908061,2.97E-15
25,-6584.169361,NA,NA,NA,0.078727864,0.12007695,NA,NA,NA,NA,4,-152.5839938,315.6679876,63.39621363,2.93E-15
45,-6492.982549,NA,NA,-0.000363599,0.077794657,NA,-0.872192916,NA,NA,NA,5,-151.6014254,317.2028509,64.93107693,1.36E-15
15,-6096.486312,NA,-1.975738343,-0.000384017,0.073986727,NA,NA,NA,NA,NA,5,-151.6660344,317.3320689,65.06029495,1.28E-15
43,-6334.198069,NA,-1.396696193,NA,0.076490523,NA,-0.727613088,NA,NA,NA,5,-151.8547072,317.7094144,65.43764049,1.06E-15
359,754.6718622,NA,-2.356986383,-0.000265669,NA,NA,0.630005438,0.080827841,NA,1.226980913,7,-147.5587842,317.732953,65.46117906,1.04E-15
343,768.9042083,NA,-2.418640346,-0.000299634,NA,0.649233855,NA,0.096668358,NA,1.174789343,7,-147.5595457,317.734476,65.46270206,1.04E-15
141,-6391.627885,NA,NA,-0.000411124,0.076677207,NA,NA,NA,-0.772571649,NA,5,-151.8739278,317.7478555,65.4760816,1.04E-15
57,-6489.292888,NA,NA,NA,0.077866218,0.582886394,-1.126806367,NA,NA,NA,5,-151.8852955,317.7705911,65.49881714,1.02E-15
169,-6555.066967,NA,NA,NA,0.078535038,NA,-0.864336513,NA,-0.492026013,NA,5,-151.955375,317.91075,65.63897607,9.55E-16
42,-6628.510346,0.688993266,NA,NA,0.07927889,NA,-1.14458257,NA,NA,NA,5,-151.9881355,317.976271,65.70449704,9.25E-16
14,-6462.718372,-0.670895297,NA,-0.000399171,0.077408055,NA,NA,NA,NA,NA,5,-152.019931,318.0398619,65.76808801,8.96E-16
105,-6608.954786,NA,NA,NA,0.079076073,NA,-0.937980015,0.006332314,NA,NA,5,-152.0458971,318.0917943,65.82002036,8.73E-16
29,-6429.329161,NA,NA,-0.000401168,0.077039923,0.247013976,NA,NA,NA,NA,5,-152.0727785,318.1455571,65.87378316,8.50E-16
27,-6105.270538,NA,-2.186418045,NA,0.074205108,0.352416578,NA,NA,NA,NA,5,-152.0971949,318.1943898,65.9226159,8.29E-16
77,-6487.046168,NA,NA,-0.000383768,0.077645847,NA,NA,-0.010909079,NA,NA,5,-152.1001956,318.2003912,65.92861723,8.27E-16
371,762.3298038,NA,-2.403907451,NA,NA,0.351211162,0.488874194,0.077620458,NA,1.231830652,7,-147.8200928,318.2555703,65.98379637,8.04E-16
139,-6226.464364,NA,-1.788177309,NA,0.075388911,NA,NA,NA,-0.27185871,NA,5,-152.137967,318.275934,66.00416005,7.96E-16
75,-6170.607247,NA,-2.212101226,NA,0.074868088,NA,NA,0.023839283,NA,NA,5,-152.1393368,318.2786737,66.00689976,7.95E-16
280,765.054852,1.087968044,-2.196807404,-0.00024832,NA,0.735934765,NA,NA,NA,1.181458542,7,-147.847414,318.3102126,66.03843866,7.82E-16
12,-6209.752818,0.066399321,-2.034896825,NA,0.075251077,NA,NA,NA,NA,NA,5,-152.1608495,318.321699,66.04992505,7.78E-16
311,750.1561412,NA,-1.844141622,-0.000255971,NA,0.359904361,0.599062514,NA,NA,1.218362838,7,-147.8554799,318.3263444,66.05457047,7.76E-16
356,752.5906145,-0.562719928,-2.203340872,NA,NA,NA,0.76637677,0.087572479,NA,1.254815218,7,-147.8608181,318.3370208,66.06524683,7.72E-16
455,753.5500297,NA,-2.000672242,-0.000267041,NA,NA,NA,0.095084649,-0.095396313,1.198945954,7,-147.8864848,318.3883541,66.11658019,7.52E-16
328,754.3424981,0.096814304,-2.065443573,-0.00025943,NA,NA,NA,0.088758027,NA,1.201110649,7,-147.8883982,318.3921809,66.120407,7.51E-16
423,745.8974684,NA,-1.966067834,-0.000226556,NA,NA,0.725844979,NA,0.310654263,1.242347571,7,-147.8964866,318.4083578,66.13658388,7.45E-16
483,754.9192757,NA,-2.32010955,NA,NA,NA,0.625615583,0.069736799,0.101891974,1.251284999,7,-147.8987025,318.4127897,66.14101576,7.43E-16
340,770.1680233,0.620533147,-2.467409851,NA,NA,0.620248639,NA,0.06914509,NA,1.202897295,7,-147.9197844,318.4549535,66.18317957,7.28E-16
296,743.1191439,0.046673951,-1.756568716,-0.000236718,NA,NA,0.71511018,NA,NA,1.237250736,7,-147.9413911,318.4981667,66.22639279,7.12E-16
467,766.1144767,NA,-2.2493358,NA,NA,0.549567905,NA,0.089028564,-0.050325807,1.203576295,7,-147.9858714,318.5871273,66.3153534,6.81E-16
404,767.7245704,1.162050697,-2.420674177,NA,NA,0.632577672,NA,NA,0.348434087,1.210475574,7,-148.0814813,318.7783473,66.50657336,6.19E-16
138,-6527.354013,-0.44222176,NA,NA,0.078180649,NA,NA,NA,-0.628315586,NA,5,-152.3894343,318.7788687,66.50709473,6.19E-16
407,754.8321867,NA,-1.732241851,-0.000252421,NA,0.570570479,NA,NA,0.228195136,1.189445012,7,-148.0885517,318.792488,66.52071404,6.15E-16
153,-6481.917749,NA,NA,NA,0.077700097,0.230009596,NA,NA,-0.718339459,NA,5,-152.397789,318.795578,66.52380404,6.14E-16
308,758.8430458,0.751412153,-2.090393988,NA,NA,0.483109641,0.320765163,NA,NA,1.224561538,7,-148.1005046,318.8163938,66.54461987,6.07E-16
435,751.9530679,NA,-2.045180836,NA,NA,0.232336946,0.626159258,NA,0.361837233,1.250139984,7,-148.1038098,318.8230042,66.55123029,6.05E-16
358,697.1026215,-1.159572023,NA,-0.000283678,NA,NA,0.752477228,0.073358236,NA,1.284556852,7,-148.1103245,318.8360337,66.56425976,6.02E-16
201,-6528.08837,NA,NA,NA,0.078169764,NA,NA,0.009875856,-0.721509311,NA,5,-152.4216466,318.8432933,66.57151937,5.99E-16
420,749.2459014,0.239720813,-2.085554455,NA,NA,NA,0.641190814,NA,0.402328542,1.259329904,7,-148.129616,318.8746167,66.60284273,5.90E-16
392,750.221598,0.80224363,-1.93080734,-0.000200978,NA,NA,NA,NA,0.353641307,1.21522804,7,-148.1813404,318.9780653,66.7062914,5.60E-16
452,755.586797,0.350030719,-2.104756049,NA,NA,NA,NA,0.069536335,0.12099235,1.225767984,7,-148.1938792,319.0031429,66.731369,5.53E-16
469,710.1677739,NA,NA,-0.000298412,NA,0.498119083,NA,0.073282593,-0.522649678,1.227972883,7,-148.1983097,319.0120039,66.74022999,5.51E-16
485,699.9769056,NA,NA,-0.000264949,NA,NA,0.443877653,0.056668506,-0.374083915,1.269003511,7,-148.2223627,319.06011,66.7883361,5.38E-16
26,-6578.721783,-0.539422279,NA,NA,0.078690619,0.075283887,NA,NA,NA,NA,5,-152.531817,319.063634,66.79186007,5.37E-16
74,-6594.700765,-0.533762127,NA,NA,0.078856845,NA,NA,-0.002674796,NA,NA,5,-152.5345251,319.0690502,66.79727628,5.35E-16
373,701.2913803,NA,NA,-0.000259703,NA,0.27530924,0.330999024,0.042517371,NA,1.2672752,7,-148.2302307,319.075846,66.80407205,5.34E-16
89,-6584.939706,NA,NA,NA,0.078749913,0.127091191,NA,-0.021931062,NA,NA,5,-152.5619295,319.1238591,66.85208515,5.21E-16
342,706.4843664,-0.111315396,NA,-0.000269968,NA,0.407355441,NA,0.0549234,NA,1.244582731,7,-148.3026888,319.2207623,66.94898836,4.96E-16
437,703.9617061,NA,NA,-0.000250384,NA,0.264220366,0.436182625,NA,-0.127379314,1.261848347,7,-148.3371072,319.289599,67.01782511,4.79E-16
310,702.0577168,-0.225380869,NA,-0.000247,NA,0.186014684,0.528644259,NA,NA,1.270148377,7,-148.3386809,319.2927465,67.02097255,4.79E-16
422,700.2177237,-0.399137749,NA,-0.000244488,NA,NA,0.664482779,NA,-0.066809606,1.277231859,7,-148.3532329,319.3218504,67.05007643,4.72E-16
454,706.5348108,-0.415404615,NA,-0.000281589,NA,NA,NA,0.086239045,-0.439612169,1.238002793,7,-148.354837,319.3250585,67.05328461,4.71E-16
482,701.3812305,-0.983550678,NA,NA,NA,NA,0.704492921,0.076894015,-0.356355088,1.296562573,7,-148.4194654,319.4543154,67.18254148,4.42E-16
406,709.6891652,0.419864725,NA,-0.000250096,NA,0.488170323,NA,NA,-0.14824291,1.236818921,7,-148.4279517,319.471288,67.19951404,4.38E-16
370,698.6528902,-0.867725633,NA,NA,NA,-0.033815162,0.68708927,0.058497119,NA,1.306429378,7,-148.4683624,319.5521094,67.28033547,4.21E-16
497,704.2191805,NA,NA,NA,NA,0.227126906,0.349632319,0.047975133,-0.280455433,1.28253069,7,-148.5033316,319.6220479,67.35027398,4.06E-16
466,709.8245798,-0.002112687,NA,NA,NA,0.379429492,NA,0.058406427,-0.319840508,1.259105622,7,-148.5841131,319.7836109,67.51183696,3.75E-16
434,702.7518468,-0.126223602,NA,NA,NA,0.128142305,0.507334202,NA,-0.015750079,1.29156908,7,-148.6125252,319.8404349,67.56866101,3.64E-16
61,-6338.538365,NA,NA,-0.000393869,0.07622051,0.701327604,-1.111745218,NA,NA,NA,6,-151.35835,320.7167001,68.44492612,2.35E-16
47,-6212.156617,NA,-1.41992851,-0.000366271,0.07514731,NA,-0.672038525,NA,NA,NA,6,-151.3931638,320.7863275,68.51455361,2.27E-16
173,-6419.693529,NA,NA,-0.000383693,0.077048761,NA,-0.796027597,NA,-0.603260514,NA,6,-151.4576461,320.9152923,68.64351833,2.13E-16
31,-5937.336479,NA,-2.232103109,-0.000409167,0.07238901,0.486739273,NA,NA,NA,NA,6,-151.539145,321.0782899,68.80651599,1.96E-16
46,-6509.079049,0.451371172,NA,-0.000352064,0.077962471,NA,-1.018270678,NA,NA,NA,6,-151.5752499,321.1504999,68.87872597,1.89E-16
109,-6489.743259,NA,NA,-0.000368874,0.077753507,NA,-0.90540117,0.015513278,NA,NA,6,-151.5901773,321.1803546,68.90858067,1.86E-16
79,-6024.179481,NA,-2.301098351,-0.000397992,0.073276203,NA,NA,0.036609345,NA,NA,6,-151.6117054,321.2234108,68.95163683,1.82E-16
143,-6109.651646,NA,-1.663775523,-0.00039657,0.074075139,NA,NA,NA,-0.400007634,NA,6,-151.6129773,321.2259547,68.95418072,1.82E-16
58,-6449.942107,1.628157404,NA,NA,0.077471933,0.990248269,-1.789440165,NA,NA,NA,6,-151.6251471,321.2502942,68.97852024,1.80E-16
59,-6159.180123,NA,-1.580672634,NA,0.074742773,0.672283715,-0.935504468,NA,NA,NA,6,-151.6374898,321.2749795,69.00320559,1.78E-16
16,-6101.748112,-0.073183893,-1.936827827,-0.000385302,0.074035875,NA,NA,NA,NA,NA,6,-151.6651469,321.3302937,69.0585198,1.73E-16
44,-6299.399433,1.095188202,-1.725744971,NA,0.07618707,NA,-1.031758628,NA,NA,NA,6,-151.7116711,321.4233422,69.15156828,1.65E-16
185,-6409.225202,NA,NA,NA,0.077057591,0.653911378,-1.079782022,NA,-0.590308429,NA,6,-151.7525056,321.5050113,69.23323734,1.58E-16
157,-6293.636662,NA,NA,-0.000434381,0.075665137,0.389626524,NA,NA,-0.863212218,NA,6,-151.7928591,321.5857182,69.31394426,1.52E-16
107,-6274.09456,NA,-1.683463973,NA,0.075906176,NA,-0.765412574,0.035696027,NA,NA,6,-151.8041975,321.6083951,69.33662116,1.50E-16
142,-6379.631778,-0.543431833,NA,-0.000418658,0.076569154,NA,NA,NA,-0.725330852,NA,6,-151.8172561,321.6345122,69.36273827,1.48E-16
171,-6344.45383,NA,-1.201850055,NA,0.076568294,NA,-0.724146362,NA,-0.254158196,NA,6,-151.8334926,321.6669852,69.39521125,1.46E-16
205,-6363.499371,NA,NA,-0.000428883,0.076369314,NA,NA,0.031443854,-0.94644765,NA,6,-151.8377419,321.6754839,69.40370997,1.45E-16
121,-6486.775697,NA,NA,NA,0.077836136,0.58999741,-1.152312667,0.010521487,NA,NA,6,-151.8802424,321.7604848,69.48871089,1.39E-16
170,-6573.004233,0.729025526,NA,NA,0.078718901,NA,-1.095323909,NA,-0.510852474,NA,6,-151.8882018,321.7764035,69.5046296,1.38E-16
233,-6532.059672,NA,NA,NA,0.078287581,NA,-0.919108654,0.034803932,-0.668326281,NA,6,-151.9120167,321.8240333,69.55225942,1.35E-16
106,-6634.973047,0.861248858,NA,NA,0.0793524,NA,-1.161704134,-0.017356657,NA,NA,6,-151.9781855,321.956371,69.68459702,1.26E-16
30,-6420.035325,-0.626411307,NA,-0.000408858,0.07696432,0.197430388,NA,NA,NA,NA,6,-151.9990232,321.9980464,69.7262725,1.24E-16
78,-6452.444418,-0.847987468,NA,-0.000409955,0.077293242,NA,NA,0.019663541,NA,NA,6,-152.0074219,322.0148438,69.74306987,1.23E-16
155,-6111.424628,NA,-1.952110057,NA,0.074235799,0.376077974,NA,NA,-0.317309327,NA,6,-152.065147,322.1302939,69.85852,1.16E-16
93,-6431.45755,NA,NA,-0.000396698,0.077070263,0.249266889,NA,-0.011467127,NA,NA,6,-152.0665152,322.1330304,69.86125644,1.16E-16
91,-6049.341884,NA,-2.437415653,NA,0.07365866,0.370422686,NA,0.027095975,NA,NA,6,-152.0684803,322.1369607,69.86518674,1.15E-16
28,-6074.0306,0.25343558,-2.340729417,NA,0.073903403,0.389859496,NA,NA,NA,NA,6,-152.0876384,322.1752769,69.90350297,1.13E-16
203,-6162.053361,NA,-2.006652705,NA,0.074747431,NA,NA,0.038297467,-0.42971016,NA,6,-152.0884121,322.1768243,69.90505035,1.13E-16
76,-6173.64029,-0.137759053,-2.175553691,NA,0.074894629,NA,NA,0.027940408,NA,NA,6,-152.1369693,322.2739385,70.00216458,1.08E-16
140,-6222.638363,0.048607854,-1.815210435,NA,0.075352826,NA,NA,NA,-0.270261645,NA,6,-152.1375911,322.2751821,70.00340822,1.08E-16
202,-6492.710142,-0.773750222,NA,NA,0.077815551,NA,NA,0.041466325,-0.821688371,NA,6,-152.3478866,322.6957731,70.42399918,8.73E-17
154,-6484.198351,-0.38796994,NA,NA,0.077735615,0.191128662,NA,NA,-0.67479243,NA,6,-152.3710398,322.7420796,70.47030564,8.53E-17
217,-6472.381304,NA,NA,NA,0.077596638,0.236093577,NA,0.011657947,-0.782458245,NA,6,-152.3929451,322.7858902,70.51411625,8.35E-17
375,765.203503,NA,-2.539802937,-0.000291536,NA,0.467002172,0.453825451,0.087420645,NA,1.201000958,8,-147.4102925,322.820585,70.5488111,8.20E-17
360,751.7478435,-0.904006809,-2.254928453,-0.000294646,NA,NA,0.86288733,0.10471581,NA,1.232711823,8,-147.450284,322.9005681,70.62879414,7.88E-17
344,771.5503863,0.432603125,-2.551711733,-0.000289165,NA,0.698404709,NA,0.083677816,NA,1.174737591,8,-147.5261701,323.0523403,70.78056636,7.31E-17
90,-6579.239565,-0.502320238,NA,NA,0.078697276,0.079667697,NA,-0.004073695,NA,NA,6,-152.5313002,323.0626003,70.7908264,7.27E-17
471,768.4014039,NA,-2.326038871,-0.000313776,NA,0.679994011,NA,0.105806714,-0.254653582,1.168924678,8,-147.5336204,323.0672408,70.79546689,7.25E-17
487,754.4289362,NA,-2.334087338,-0.000268128,NA,NA,0.628258048,0.082634078,-0.050784722,1.225983066,8,-147.5577269,323.1154537,70.84367979,7.08E-17
312,758.7203777,0.662287981,-2.105474562,-0.000250275,NA,0.547869935,0.339420831,NA,NA,1.201736651,8,-147.8048917,323.6097834,71.33800948,5.53E-17
372,760.9587837,-0.149333273,-2.370846014,NA,NA,0.31194136,0.542079788,0.080937345,NA,1.235185361,8,-147.8181486,323.6362972,71.36452331,5.46E-17
408,767.1021977,1.096983329,-2.369277061,-0.000237923,NA,0.71233264,NA,NA,0.247664846,1.186188173,8,-147.8188979,323.6377959,71.36602193,5.45E-17
499,762.3729037,NA,-2.414025313,NA,NA,0.347901226,0.491002081,0.076746612,0.024352751,1.232376728,8,-147.8198564,323.6397127,71.36793879,5.45E-17
439,752.1459853,NA,-2.022054917,-0.000245179,NA,0.330927258,0.607174968,NA,0.257976683,1.223771465,8,-147.8245878,323.6491756,71.37740166,5.42E-17
484,752.6538531,-0.557769397,-2.208497127,NA,NA,NA,0.765456091,0.087112908,0.009751427,1.25492147,8,-147.8607824,323.7215648,71.44979085,5.23E-17
456,753.8164621,0.059362753,-2.020334752,-0.000264622,NA,NA,NA,0.092822291,-0.083139059,1.199431195,8,-147.8859012,323.7718024,71.50002846,5.10E-17
424,746.5404324,0.085072899,-1.995462565,-0.00022447,NA,NA,0.701152602,NA,0.314373754,1.241565366,8,-147.8952752,323.7905504,71.51877646,5.05E-17
468,770.4280144,0.640594672,-2.494903256,NA,NA,0.617238299,NA,0.066718365,0.053862691,1.203791104,8,-147.9186934,323.8373868,71.56561286,4.93E-17
486,700.6904417,-1.482634294,NA,-0.000326418,NA,NA,0.839381285,0.109059345,-0.613128179,1.267497368,8,-147.9666334,323.9332667,71.66149281,4.70E-17
436,761.5697334,0.743945797,-2.337375113,NA,NA,0.446156486,0.333978065,NA,0.358042826,1.23075749,8,-148.0412493,324.0824986,71.81072469,4.37E-17
374,697.0490069,-1.164451802,NA,-0.000283635,NA,-0.003908359,0.755373521,0.073467632,NA,1.284758265,8,-148.1103175,324.2206349,71.948861,4.07E-17
501,705.4412743,NA,NA,-0.00028974,NA,0.366253111,0.294496075,0.064132779,-0.483781956,1.248591829,8,-148.139246,324.2784921,72.00671817,3.96E-17
470,710.9986163,-0.286118699,NA,-0.000308986,NA,0.480382684,NA,0.085274782,-0.56325012,1.224064326,8,-148.1842681,324.3685362,72.0967623,3.78E-17
438,703.2815708,-0.192054455,NA,-0.000251829,NA,0.212174502,0.517875993,NA,-0.112689471,1.265252332,8,-148.3323536,324.6647073,72.39293334,3.26E-17
60,-5893.313823,2.595685701,-2.553322926,NA,0.072192206,1.376729025,-1.874191062,NA,NA,NA,7,-151.0474935,324.7103716,72.43859763,3.19E-17
63,-5993.279543,NA,-1.640033285,-0.000401051,0.072949757,0.796241915,-0.91298452,NA,NA,NA,7,-151.0775966,324.7705779,72.49880397,3.09E-17
498,701.3070584,-0.989841038,NA,NA,NA,-0.005156339,0.708274514,0.077015399,-0.355875759,1.29683531,8,-148.4194535,324.838907,72.56713311,2.99E-17
189,-6227.946036,NA,NA,-0.00042252,0.075094643,0.798317769,-1.052138614,NA,-0.734503218,NA,7,-151.1442353,324.9038552,72.63208127,2.90E-17
62,-6312.014641,1.437877956,NA,-0.000372371,0.075962127,1.054617381,-1.69776039,NA,NA,NA,7,-151.147133,324.9096506,72.6378767,2.89E-17
111,-6126.958964,NA,-1.800795845,-0.000383063,0.074311807,NA,-0.719553218,0.047276687,NA,NA,7,-151.3013976,325.2181799,72.94640594,2.47E-17
48,-6192.22385,0.850140201,-1.674005013,-0.000345023,0.074989676,NA,-0.911355509,NA,NA,NA,7,-151.304931,325.2252467,72.95347278,2.47E-17
125,-6330.34151,NA,NA,-0.000401886,0.076125725,0.718225301,-1.163400494,0.021434552,NA,NA,7,-151.3365055,325.2883956,73.01662163,2.39E-17
175,-6223.391167,NA,-1.131018572,-0.000378313,0.075218769,NA,-0.665057435,NA,-0.377851792,NA,7,-151.3446153,325.3046152,73.03284124,2.37E-17
237,-6373.914146,NA,NA,-0.000411614,0.076554176,NA,-0.876589807,0.054350297,-0.886667757,NA,7,-151.349147,325.3136787,73.04190478,2.36E-17
174,-6435.933318,0.486188425,NA,-0.00037157,0.077218342,NA,-0.95223186,NA,-0.612301239,NA,7,-151.4268839,325.4691523,73.19737839,2.18E-17
186,-6349.733506,1.806575956,NA,NA,0.07646024,1.119954299,-1.805732959,NA,-0.70700763,NA,7,-151.4325225,325.4804297,73.20865578,2.17E-17
159,-5939.553249,NA,-1.884485012,-0.000426133,0.072359489,0.527603996,NA,NA,-0.473323742,NA,7,-151.4647797,325.5449439,73.27317001,2.10E-17
95,-5843.087471,NA,-2.62423236,-0.000426993,0.071460518,0.520578954,NA,0.042116718,NA,NA,7,-151.4669232,325.5492311,73.27745714,2.10E-17
207,-6000.327053,NA,-1.994187427,-0.000427348,0.072974683,NA,NA,0.059611742,-0.655656329,NA,7,-151.4895763,325.5945371,73.32276322,2.05E-17
32,-5917.845689,0.163620761,-2.331543747,-0.000407515,0.072201558,0.510370484,NA,NA,NA,NA,7,-151.5349547,325.685294,73.41352007,1.96E-17
123,-6068.567108,NA,-1.962196689,NA,0.0738582,0.724750574,-1.000125835,0.045703769,NA,NA,7,-151.5541674,325.7237194,73.4519455,1.92E-17
122,-6447.411431,2.188877288,NA,NA,0.077467858,1.099404329,-1.905966933,-0.046067444,NA,NA,7,-151.5568885,325.7291616,73.4573877,1.92E-17
110,-6506.871581,0.411860925,NA,-0.000354374,0.077937638,NA,-1.013669716,0.003823999,NA,NA,7,-151.574766,325.7649165,73.4931426,1.88E-17
80,-6029.254288,-0.451351194,-2.184310118,-0.000411208,0.073310298,NA,NA,0.050470264,NA,NA,7,-151.5855475,325.7864796,73.51470563,1.86E-17
187,-6165.846709,NA,-1.332281298,NA,0.074777029,0.698338089,-0.939015039,NA,-0.333303218,NA,7,-151.6005452,325.8164749,73.54470102,1.83E-17
144,-6117.304624,-0.10457822,-1.604998508,-0.000398534,0.07414627,NA,NA,NA,-0.40407835,NA,7,-151.6111612,325.837707,73.56593303,1.82E-17
206,-6289.423897,-1.228299114,NA,-0.000475563,0.075611055,NA,NA,0.083939988,-1.129960412,NA,7,-151.6473196,325.9100239,73.63824997,1.75E-17
249,-6364.314102,NA,NA,NA,0.076583147,0.715599456,-1.174270231,0.047125944,-0.838297859,NA,7,-151.6731515,325.9616876,73.68991364,1.71E-17
172,-6308.678552,1.071938687,-1.556503416,NA,0.076258276,NA,-1.022415106,NA,-0.211647795,NA,7,-151.6968274,326.0090394,73.73726545,1.67E-17
108,-6286.077243,1.013454217,-1.777142304,NA,0.076054945,NA,-1.01907192,0.009454569,NA,NA,7,-151.7088895,326.0331636,73.76138966,1.65E-17
235,-6266.240265,NA,-1.453863117,NA,0.075789659,NA,-0.775812526,0.051509522,-0.465203154,NA,7,-151.7426089,326.1006025,73.82882857,1.59E-17
221,-6254.717143,NA,NA,-0.000456295,0.075243294,0.416448779,NA,0.035965834,-1.068333325,NA,7,-151.7455113,326.1064072,73.8346333,1.59E-17
158,-6294.709709,-0.449934793,NA,-0.000438007,0.075689339,0.345868208,NA,NA,-0.813919471,NA,7,-151.7547724,326.1249294,73.85315546,1.57E-17
234,-6559.461474,0.584719906,NA,NA,0.078575034,NA,-1.073389386,0.015115546,-0.583694117,NA,7,-151.8826268,326.3806383,74.10886437,1.38E-17
94,-6414.596499,-0.781898953,NA,-0.000417345,0.076900909,0.181807614,NA,0.016873819,NA,NA,7,-151.989926,326.5952366,74.32346269,1.24E-17
219,-6023.104847,NA,-2.225386097,NA,0.073355345,0.419782982,NA,0.044564162,-0.506272278,NA,7,-151.9985159,326.6124163,74.34064242,1.23E-17
156,-6081.363848,0.243290152,-2.102963536,NA,0.073945815,0.411747373,NA,NA,-0.313626558,NA,7,-152.056318,326.7280206,74.45624672,1.16E-17
92,-6045.282992,0.063269073,-2.459154274,NA,0.073619883,0.378566054,NA,0.025284032,NA,NA,7,-152.068012,326.7514085,74.4796346,1.15E-17
204,-6168.185481,-0.332872999,-1.88959769,NA,0.074794683,NA,NA,0.050229986,-0.489829581,NA,7,-152.0755141,326.7664129,74.49463892,1.14E-17
218,-6453.076532,-0.714185167,NA,NA,0.077407041,0.179514766,NA,0.040389439,-0.860319142,NA,7,-152.331625,327.2786346,75.00686066,8.83E-18
1,784.6371429,NA,NA,NA,NA,NA,NA,NA,NA,NA,2,-161.7595361,328.1857389,75.91396496,5.61E-18
3,904.6182831,NA,-4.872377678,NA,NA,NA,NA,NA,NA,NA,3,-160.5710584,328.5538815,76.28210761,4.67E-18
64,-5760.679114,2.399999662,-2.534625366,-0.000369087,0.07073438,1.437700201,-1.782699379,NA,NA,NA,8,-150.5509127,329.1018254,76.83005148,3.55E-18
376,761.2437456,-0.439744487,-2.446111752,-0.000299399,NA,0.35448683,0.609555604,0.097452282,NA,1.210048077,9,-147.393054,329.1497443,76.87797039,3.46E-18
503,764.9858975,NA,-2.469640905,-0.00030186,NA,0.495629943,0.436816282,0.09424303,-0.180457173,1.195862634,9,-147.3973067,329.1582498,76.88647587,3.45E-18
488,750.0864971,-1.049683897,-2.12629434,-0.000311364,NA,NA,0.891854435,0.117414449,-0.248806477,1.22874665,9,-147.4274506,329.2185375,76.9467636,3.35E-18
472,770.6968547,0.354108427,-2.458799138,-0.000301566,NA,0.712325706,NA,0.092821186,-0.189109289,1.170391799,9,-147.5129374,329.3895112,77.11773726,3.07E-18
190,-6182.998121,1.632970258,NA,-0.000401947,0.074650276,1.212544151,-1.70967419,NA,-0.832966905,NA,8,-150.8692983,329.7385966,77.4668227,2.58E-18
127,-5862.755314,NA,-2.149896828,-0.000425965,0.07166479,0.873551304,-0.99732006,0.060636148,NA,NA,8,-150.9246234,329.8492468,77.57747284,2.44E-18
253,-6140.563774,NA,NA,-0.000465101,0.074166703,0.907802066,-1.194760071,0.072521808,-1.130664128,NA,8,-150.9504343,329.9008686,77.62909465,2.38E-18
440,760.6828083,0.660752565,-2.282106181,-0.000239537,NA,0.518567134,0.34810441,NA,0.256996744,1.207163278,9,-147.7740862,329.9118087,77.64003481,2.37E-18
5,778.6192345,NA,NA,-0.000590542,NA,NA,NA,NA,NA,NA,3,-161.2858366,329.9834379,77.711664,2.28E-18
191,-5995.810194,NA,-1.280324333,-0.000418438,0.072921982,0.83961686,-0.917128383,NA,-0.486127823,NA,8,-150.9956086,329.9912171,77.71944319,2.27E-18
500,761.0124433,-0.145108492,-2.375272627,NA,NA,0.311910212,0.5413088,0.080541978,0.008403171,1.235278883,9,-147.818122,329.9998804,77.72810646,2.27E-18
188,-5900.628048,2.58483028,-2.318161087,NA,0.072234743,1.39802299,-1.873531484,NA,-0.310092992,NA,8,-151.0136825,330.027365,77.75559109,2.23E-18
124,-5908.405545,2.770345292,-2.479903397,NA,0.07234255,1.40503308,-1.913832829,-0.016635319,NA,NA,8,-151.038607,330.0772139,77.80544002,2.18E-18
126,-6315.823504,1.748813706,NA,-0.000358387,0.076016621,1.111339092,-1.764335947,-0.024958656,NA,NA,8,-151.1269021,330.2538042,77.98203024,1.99E-18
502,701.4150872,-1.422424079,NA,-0.000327341,NA,0.050512066,0.802717696,0.107961178,-0.618549606,1.264743441,9,-147.9654467,330.2945298,78.02275584,1.95E-18
239,-6103.817992,NA,-1.473616938,-0.000413345,0.074015025,NA,-0.731167899,0.071365063,-0.681702929,NA,8,-151.1654054,330.3308107,78.0590368,1.92E-18
129,793.4933877,NA,NA,NA,NA,NA,NA,NA,-1.212867762,NA,3,-161.5280998,330.4679643,78.19619039,1.79E-18
33,793.2268317,NA,NA,NA,NA,NA,-0.891222653,NA,NA,NA,3,-161.551603,330.5149707,78.24319681,1.75E-18
176,-6203.374377,0.804419772,-1.401158918,-0.000356969,0.075062259,NA,-0.892222318,NA,-0.338971875,NA,8,-151.2658042,330.5316085,78.25983456,1.74E-18
112,-6140.966061,0.558083234,-1.846474228,-0.000363775,0.07447401,NA,-0.861546012,0.032243082,NA,NA,8,-151.2724817,330.5449635,78.27318954,1.72E-18
223,-5782.730013,NA,-2.311723164,-0.000467364,0.070780364,0.611639941,NA,0.070738382,-0.788367407,NA,8,-151.2919467,330.5838934,78.3121195,1.69E-18
17,790.8340092,NA,NA,NA,NA,0.854067027,NA,NA,NA,NA,3,-161.5949382,330.601641,78.3298671,1.68E-18
7,896.2863979,NA,-4.76486337,-0.000557812,NA,NA,NA,NA,NA,NA,4,-160.0984116,330.6968233,78.42504934,1.60E-18
238,-6367.988216,-0.093328576,NA,-0.000415654,0.076491281,NA,-0.851547343,0.057684663,-0.902319211,NA,8,-151.3484139,330.6968277,78.4250538,1.60E-18
19,927.6611851,NA,-5.417640782,NA,NA,1.325290321,NA,NA,NA,NA,4,-160.1376209,330.7752417,78.50346782,1.54E-18
208,-6003.530471,-0.813673647,-1.707150122,-0.000458492,0.072960995,NA,NA,0.090332845,-0.819078024,NA,8,-151.4110163,330.8220327,78.55025874,1.50E-18
2,788.0562041,-0.806744778,NA,NA,NA,NA,NA,NA,NA,NA,3,-161.7098104,330.8313854,78.55961151,1.49E-18
250,-6355.803602,1.919989844,NA,NA,0.076526319,1.135744115,-1.830678527,-0.010288427,-0.660193337,NA,8,-151.4299182,330.8598363,78.5880624,1.47E-18
251,-6037.014711,NA,-1.683285577,NA,0.073492575,0.798927546,-1.038074022,0.067902548,-0.622913871,NA,8,-151.4434806,330.8869612,78.61518729,1.45E-18
65,785.4669757,NA,NA,NA,NA,NA,NA,-0.014644109,NA,NA,3,-161.7554286,330.9226218,78.65084788,1.43E-18
160,-5922.310666,0.144639041,-1.974416754,-0.000424573,0.072193956,0.548255422,NA,NA,-0.470563388,NA,8,-151.4614846,330.9229693,78.65119534,1.43E-18
96,-5853.925575,-0.203499973,-2.55631987,-0.000431582,0.071561616,0.496000466,NA,0.048106144,NA,NA,8,-151.4618624,330.9237248,78.65195092,1.43E-18
222,-6205.899702,-1.132934002,NA,-0.000494435,0.074745824,0.341771239,NA,0.083575289,-1.215741637,NA,8,-151.5853166,331.1706333,78.89885934,1.26E-18
67,919.3793178,NA,-5.704856787,NA,NA,NA,NA,0.101268797,NA,NA,4,-160.3862468,331.2724937,79.00071975,1.20E-18
236,-6278.661561,0.845992978,-1.602764253,NA,0.075949725,NA,-0.984355182,0.024734631,-0.321951035,NA,8,-151.6817887,331.3635773,79.09180339,1.15E-18
4,911.5139545,0.847114046,-5.298201954,NA,NA,NA,NA,NA,NA,NA,4,-160.51929,331.5385801,79.26680616,1.05E-18
35,902.4523866,NA,-4.692584444,NA,NA,NA,-0.23463859,NA,NA,NA,4,-160.5567808,331.6135615,79.34178762,1.01E-18
131,903.5159911,NA,-4.799305211,NA,NA,NA,NA,NA,-0.095468251,NA,4,-160.5697532,331.6395063,79.36773242,9.98E-19
220,-6030.532687,-0.132967229,-2.170791149,NA,0.073424097,0.404742705,NA,0.049106119,-0.52754406,NA,8,-151.9965571,331.9931142,79.72134029,8.36E-19
133,788.1469529,NA,NA,-0.000626591,NA,NA,NA,NA,-1.355136031,NA,4,-160.9844157,332.4688314,80.19705748,6.59E-19
21,785.6097153,NA,NA,-0.000638724,NA,1.031115459,NA,NA,NA,NA,4,-161.0371112,332.5742225,80.30244855,6.25E-19
37,786.6629246,NA,NA,-0.000568174,NA,NA,-0.810922373,NA,NA,NA,4,-161.1066883,332.7133765,80.44160262,5.83E-19
49,808.2212765,NA,NA,NA,NA,1.412493534,-1.383622369,NA,NA,NA,4,-161.1525899,332.8051798,80.53340585,5.57E-19
6,782.5836617,-0.972024721,NA,-0.000605763,NA,NA,NA,NA,NA,NA,4,-161.2105487,332.9210974,80.64932352,5.26E-19
23,921.2764117,NA,-5.366753149,-0.000623475,NA,1.493685498,NA,NA,NA,NA,5,-159.5255562,333.0511125,80.77933855,4.93E-19
145,802.6797862,NA,NA,NA,NA,1.053072444,NA,NA,-1.424539337,NA,4,-161.2784604,333.0569209,80.78514697,4.91E-19
69,778.5323383,NA,NA,-0.000591104,NA,NA,NA,0.001432443,NA,NA,4,-161.2857959,333.0715919,80.79981796,4.88E-19
161,799.72431,NA,NA,NA,NA,NA,-0.763044879,NA,-1.059020652,NA,4,-161.3764881,333.2529762,80.98120224,4.45E-19
193,792.6193639,NA,NA,NA,NA,NA,NA,0.049315548,-1.475884586,NA,4,-161.4914286,333.4828572,81.21108326,3.97E-19
130,795.6011236,-0.590361498,NA,NA,NA,NA,NA,NA,-1.158871936,NA,4,-161.5013721,333.5027442,81.2309703,3.93E-19
34,792.9385597,0.249541105,NA,NA,NA,NA,-0.971042055,NA,NA,NA,4,-161.5484457,333.5968914,81.32511751,3.75E-19
97,792.779134,NA,NA,NA,NA,NA,-0.918791039,0.012589489,NA,NA,4,-161.5487076,333.5974153,81.32564136,3.75E-19
18,793.046482,-0.609342603,NA,NA,NA,0.803075607,NA,NA,NA,NA,4,-161.5667434,333.6334868,81.36171286,3.68E-19
71,912.8891949,NA,-5.726972919,-0.000597465,NA,NA,NA,0.117967717,NA,NA,5,-159.8376041,333.6752081,81.40343417,3.61E-19
81,791.894291,NA,NA,NA,NA,0.859977586,NA,-0.017954056,NA,NA,4,-161.5886737,333.6773474,81.40557343,3.60E-19
83,944.2587125,NA,-6.328942501,NA,NA,1.368776567,NA,0.108680898,NA,NA,5,-159.9158876,333.8317751,81.56000118,3.33E-19
66,787.6733087,-0.9829025,NA,NA,NA,NA,NA,0.019931799,NA,NA,4,-161.7045415,333.909083,81.63730912,3.21E-19
20,943.5767815,1.524831608,-6.267033142,NA,NA,1.526771974,NA,NA,NA,NA,5,-159.9721777,333.9443555,81.67258153,3.15E-19
51,925.2876027,NA,-4.949302829,NA,NA,1.588210805,-0.752373996,NA,NA,NA,5,-160.001273,334.0025459,81.73077201,3.06E-19
8,901.6079244,0.631557459,-5.084661943,-0.000545726,NA,NA,NA,NA,NA,NA,5,-160.068571,334.1371421,81.86536817,2.86E-19
135,892.8835886,NA,-4.546486611,-0.000566841,NA,NA,NA,NA,-0.283032764,NA,5,-160.0865319,334.1730638,81.9012899,2.81E-19
39,894.8303787,NA,-4.640167597,-0.000554154,NA,NA,-0.163653859,NA,NA,NA,5,-160.0911695,334.1823389,81.910565,2.80E-19
147,924.9228275,NA,-5.221061709,NA,NA,1.345595089,NA,NA,-0.267742424,NA,5,-160.1270212,334.2540425,81.98226857,2.70E-19
195,915.3679377,NA,-5.410066822,NA,NA,NA,NA,0.121286772,-0.600131704,NA,5,-160.3409436,334.6818873,82.41011337,2.18E-19
99,916.9451771,NA,-5.479228227,NA,NA,NA,-0.359633453,0.107344195,NA,NA,5,-160.352751,334.705502,82.43372805,2.15E-19
68,919.834369,0.120645453,-5.735779694,NA,NA,NA,NA,0.09765311,NA,NA,5,-160.3854184,334.7708369,82.49906294,2.08E-19
36,910.8334896,1.507332252,-5.127465732,NA,NA,NA,-0.65593267,NA,NA,NA,5,-160.4384499,334.8768999,82.60512593,1.98E-19
132,910.6795929,0.842826371,-5.243049386,NA,NA,NA,NA,NA,-0.069240242,NA,5,-160.5186014,335.0372028,82.76542892,1.82E-19
163,901.4389951,NA,-4.625619468,NA,NA,NA,-0.233251014,NA,-0.088877999,NA,5,-160.5556485,335.111297,82.83952304,1.76E-19
53,802.6849226,NA,NA,-0.000626783,NA,1.573072564,-1.351017227,NA,NA,NA,5,-160.5925107,335.1850214,82.91324751,1.69E-19
149,798.6863509,NA,NA,-0.000693308,NA,1.273429376,NA,NA,-1.626248362,NA,5,-160.6040235,335.2080469,82.93627298,1.68E-19
192,-5765.421649,2.37538749,-2.190396812,-0.00038561,0.070731228,1.471524019,-1.777640231,NA,-0.452808549,NA,9,-150.4762022,335.3160407,83.04426678,1.59E-19
128,-5753.723942,2.332156516,-2.562190194,-0.000372573,0.070663803,1.427581465,-1.766856631,0.006285625,NA,NA,9,-150.5496284,335.4628931,83.19111922,1.48E-19
255,-5794.194084,NA,-1.763071175,-0.000472494,0.07089123,0.998135046,-1.05243404,0.094686888,-0.909718652,NA,9,-150.6801937,335.7240237,83.45224978,1.29E-19
165,793.7095731,NA,NA,-0.000604767,NA,NA,-0.65839964,NA,-1.217432549,NA,5,-160.8664087,335.7328174,83.46104351,1.29E-19
197,786.3264167,NA,NA,-0.000670439,NA,NA,NA,0.081611088,-1.800351831,NA,5,-160.8810604,335.7621207,83.49034681,1.27E-19
177,817.4110556,NA,NA,NA,NA,1.546362456,-1.277034293,NA,-1.266213505,NA,5,-160.895236,335.7904719,83.51869798,1.25E-19
134,790.7034544,-0.739576255,NA,-0.000636432,NA,NA,NA,NA,-1.289727055,NA,5,-160.9403419,335.8806838,83.60890991,1.20E-19
50,811.3190658,2.102474766,NA,NA,NA,1.933104102,-2.237616423,NA,NA,NA,5,-160.9735479,335.9470958,83.67532189,1.16E-19
22,788.2411412,-0.744694738,NA,-0.000647588,NA,0.971254371,NA,NA,NA,NA,5,-160.9927783,335.9855566,83.71378272,1.14E-19
254,-6153.899791,1.263419266,NA,-0.000425739,0.074333815,1.16800538,-1.6249652,0.032591902,-0.98872198,NA,9,-150.8437224,336.0510812,83.77930729,1.10E-19
85,785.6877572,NA,NA,-0.000638245,NA,1.031395854,NA,-0.001255147,NA,NA,5,-161.0370793,336.0741586,83.80238464,1.09E-19
101,785.6071928,NA,NA,-0.000577096,NA,NA,-0.868324205,0.026789194,NA,NA,5,-161.0931159,336.1862317,83.91445781,1.03E-19
38,786.7711035,-0.124162037,NA,-0.000571226,NA,NA,-0.770776029,NA,NA,NA,5,-161.105886,336.211772,83.93999807,1.01E-19
113,807.5757503,NA,NA,NA,NA,1.427004835,-1.437917218,0.022484382,NA,NA,5,-161.1430368,336.2860736,84.01429968,9.77E-20
70,781.2909785,-1.455405611,NA,-0.000634434,NA,NA,NA,0.053808211,NA,NA,5,-161.1713623,336.3427247,84.07095074,9.50E-20
52,966.6646496,4.45434816,-6.421161175,NA,NA,2.743443561,-2.373939061,NA,NA,NA,6,-159.1891015,336.3782029,84.10642898,9.33E-20
252,-5902.50299,2.609660002,-2.315581921,NA,0.072254415,1.40129103,-1.879107841,-0.002330996,-0.299928122,NA,9,-151.0135439,336.3907242,84.11895029,9.28E-20
87,940.4167055,NA,-6.439762669,-0.000669444,NA,1.557483085,NA,0.128413457,NA,NA,6,-159.1992634,336.3985269,84.12675294,9.24E-20
209,801.8945424,NA,NA,NA,NA,1.077087154,NA,0.056126459,-1.728708149,NA,5,-161.2299219,336.4598438,84.18806985,8.96E-20
146,803.4782765,-0.295247708,NA,NA,NA,1.023770108,NA,NA,-1.391645419,NA,5,-161.2718169,336.5436337,84.2718598,8.59E-20
225,799.3730958,NA,NA,NA,NA,NA,-0.878930518,0.073210757,-1.426113703,NA,5,-161.2978665,336.5957331,84.32395917,8.37E-20
240,-6109.101927,0.167146028,-1.502691736,-0.000406143,0.074077569,NA,-0.773148283,0.065729112,-0.649628085,NA,9,-151.1630842,336.6898047,84.41803076,7.99E-20
504,759.6338773,-0.584422455,-2.316272686,-0.000316557,NA,0.357868916,0.636787822,0.11038064,-0.254665213,1.205773304,10,-147.3690056,336.7380113,84.46623734,7.80E-20
162,799.3894459,0.339757843,NA,NA,NA,NA,-0.87058461,NA,-1.068413246,NA,5,-161.3705499,336.7410997,84.46932581,7.78E-20
194,796.7676027,-1.455141483,NA,NA,NA,NA,NA,0.108389584,-1.657856196,NA,5,-161.3808179,336.7616358,84.4898619,7.71E-20
24,935.5318798,1.347940429,-6.119094014,-0.000605293,NA,1.666883123,NA,NA,NA,NA,6,-159.3892405,336.778481,84.50670709,7.64E-20
55,919.0434625,NA,-4.916230674,-0.000618352,NA,1.745455622,-0.724425562,NA,NA,NA,6,-159.3916208,336.7832415,84.51146758,7.62E-20
224,-5805.185272,-0.567847931,-2.081898885,-0.00048538,0.070974713,0.554804852,NA,0.091144162,-0.890084574,NA,9,-151.2547603,336.873157,84.60138309,7.29E-20
151,915.9325908,NA,-4.994891494,-0.000641464,NA,1.53680236,NA,NA,-0.504479055,NA,6,-159.4861377,336.9722754,84.70050146,6.93E-20
98,792.7485961,0.171574525,NA,NA,NA,NA,-0.963347098,0.007874623,NA,NA,5,-161.547621,337.0952419,84.82346802,6.52E-20
82,792.9041095,-0.659224143,NA,NA,NA,0.797098095,NA,0.00547772,NA,NA,5,-161.5663481,337.1326961,84.8609222,6.40E-20
115,943.9966837,NA,-5.893608327,NA,NA,1.703263632,-0.936971396,0.126320732,NA,NA,6,-159.7051101,337.4102202,85.1384463,5.57E-20
199,906.2230735,NA,-5.270951661,-0.000638003,NA,NA,NA,0.150169162,-0.931420297,NA,6,-159.7248622,337.4497244,85.17795047,5.46E-20
103,910.9010401,NA,-5.53738037,-0.000592384,NA,NA,-0.30189523,0.12292572,NA,NA,6,-159.8127851,337.6255702,85.35379625,5.00E-20
211,939.9441213,NA,-5.944814016,NA,NA,1.44499315,NA,0.137537971,-0.852751429,NA,6,-159.8215011,337.6430022,85.37122826,4.96E-20
72,911.4530203,-0.350960489,-5.637400534,-0.000607814,NA,NA,NA,0.12877509,NA,NA,6,-159.8303845,337.660769,85.38899511,4.92E-20
84,949.5459346,0.887073864,-6.605008115,NA,NA,1.475582876,NA,0.082674084,NA,NA,6,-159.8718888,337.7437776,85.47200371,4.72E-20
148,940.983921,1.517446727,-6.082318619,NA,NA,1.54445055,NA,NA,-0.245979942,NA,6,-159.9630937,337.9261873,85.6544134,4.30E-20
179,922.4115586,NA,-4.741698379,NA,NA,1.610476184,-0.75525588,NA,-0.280315757,NA,6,-159.9895039,337.9790079,85.70723396,4.19E-20
40,901.474873,1.124211357,-4.967221458,-0.000525536,NA,NA,-0.481532906,NA,NA,NA,6,-160.0238026,338.0476052,85.77583124,4.05E-20
136,898.3192106,0.612043299,-4.874278205,-0.00055439,NA,NA,NA,NA,-0.259866312,NA,6,-160.0585574,338.1171148,85.84534088,3.91E-20
167,891.5448308,NA,-4.430362495,-0.000563124,NA,NA,-0.158175085,NA,-0.27733377,NA,6,-160.0797638,338.1595277,85.88775376,3.83E-20
181,812.9062083,NA,NA,-0.00067723,NA,1.741383129,-1.224672593,NA,-1.469736648,NA,6,-160.2287223,338.4574447,86.18567075,3.30E-20
227,912.7125027,NA,-5.166271024,NA,NA,NA,-0.374286269,0.128219111,-0.618401499,NA,6,-160.3045429,338.6090859,86.33731194,3.06E-20
100,918.4797362,0.73669074,-5.552731743,NA,NA,NA,-0.543443049,0.088371073,NA,NA,6,-160.3305059,338.6610118,86.38923786,2.98E-20
196,914.7299762,-0.128074341,-5.365857184,NA,NA,NA,NA,0.125898046,-0.623304365,NA,6,-160.3400737,338.6801475,86.40837355,2.95E-20
164,910.4713769,1.504073071,-5.103794479,NA,NA,NA,-0.654550733,NA,-0.030169216,NA,6,-160.4383185,338.8766371,86.60486316,2.68E-20
54,805.5535772,1.781428217,NA,-0.000599171,NA,2.007112163,-2.076043307,NA,NA,NA,6,-160.458343,338.9166861,86.64491214,2.62E-20
213,797.0683328,NA,NA,-0.000746637,NA,1.330467972,NA,0.093694737,-2.149527994,NA,6,-160.4633015,338.926603,86.65482905,2.61E-20
117,801.4259915,NA,NA,-0.000641014,NA,1.602193257,-1.445592116,0.039471573,NA,NA,6,-160.5617224,339.1234448,86.8516709,2.37E-20
150,799.7429717,-0.397675505,NA,-0.000696587,NA,1.235003382,NA,NA,-1.582896612,NA,6,-160.5911829,339.1823658,86.91059184,2.30E-20
198,791.7011822,-2.1393282,NA,-0.000747564,NA,NA,NA,0.172176043,-2.105209326,NA,6,-160.6344447,339.2688893,86.99711538,2.20E-20
178,822.1135303,2.447706579,NA,NA,NA,2.168424529,-2.258544143,NA,-1.417228658,NA,6,-160.6495081,339.2990162,87.02724228,2.17E-20
229,792.716334,NA,NA,-0.000654971,NA,NA,-0.81268895,0.102960301,-1.746846032,NA,6,-160.7061628,339.4123256,87.14055163,2.05E-20
241,818.2946589,NA,NA,NA,NA,1.665535902,-1.474847225,0.099943699,-1.783318475,NA,6,-160.7442596,339.4885192,87.21674527,1.97E-20
166,793.7425213,-0.044074989,NA,-0.000605822,NA,NA,-0.644266538,NA,-1.216490427,NA,6,-160.8663054,339.7326109,87.46083694,1.74E-20
114,813.4928353,2.66970511,NA,NA,NA,2.043482303,-2.355477566,-0.046604402,NA,NA,6,-160.9449232,339.8898464,87.61807244,1.61E-20
86,787.097595,-1.100022423,NA,-0.000666546,NA,0.934072195,NA,0.038585029,NA,NA,6,-160.9725474,339.9450947,87.6733208,1.57E-20
56,957.8443033,4.105304248,-6.276281867,-0.000552388,NA,2.79338952,-2.221905829,NA,NA,NA,7,-158.6710393,339.9574632,87.68568923,1.56E-20
102,785.4692339,-0.56387961,NA,-0.000596273,NA,NA,-0.720213735,0.04275645,NA,NA,6,-161.0813664,340.1627327,87.89095881,1.41E-20
210,804.2704632,-1.10829341,NA,NA,NA,0.986097715,NA,0.100544218,-1.84594708,NA,6,-161.1661809,340.3323619,88.06058794,1.29E-20
119,940.1568883,NA,-6.005055421,-0.000669129,NA,1.891359934,-0.935510123,0.146016519,NA,NA,7,-158.9741486,340.5636818,88.29190784,1.15E-20
215,933.6126639,NA,-5.875641358,-0.000731001,NA,1.688786851,NA,0.173372216,-1.274951026,NA,7,-158.9783513,340.5720872,88.30031324,1.15E-20
226,799.8032617,-0.521273581,NA,NA,NA,NA,-0.741521874,0.090637092,-1.499082163,NA,6,-161.2882542,340.5765085,88.30473455,1.14E-20
116,968.1728267,4.120046721,-6.543557492,NA,NA,2.685114012,-2.29776028,0.031149945,NA,NA,7,-159.174662,340.9647087,88.69293473,9.42E-21
180,964.0952864,4.446684356,-6.23830061,NA,NA,2.760795985,-2.373652369,NA,-0.243486283,NA,7,-159.1795112,340.9744071,88.70263315,9.38E-21
88,943.1296748,0.444792315,-6.576401395,-0.000658662,NA,1.607998257,NA,0.11505545,NA,NA,7,-159.1876308,340.9906461,88.7188722,9.30E-21
183,913.5760482,NA,-4.53394953,-0.000636679,NA,1.79101035,-0.728890271,NA,-0.514847614,NA,7,-159.350039,341.3154626,89.04368872,7.91E-21
152,930.2581011,1.328512947,-5.755560515,-0.000622617,NA,1.705280836,NA,NA,-0.478470498,NA,7,-159.3533529,341.3220904,89.05031648,7.88E-21
243,939.0959726,NA,-5.431225589,NA,NA,1.81070754,-0.996263429,0.16010328,-0.965317108,NA,7,-159.5823992,341.7801831,89.50840915,6.27E-21
200,901.589394,-0.83805283,-4.97468114,-0.000670039,NA,NA,NA,0.181793232,-1.099685136,NA,7,-159.6868971,341.9891789,89.71740493,5.64E-21
231,904.0197292,NA,-5.063371577,-0.000633184,NA,NA,-0.320299443,0.155883432,-0.944552603,NA,7,-159.6966414,342.0086673,89.7368934,5.59E-21
212,944.0348943,0.60317411,-6.176657586,NA,NA,1.50886103,NA,0.116539182,-0.754783986,NA,7,-159.8022515,342.2198876,89.94811369,5.03E-21
104,910.9124802,0.004713038,-5.537835004,-0.000592225,NA,NA,-0.303086667,0.122800155,NA,NA,7,-159.8127842,342.240953,89.96917903,4.98E-21
245,813.6288779,NA,NA,-0.000752448,NA,1.927992874,-1.49265239,0.138333358,-2.208072871,NA,7,-159.9269292,342.469243,90.19746903,4.44E-21
168,898.6342976,1.094074577,-4.788437757,-0.000533572,NA,NA,-0.468571765,NA,-0.224738465,NA,7,-160.0163146,342.6480138,90.37623989,4.06E-21
182,817.2165278,2.143242746,NA,-0.00064825,NA,2.27772312,-2.086335678,NA,-1.593258175,NA,7,-160.029693,342.6747706,90.40299671,4.01E-21
256,-5724.117163,1.944208029,-2.224233022,-0.000413856,0.070291632,1.422176103,-1.677225757,0.039038562,-0.633499384,NA,10,-150.4381812,342.8763625,90.60458855,3.62E-21
214,800.4901607,-1.766459398,NA,-0.000803111,NA,1.204609263,NA,0.167331821,-2.368219992,NA,7,-160.2928118,343.2010083,90.92923437,3.08E-21
228,914.1887809,0.455723946,-5.250705453,NA,NA,NA,-0.486168309,0.113883143,-0.541407986,NA,7,-160.2967462,343.208877,90.93710312,3.07E-21
118,806.1604943,1.927026007,NA,-0.000592704,NA,2.033971164,-2.107320048,-0.011677805,NA,NA,7,-160.4565193,343.5284233,91.25664933,2.61E-21
230,793.3876871,-1.649422738,NA,-0.00072284,NA,NA,-0.371034115,0.161183707,-2.010968922,NA,7,-160.6104904,343.8363655,91.56459154,2.24E-21
242,821.616698,2.005313399,NA,NA,NA,2.103615396,-2.16019308,0.039936922,-1.596566652,NA,7,-160.6331155,343.8816156,91.60984165,2.19E-21
120,960.4661338,3.380556767,-6.524637545,-0.000586812,NA,2.673842215,-2.052236469,0.065504534,NA,NA,8,-158.605864,345.211728,92.93995405,1.13E-21
184,952.7653937,4.080435005,-5.929360582,-0.000569024,NA,2.827400565,-2.216789859,NA,-0.456129706,NA,8,-158.6361214,345.2722428,93.0004689,1.09E-21
247,932.6969297,NA,-5.348817943,-0.000736378,NA,2.065356431,-1.020949843,0.196760239,-1.393411333,NA,8,-158.7058755,345.4117509,93.139977,1.02E-21
216,932.9651124,-0.091618476,-5.84013962,-0.000734025,NA,1.680094083,NA,0.176710021,-1.291577978,NA,8,-158.9778855,345.9557709,93.68399701,7.77E-22
244,964.2202411,3.860827655,-6.273251996,NA,NA,2.67664809,-2.241562124,0.053899101,-0.478945738,NA,8,-159.1451865,346.290373,94.01859912,6.57E-22
232,901.6110098,-0.631272317,-4.942106312,-0.000659681,NA,NA,-0.163060387,0.176899396,-1.064853089,NA,8,-159.6818808,347.3637616,95.09198767,3.84E-22
246,815.2583982,0.882430491,NA,-0.000725408,NA,2.111336415,-1.793596365,0.110548033,-2.110629454,NA,8,-159.9048621,347.8097242,95.53795032,3.07E-22
248,951.4252909,2.762478746,-5.960979098,-0.000649889,NA,2.655040614,-1.909079839,0.116464167,-0.995125063,NA,9,-158.4776975,351.3190313,99.04725736,5.32E-23
