"","(Intercept)","agr_gdp.lag2","dev_agr.lag2","dev_env.lag2","fdi.lag2","for_rem","gdp.lag2","pop_den.lag2","time","df","logLik","AICc","delta","weight"
"210",-7292.91062811022,-19.6046540516981,NA,NA,NA,0.0953878595101921,NA,-602.508601162166,1.10472169759235,6,-98.4857354534427,215.971470906885,0,0.399260253026799
"209",-7309.81640132133,NA,NA,NA,NA,0.0958222921216351,NA,-604.679392122197,1.11055322105118,5,-101.268045778812,217.151476173009,1.18000526612323,0.221320269212085
"214",-7313.4930552236,-20.6272124247812,NA,0.669781836779236,NA,0.0956437009743802,NA,-606.741684057489,1.10893997164933,7,-97.7867475830551,219.755313347928,3.78384244104302,0.0602011976696892
"217",-7114.8269621798,NA,NA,NA,-0.107836252205739,0.0933537453545192,NA,-572.662038902468,1.08411832718196,6,-100.424667469464,219.849334938929,3.87786403204342,0.0574365839564968
"218",-7155.86364936854,-18.14314050581,NA,NA,-0.0764889634477944,0.0936692896946993,NA,-579.960312771914,1.0864059894652,7,-97.9443767586718,220.070571699162,4.09910079227635,0.0514218444431708
"213",-7325.70288672345,NA,NA,0.495731129105737,NA,0.0960284213659642,NA,-607.896261551531,1.11390045188395,6,-100.984834444607,220.969668889215,4.99819798232915,0.0328028196396605
"241",-7390.56599244571,NA,NA,NA,NA,0.096382119014642,0.596961142042567,-597.900824157603,1.12732185825085,6,-100.993267269298,220.986534538595,5.01506363170967,0.0325273622864483
"212",-7263.13366641299,-19.8496316323794,-0.0248887681704423,NA,NA,0.0949349845244769,NA,-593.449848280067,1.10170682452437,7,-98.4366109752146,221.055040132247,5.083569225362,0.0314320745739721
"242",-7270.04231422626,-20.3491331901275,NA,NA,NA,0.0952172697565871,-0.164313545049564,-604.291966943581,1.09988468062138,7,-98.4628675233074,221.107553228433,5.1360823215476,0.0306175173232827
"211",-7304.67800037771,NA,-0.00432556749153049,NA,NA,0.0957445277488386,NA,-603.10973180273,1.11004191279993,6,-101.266930103893,221.533860207785,5.56238930089992,0.0247399369147978
"221",-7056.44323823802,NA,NA,0.982757628104182,-0.15754191219143,0.0926245411837054,NA,-564.281326841807,1.07856920792154,7,-99.3556784108882,222.893175003595,6.92170409670911,0.0125379672291888
"222",-7094.76889225777,-18.7524501983021,NA,1.05158983220614,-0.128623249903705,0.0928996092429998,NA,-571.237718226629,1.0805450383307,8,-96.3120500965652,223.02410019313,7.05262928624492,0.0117434874148186
"249",-7196.7784961978,NA,NA,NA,-0.112127847284191,0.0938774631227175,0.663214939997317,-563.856945607027,1.10169599518918,7,-100.053577058233,224.288972298285,8.31750139139922,0.00623926740088161
"219",-7084.9232283782,NA,-0.0210218108651331,NA,-0.1105636265046,0.0929133845187997,NA,-564.223875106701,1.08096483555006,7,-100.396394309942,224.974606801702,9.00313589481686,0.00442843177420334
"245",-7413.25883164698,NA,NA,0.529838689831553,NA,0.0966420402355212,0.63919828439752,-600.859414372665,1.13208582830428,7,-100.660810328676,225.50343883917,9.53196793228412,0.0033995038732473
"246",-7293.08431699812,-21.2859594345545,NA,0.667541930512263,NA,0.0954911166817888,-0.146146412243056,-608.313717696223,1.10462364685025,8,-97.7672871825757,225.934574365151,9.963103458266,0.00274028447595163
"216",-7307.93674589264,-20.6600428004741,-0.00445824923007746,0.662542899385117,NA,0.0955598137478344,NA,-605.073266496045,1.10835433592156,8,-97.7851399746649,225.97027994933,9.99880904244446,0.00269179685448283
"220",-7105.86556334303,-18.4140819313893,-0.0355785993077095,NA,-0.0806368124523605,0.0929287082608468,NA,-565.788037031803,1.08110299013421,8,-97.8394402283348,226.07888045667,10.1074095497841,0.00254952914370145
"215",-7340.91956193624,NA,0.012252347589153,0.516386798528709,NA,0.0962572809500724,NA,-612.476426440126,1.11548822284756,7,-100.976107822032,226.134033825882,10.1625629189964,0.00248018215725488
"243",-7383.25460114864,NA,-0.00634617017833286,NA,NA,0.0962696044851388,0.598641596451342,-595.578846519424,1.12661890649621,7,-100.990797370908,226.163412923634,10.1919420167488,0.00244401568515345
"250",-7150.7810012597,-18.3602579050213,NA,NA,-0.0758219509342866,0.0936374464197709,-0.0451069214932641,-580.646507198522,1.0852378641695,8,-97.9425967711102,226.28519354222,10.3137226353351,0.00229963899016162
"244",-7239.56325641016,-20.6104760298683,-0.0251117982060801,NA,NA,0.094757089616192,-0.167440996694251,-595.185981509295,1.09675072599792,8,-98.4127438428258,227.225487685652,11.2540167787662,0.00143706821745156
"253",-7148.65291209405,NA,NA,1.05048217141042,-0.166006748983204,0.0931892746851533,0.778792029582522,-553.364250210476,1.09882769447074,8,-98.78250116624,227.96500233248,11.9935314255945,0.000992873271123451
"223",-7061.29334905435,NA,0.00364112015572773,0.988302643487731,-0.157349966820513,0.0926967002756146,NA,-565.695587507496,1.07908410424375,8,-99.3547665649743,229.109533129949,13.1380622230631,0.000560224521671736
"251",-7163.65111574236,NA,-0.0240026542474722,NA,-0.115295195330363,0.0933811570259713,0.671442313532251,-554.113040279426,1.09831340191991,8,-100.015287129309,230.430574258617,14.459103351732,0.000289402100010494
"224",-7081.54368186616,-18.8201414363336,-0.010032412322412,1.0365600651172,-0.129047730279357,0.0927017815448814,NA,-567.366103303309,1.0791334719018,9,-96.3025557684321,230.605111536864,14.6336406299789,0.000265217019269365
"254",-7102.22440627457,-18.4249051102662,NA,1.0563550180892,-0.12987423458213,0.0929445654736889,0.0686222859717916,-570.154267849279,1.08229557813146,9,-96.3071939210016,230.614387842003,14.6429169351178,0.000263989750599778
"145",-5260.80175646935,NA,NA,NA,NA,0.0645518581286038,NA,NA,1.05357970661796,4,-110.330964712555,231.519072282252,15.5476013753665,0.000167933498501259
"247",-7426.88391136668,NA,0.0111315974584374,0.548527147968584,NA,0.096848566012762,0.637740445000517,-605.036670306664,1.13348688628943,8,-100.65335947098,231.70671894196,15.7352480350746,0.000152893978303991
"153",-5096.89286091955,NA,NA,NA,-0.204349510050405,0.0630116053681435,NA,NA,1.00920228512168,5,-109.076542594024,232.768469803434,16.7969988965482,8.99154062885547e-05
"146",-5251.0371837206,-20.0454784570908,NA,NA,NA,0.0642224416911466,NA,NA,1.04782619051313,5,-109.306237170753,233.22785895689,17.2563880500043,7.14626346979073e-05
"248",-7287.06842266726,-21.3244500215223,-0.00473740642410049,0.659837464451302,NA,0.0954011418775198,-0.146946090980665,-606.54943250047,1.10397772311422,9,-97.7654687884019,233.530937576804,17.5594666699184,6.14138519503851e-05
"252",-7101.06239703176,-18.6206979441605,-0.0355511768493956,NA,-0.0799982230089067,0.0928989453403317,-0.042968605837057,-566.452625458553,1.07999432771341,9,-97.8378071377169,233.675614275434,17.7041433685484,5.71281541284e-05
"147",-5266.80250482553,NA,-0.143768291940161,NA,NA,0.0646651677427552,NA,NA,1.04150099069537,5,-109.798097187196,234.211578989777,18.2401080828918,4.36985405719059e-05
"177",-5428.43363104758,NA,NA,NA,NA,0.0660232097321803,0.964811707521922,NA,1.0817135092513,5,-110.052486409389,234.720357434163,18.7488865272775,3.38834089413945e-05
"149",-5264.34080251638,NA,NA,0.351881558234827,NA,0.0645800891009129,NA,NA,1.05574050424112,5,-110.276570749714,235.168526114813,19.1970552079281,2.70812374341877e-05
"255",-7151.01902719601,NA,0.00180469054413044,1.05320274782239,-0.165908142704967,0.0932248082181479,0.778472762720128,-554.069692070815,1.09907459350263,9,-98.7822633381496,235.564526676299,19.5930557694139,2.22166245395144e-05
"154",-5110.93461787262,-16.6302270834023,NA,NA,-0.176743639927417,0.0629463882727129,NA,NA,1.0104240350712,6,-108.307764658446,235.615529316892,19.6440584100068,2.16572341922097e-05
"155",-5095.61316742946,NA,-0.158696902256694,NA,-0.214203069562387,0.0630624111471158,NA,NA,0.993729498120254,6,-108.330594571446,235.661189142893,19.6897182360073,2.11684026422538e-05
"157",-5062.24838179285,NA,NA,1.18006317160068,-0.262338428847046,0.0626691977216585,NA,NA,1.00385557027461,6,-108.469438471668,235.938876943336,19.9674060364508,1.84242130880955e-05
"148",-5257.10720175146,-21.6134245016724,-0.163726809341386,NA,NA,0.0643257146529101,NA,NA,1.03362061978345,6,-108.533669000962,236.067338001924,20.0958670950386,1.72780204400569e-05
"185",-5275.62082157103,NA,NA,NA,-0.2087910777151,0.064578142576244,1.04918025182892,NA,1.03883171516934,6,-108.699448061611,236.398896123221,20.4274252163361,1.46385160149718e-05
"150",-5255.95483572457,-20.854209178814,NA,0.528123865850785,NA,0.0642515221021428,NA,NA,1.05083711411413,6,-109.170947761493,237.341895522987,21.3704246161014,9.13539508436885e-06
"178",-5297.35544659351,-18.8507029934083,NA,NA,NA,0.0646435158811,0.263236820694316,NA,1.05584507527832,6,-109.287306335057,237.574612670114,21.603141763229,8.13192656093274e-06
"179",-5435.44786739405,NA,-0.144221288286262,NA,NA,0.066145606079682,0.970536053097916,NA,1.06976365605221,6,-109.499741908566,237.999483817132,22.0280129102466,6.57557674010102e-06
"151",-5267.94013296542,NA,-0.140197776851602,0.127930295771287,NA,0.0646726173464552,NA,NA,1.04258654912455,6,-109.790849815962,238.581699631924,22.6102287250384,4.91481633158991e-06
"156",-5110.80345537437,-18.1309515465713,-0.173405668567097,NA,-0.185019298201237,0.0629960177265819,NA,NA,0.993627409927508,7,-107.337633722543,238.857085626904,22.8856147200189,4.28260464519501e-06
"181",-5438.42610069616,NA,NA,0.40777486699959,NA,0.0661076343256771,0.998719179563011,NA,1.08520626881625,6,-109.977536197828,238.955072395657,22.9836014887714,4.07784230649505e-06
"158",-5074.98355713542,-17.3792078109449,NA,1.24610902870394,-0.23673479234829,0.0625818795287353,NA,NA,1.00483309925202,7,-107.570441540271,239.32270126236,23.351230355475,3.39313261096027e-06
"187",-5276.09784451031,NA,-0.159507548082049,NA,-0.218738789176642,0.0646446626613333,1.05953101348475,NA,1.02357220225078,7,-107.913764632046,240.009347445909,24.037876539024,2.40711871172134e-06
"159",-5067.74157764604,NA,-0.135191863726485,0.955820535069364,-0.259713150380498,0.062777544857322,NA,NA,0.991690515307707,7,-107.921585741,240.024989663818,24.0535187569325,2.3883658038714e-06
"256",-7088.98826847689,-18.4969312356515,-0.00995707552352633,1.04136765482038,-0.13027702986388,0.0927475585914876,0.0676076112438871,-566.327746501795,1.0808687275006,10,-96.297837998566,240.095675997132,24.1242050902467,2.30542767455137e-06
"189",-5260.57751416682,NA,NA,1.27697098252767,-0.272099907371385,0.0644043554371778,1.18094540142756,NA,1.03676704409564,7,-107.960986716353,240.103791614524,24.1323207076382,2.2960916448079e-06
"186",-5195.84109593343,-14.1932361519457,NA,NA,-0.182950145694472,0.0637181794902335,0.510502518379048,NA,1.02466187322336,7,-108.229732793479,240.641283768776,24.6698128618907,1.75498851988522e-06
"152",-5259.50706795351,-21.9812648092821,-0.156016480432344,0.288428811584032,NA,0.0643367331897367,NA,NA,1.03593397921997,7,-108.491901332685,241.165620847188,25.1941499403026,1.35025542237682e-06
"180",-5292.4690418905,-20.6933083314717,-0.16297102143066,NA,NA,0.0646469632232702,0.201128317942732,NA,1.03981309155042,7,-108.521702710771,241.22522360336,25.2537526964743,1.31060963373891e-06
"182",-5305.27238923098,-19.5909158625302,NA,0.533118779996045,NA,0.0646997147277562,0.28001811675347,NA,1.05939567807304,7,-109.149228084658,242.480274351135,26.5088034442496,6.99749422655841e-07
"183",-5439.72818575544,NA,-0.139067829285122,0.184900318243067,NA,0.0661795137475671,0.985706416272767,NA,1.071774407458,7,-109.484186767748,243.150191717315,27.1787208104292,5.00578094841881e-07
"160",-5081.87826094706,-18.5231870313215,-0.149053156841128,1.00322211777287,-0.23215499383267,0.0626955878691751,NA,NA,0.991485100224805,8,-106.835470254849,244.070940509698,28.0994696028125,3.15888474988473e-07
"188",-5186.50375204705,-15.9459006024239,-0.17198127195311,NA,-0.190484792177322,0.0636837082331899,0.455143623433612,NA,1.00645926844979,8,-107.269042325578,244.938084651157,28.9666137442715,2.04755616488094e-07
"191",-5263.60301660821,NA,-0.133668090335795,1.05408031339621,-0.269385809914186,0.064490433504467,1.16662025876953,NA,1.02433987995371,8,-107.395529359069,245.191058718138,29.2195878112521,1.80427695725452e-07
"190",-5179.72243237307,-14.3637244119855,NA,1.28690668070681,-0.246441161226805,0.0635327103471437,0.636822326930749,NA,1.02241093036154,8,-107.439679077401,245.279358154801,29.3078872479161,1.7263514888073e-07
"184",-5297.06707447984,-21.0117902460157,-0.155074196024705,0.29368275998534,NA,0.0646777548209524,0.213382236483426,NA,1.04254587232846,8,-108.478385960077,247.356771920155,31.3853010132691,6.10976570209771e-08
"192",-5174.82255036151,-15.8224153927651,-0.146292983414764,1.04397309271272,-0.240864974939567,0.063538399568158,0.565886407894781,NA,1.00735210787621,9,-106.724289553133,251.448579106265,35.4771081993798,7.89768695233809e-09
"193",-438.60158226646,NA,NA,NA,NA,NA,NA,807.632953402064,1.09521392960186,4,-125.203864221043,261.264871299229,45.2934003923431,5.83336496760431e-11
"201",-364.932338557754,NA,NA,NA,-0.441955482144991,NA,NA,789.73838979027,0.988492859128549,5,-123.934144009458,262.4836726343,46.5122017274146,3.1714641167006e-11
"195",-471.502069211075,NA,-0.324976625944176,NA,NA,NA,NA,839.450287426444,1.05773497758025,5,-124.648602379332,263.912589374049,47.9411184671632,1.55229577123662e-11
"194",-455.738319576158,-23.5819607367712,NA,NA,NA,NA,NA,802.542076971798,1.08828298517633,5,-124.918447596618,264.45227980862,48.4808089017349,1.18517419118965e-11
"225",-384.889050918519,NA,NA,NA,NA,NA,-0.789652344296277,787.751752891421,1.0731511417058,5,-125.165116107194,264.945616829772,48.9741459228871,9.26094729393261e-12
"197",-438.781856114314,NA,NA,0.0808468089795174,NA,NA,NA,807.603800602903,1.09575443470617,5,-125.20326574026,265.021916095905,49.0504451890201,8.91429983096008e-12
"203",-397.639386250492,NA,-0.355084752712748,NA,-0.461402277424487,NA,NA,823.716114723603,0.942845683454792,6,-123.170929430855,265.34185886171,49.3703879548245,7.59648262011077e-12
"205",-354.818298084138,NA,NA,1.7564351643276,-0.526127509225149,NA,NA,785.696946793696,0.979910172609228,6,-123.656538168312,266.313076336625,50.3416054297395,4.67428677479308e-12
"202",-380.229808769195,-15.2317556488287,NA,NA,-0.416586544651356,NA,NA,787.477332610078,0.990142069723239,6,-123.803650043568,266.607300087137,50.6358291802514,4.03483219825979e-12
"233",-339.022747103628,NA,NA,NA,-0.438331547537837,NA,-0.389789407499788,780.071332304484,0.97847728030261,6,-123.923459759352,266.846919518703,50.8754486118179,3.57925614651852e-12
"196",-493.378792460101,-26.7526809918906,-0.349036989140164,NA,NA,NA,NA,836.030582227588,1.04709729365316,6,-124.26026076175,267.5205215235,51.5490506166151,2.55577114500233e-12
"227",-428.744192626482,NA,-0.321045324411565,NA,NA,NA,-0.622751758079518,823.386268970417,1.04078876094252,6,-124.623153942979,268.246307885958,52.2748369790726,1.77794964384527e-12
"199",-471.81802082873,NA,-0.338276140846982,-0.462138278402008,NA,NA,NA,840.919040652579,1.05311152220357,6,-124.628807573639,268.257615147278,52.2861442403924,1.76792613453577e-12
"226",-327.705374084404,-32.4541053937137,NA,NA,NA,NA,-1.9770550054268,750.850134425517,1.03043671431949,6,-124.707339730225,268.41467946045,52.443208553565,1.63439879565414e-12
"198",-456.694919014792,-24.0223527355616,NA,0.285481170850291,NA,NA,NA,802.344062563597,1.09006214777271,6,-124.91085584042,268.821711680841,52.8502407739553,1.33343579727112e-12
"229",-385.191262337073,NA,NA,0.0421368168298147,NA,NA,-0.786590709127918,787.813641914451,1.0735183910602,6,-125.164953457369,269.329906914737,53.3584360078521,1.03423425277905e-12
"204",-417.340225543465,-18.2854439923248,-0.369594560124938,NA,-0.431741985340917,NA,NA,822.390186724685,0.942960252740722,7,-122.967696968244,270.117212118306,54.1457412114201,6.97682394988485e-13
"207",-387.806993365766,NA,-0.323949153783605,1.20947219569028,-0.517657509344191,NA,NA,817.953861836753,0.940938261401437,7,-123.035501163415,270.252820508647,54.2813496017621,6.51944726177264e-13
"235",-385.125569151629,NA,-0.35378987930914,NA,-0.459597755587942,NA,-0.18646618180604,818.967714169157,0.938220923350471,7,-123.16829155675,270.518401295318,54.5469303884323,5.70874496312034e-13
"129",647.253487193099,NA,NA,NA,NA,NA,NA,NA,1.38710682279036,3,-131.615318966866,270.830637933733,54.8591670268472,4.88359136183732e-13
"206",-370.85884781634,-16.3267141273881,NA,1.81836392220827,-0.501902641058527,NA,NA,783.13085595518,0.981375329122277,7,-123.502323159067,271.186464499951,55.214993593066,4.08763924170126e-13
"237",-342.576686303715,NA,NA,1.73916530674692,-0.523573777191324,NA,-0.185661478808587,781.132145484464,0.975224017332275,7,-123.654070634765,271.489959451349,55.5184885444637,3.51212098844515e-13
"234",-306.429814316737,-21.0233717955527,NA,NA,-0.395804586714349,NA,-1.19776903468261,756.912071041175,0.959992663040243,7,-123.72005627125,271.621930724318,55.6504598174323,3.28785208118573e-13
"228",-369.882915202191,-35.2382197083297,-0.344675952876229,NA,NA,NA,-1.89973241606316,785.941889205106,0.992027983384142,7,-124.051492762862,272.284803707543,56.3133328006578,2.36032187416413e-13
"137",705.112957717222,NA,NA,NA,-0.515444945623995,NA,NA,NA,1.2550970749331,4,-130.750819012895,272.358780882934,56.3873099760484,2.27461182028936e-13
"161",808.391025870512,NA,NA,NA,NA,NA,-4.71575712428777,NA,1.21243826028142,4,-130.776317852347,272.409778561836,56.4383076549507,2.21734507921383e-13
"200",-493.27957475047,-26.4087496358089,-0.356389891456623,-0.266250747323892,NA,NA,NA,836.920735500349,1.0445703497244,7,-124.253486479598,272.688791141014,56.7173202341289,1.92861914967662e-13
"231",-427.135543112164,NA,-0.334933860397056,-0.488813041352432,NA,NA,-0.651048433440141,824.209880123117,1.03512843391054,7,-124.600998575532,273.383815332883,57.4123444259976,1.36246040206096e-13
"230",-328.919588660821,-32.8376873806764,NA,0.263530683260184,NA,NA,-1.97194119329328,750.801050610499,1.03222870214103,7,-124.700726946239,273.583272074296,57.6118011674102,1.23314006385369e-13
"130",618.386813045661,-28.3858957438318,NA,NA,NA,NA,NA,NA,1.37654920973034,4,-131.405294722346,273.667732301835,57.6962613949497,1.18214868245162e-13
"131",650.440914122866,NA,-0.104867230417286,NA,NA,NA,NA,NA,1.37872342307635,4,-131.585921593694,274.028986044532,58.0575151376462,9.86794792599094e-14
"133",646.912819044285,NA,NA,0.125493202957735,NA,NA,NA,NA,1.38792945857052,4,-131.614584663326,274.086312183795,58.1148412769091,9.58911740644139e-14
"162",810.623149675568,-56.3572592704567,NA,NA,NA,NA,-6.45833468788386,NA,1.12693327749434,5,-129.968291601935,274.551967819255,58.5804969123699,7.59736163881493e-14
"169",844.793703375667,NA,NA,NA,-0.4661256183929,NA,-4.24983342765755,NA,1.1103171125839,5,-130.017180852427,274.649746320239,58.6782754133539,7.23486560141259e-14
"141",710.61074444119,NA,NA,2.08197710802232,-0.614771838316421,NA,NA,NA,1.2433064513546,5,-130.561191196325,275.737767008034,59.7662961011486,4.19923111151753e-14
"138",682.722328820998,-18.5745598863399,NA,NA,-0.484251889760688,NA,NA,NA,1.25617740987815,5,-130.65624842338,275.927881462146,59.9564105552601,3.81844859356775e-14
"139",710.511126138556,NA,-0.143789928983941,NA,-0.524600196852548,NA,NA,NA,1.24125734223806,5,-130.690471823792,275.996328262968,60.0248573560829,3.68997916751563e-14
"208",-407.647502629602,-18.7784879386893,-0.337610340916416,1.25763490885806,-0.489437619389102,NA,NA,816.362721659941,0.940979963944124,8,-122.8181413492,276.0362826984,60.0648117915145,3.61699508699978e-14
"163",811.764974881573,NA,-0.106995106205747,NA,NA,NA,-4.71932298504572,NA,1.2037526746669,5,-130.742883141238,276.101150897861,60.1296799909759,3.50156319149943e-14
"165",808.952614469506,NA,NA,-0.113514733062649,NA,NA,-4.72317408155498,NA,1.21141942677751,5,-130.775663736549,276.166712088483,60.1952411815972,3.38864080874129e-14
"236",-350.327371984149,-23.4897890935676,-0.366209900601216,NA,-0.412828186016631,NA,-1.08209846902056,794.45694010074,0.916154504770184,8,-122.893302983236,276.186605966472,60.2151350595866,3.35510128965421e-14
"239",-383.658955236874,NA,-0.323652103585506,1.20416457028301,-0.516806260993019,NA,-0.062452129736729,816.388792176281,0.939397685513143,8,-123.035203676337,276.470407352675,60.4989364457895,2.91124628905255e-14
"238",-309.87824807334,-21.0975602206692,NA,1.74381928395362,-0.481124851678362,NA,-0.99594610580964,757.893997270662,0.956665464863575,8,-123.443257345674,277.286514691347,61.315043784462,1.93581339666192e-14
"132",621.11357190182,-29.6660555292158,-0.132542090744964,NA,NA,NA,NA,NA,1.36547726705475,5,-131.357670997059,277.330726609502,61.3592557026164,1.89348990909258e-14
"134",616.795728466373,-28.957934117208,NA,0.371820791530652,NA,NA,NA,NA,1.37877381831334,5,-131.39878871291,277.412962041205,61.4414911343195,1.81721284466073e-14
"135",650.598591854542,NA,-0.106103556429343,-0.0442415952303592,NA,NA,NA,NA,1.37833457401149,5,-131.585834142851,277.787052901087,61.8155819942016,1.50720733778713e-14
"170",839.23141003756,-45.8046784350259,NA,NA,-0.371672152313835,NA,-5.7605356617261,NA,1.06151579942414,6,-129.480496458125,277.960992916249,61.9895220093639,1.38166388374015e-14
"25",-6957.61608267513,NA,NA,NA,-0.999647378772914,0.084829630495679,NA,NA,NA,4,-133.797456725235,278.452056307612,62.4805854007267,1.08085975085978e-14
"232",-369.536383851629,-34.891431935457,-0.352436436323814,-0.281318440070429,NA,NA,-1.90345045805231,786.78438755725,0.989250256014665,8,-124.043762428207,278.487524856414,62.516053949529,1.06186045475852e-14
"164",815.807212004865,-58.1919300160543,-0.162093284614381,NA,NA,NA,-6.52046520461464,NA,1.11099141017091,6,-129.885423332763,278.770846665527,62.7993757586413,9.21605161101721e-15
"173",842.93476773113,NA,NA,1.66299892570888,-0.547670824058442,NA,-4.05966459438137,NA,1.1073777617081,6,-129.888436318951,278.776872637903,62.8054017310174,9.18832556487655e-15
"57",-5417.66440009974,NA,NA,NA,-0.816251969475392,0.0702647422971259,-6.9236578802816,NA,NA,5,-132.137096498689,278.889577612763,62.9181067058774,8.68485957146413e-15
"171",849.982999178311,NA,-0.142040394275894,NA,-0.475220033891346,NA,-4.24547677827406,NA,1.09679419090466,6,-129.953555290303,278.907110580606,62.935639673721,8.60905663772938e-15
"166",809.244964010805,-56.7658283715869,NA,0.281845608843441,NA,NA,-6.45255216977673,NA,1.12884305888659,6,-129.963944606528,278.927889213057,62.9564183061713,8.52007744276734e-15
"49",-6122.66516533898,NA,NA,NA,NA,0.077728134577251,-8.76074795119214,NA,NA,4,-134.069182061367,278.995506979876,63.0240360729906,8.23683811948267e-15
"142",686.876922226844,-19.8509437787107,NA,2.15598087408447,-0.584965865326033,NA,NA,NA,1.24404192634453,6,-130.4511529698,279.9023059396,63.9308350327146,5.23421597472049e-15
"143",713.818498124077,NA,-0.0966410635859473,1.92279330555991,-0.613330737858113,NA,NA,NA,1.2349062687039,6,-130.534552242478,280.069104484957,64.0976335780714,4.81539363813351e-15
"140",687.058172214888,-19.9606836247288,-0.160000346869238,NA,-0.492111497703143,NA,NA,NA,1.24085804970241,6,-130.581253238856,280.162506477712,64.1910355708265,4.59568030422503e-15
"17",-8407.88304792479,NA,NA,NA,NA,0.0995822518501472,NA,NA,NA,3,-136.304738905826,280.209477811652,64.2380069047665,4.48900525765111e-15
"50",-5501.73049465581,-79.2594457315161,NA,NA,NA,0.0707501616499617,-10.7326781053165,NA,NA,5,-132.871007795132,280.357400205649,64.385929298764,4.16897388184559e-15
"167",813.507140873639,NA,-0.115355570565982,-0.298857416085114,NA,NA,-4.73912870938965,NA,1.20039164642904,6,-130.738536853571,280.477073707142,64.5056028002569,3.92683274355247e-15
"27",-6856.14851369629,NA,-0.54021494240841,NA,-0.991682851503893,0.0838638909943955,NA,NA,NA,5,-133.134827001174,280.885038617733,64.913567710848,3.2022405221839e-15
"73",-864.90236445528,NA,NA,NA,-1.21026623766073,NA,NA,1257.0965045856,NA,4,-135.283792437507,281.424727732157,65.4532568252714,2.44490476384746e-15
"136",620.267336429399,-29.8903583049399,-0.127854782623865,0.175221931554516,NA,NA,NA,NA,1.3669171777948,6,-131.35627898654,281.71255797308,65.7410870661951,2.11719277890586e-15
"29",-6866.05076228398,NA,NA,2.42801676298175,-1.11029206682264,0.0838872838855197,NA,NA,NA,5,-133.610060540202,281.835505695788,65.864034788903,1.9909605066742e-15
"51",-6120.58584136704,NA,-0.457805061456305,NA,NA,0.0777062008491182,-8.40152852951903,NA,NA,5,-133.615947882945,281.847280381274,65.8758094743887,1.97927347631741e-15
"89",-5891.39295319292,NA,NA,NA,-1.0181801301135,0.0690237869584318,NA,283.194909971369,NA,5,-133.681982235713,281.979349086811,66.0078781799259,1.85279534031162e-15
"58",-5099.89665377912,-55.1921911654414,NA,NA,-0.683545589073904,0.0666190413077925,-8.59548276932273,NA,NA,6,-131.50414618298,282.00829236596,66.0368214590749,1.82617543535498e-15
"59",-5412.97905134524,NA,-0.464344251124339,NA,-0.819234845205413,0.0702152213758533,-6.55259406302091,NA,NA,6,-131.562048218541,282.124096437082,66.1526255301962,1.72343918106653e-15
"26",-6970.73706673824,-13.3914348361584,NA,NA,-0.978193131655453,0.0847983837160674,NA,NA,NA,5,-133.761893755836,282.139172127056,66.1677012201709,1.71049700302067e-15
"19",-8290.8572080596,NA,-0.559350572395906,NA,NA,0.0984606010790203,NA,NA,NA,4,-135.762377788969,282.381898435082,66.4104275281963,1.51500815125638e-15
"105",-308.104870288426,NA,NA,NA,-1.00519123715304,NA,-7.00665535402823,998.20613856548,NA,5,-133.926887025206,282.469158665797,66.4976877589113,1.45032940131995e-15
"53",-6077.6325021986,NA,NA,-1.5009860310575,NA,0.0772782571943604,-8.769966735105,NA,NA,5,-133.986859667602,282.589103950588,66.6176330437023,1.36590615958691e-15
"75",-886.403283915032,NA,-0.793692451431708,NA,-1.174429656466,NA,NA,1284.80384315132,NA,5,-134.023793533402,282.662971682189,66.6915007753034,1.31637822386153e-15
"113",-6525.67431021031,NA,NA,NA,NA,0.0839718770611806,-8.91817703895339,-120.99985051141,NA,5,-134.049438242452,282.714261100289,66.742790193404,1.28304926952747e-15
"174",837.343217079358,-45.9070049490694,NA,1.67805615200883,-0.453744682856558,NA,-5.57201986147313,NA,1.05844081397677,7,-129.341721042792,282.865260267402,66.8937893605163,1.18974607637166e-15
"172",845.58934162969,-47.6218506928285,-0.180068158056539,NA,-0.379454193573479,NA,-5.81494550608438,NA,1.04243639826929,7,-129.372922913588,282.927664008995,66.9561931021093,1.15319693892176e-15
"18",-8360.41178148319,-35.3085453613147,NA,NA,NA,0.098665053613032,NA,NA,NA,4,-136.106093464921,283.069329786986,67.0978588801003,1.07433852151307e-15
"61",-5397.9561240715,NA,NA,1.64214562161475,-0.896112605513047,0.0700267232246805,-6.73383450564218,NA,NA,6,-132.036843154624,283.073686309249,67.1022154023631,1.07200087859238e-15
"121",-5250.00714922068,NA,NA,NA,-0.8214563592828,0.0676893157903684,-6.84820796164423,48.9879730248988,NA,6,-132.133220806323,283.266441612646,67.2949707057604,9.73506507579105e-16
"21",-8366.6358401179,NA,NA,-1.45236768127203,NA,0.099169198244415,NA,NA,NA,4,-136.243891308264,283.34492547367,67.3734545667848,9.36044089001182e-16
"81",-7854.99371215709,NA,NA,NA,NA,0.0913196075888401,NA,150.649466388648,NA,4,-136.279545666004,283.416234189151,67.4447632822654,9.03257994912442e-16
"240",-349.102758949774,-23.3395109018068,-0.336390829501731,1.18825584257778,-0.469580098480979,NA,-0.953992925114102,792.068899379267,0.917456892271545,9,-122.759911723551,283.519823447101,67.548352540216,8.57665010233268e-16
"52",-5477.34777465323,-82.083442767122,-0.497353568476922,NA,NA,0.0704777094506755,-10.4126861641222,NA,NA,6,-132.26086701793,283.521734035861,67.5502631289753,8.56846078891902e-16
"97",-420.48855391625,NA,NA,NA,NA,NA,-9.73293620431702,1073.66106418823,NA,4,-136.366761394389,283.590665645921,67.6191947390355,8.2781731242769e-16
"175",846.990708820162,NA,-0.105641102700665,1.48725083250865,-0.545816889964395,NA,-4.0765216935299,NA,1.09763086063937,7,-129.854267202548,283.890352586914,67.9188816800285,7.12620501232809e-16
"168",815.617281390701,-58.2297603868228,-0.161205036732457,0.033032170063856,NA,NA,-6.51944702997427,NA,1.11130259477297,7,-129.885365613424,283.952549408666,67.9810785017807,6.90800183221957e-16
"65",-1295.22306308589,NA,NA,NA,NA,NA,NA,1487.52242209273,NA,3,-138.478406878569,284.556813757137,68.585342850252,5.10667369158596e-16
"114",-6131.97832377683,-80.5376518544805,NA,NA,NA,0.0805570769107193,-11.0145871046061,-192.232741205578,NA,6,-132.814700515938,284.629401031875,68.6579301249898,4.92465693293954e-16
"91",-5107.91309010962,NA,-0.625172355811035,NA,-1.02054020839759,0.0580324768012023,NA,460.102869013871,NA,6,-132.821853137812,284.643706275624,68.6722353687387,4.88955839695151e-16
"54",-5488.44935458183,-77.803317737685,NA,-0.822901803558551,NA,0.0706317174891099,-10.7015045785004,NA,NA,6,-132.843450594763,284.686901189525,68.7154302826397,4.78508857203847e-16
"77",-840.55924580211,NA,NA,2.95792976050832,-1.34078217990766,NA,NA,1243.45681132402,NA,5,-135.044445525814,284.704275667012,68.7328047601271,4.74369940429077e-16
"107",-399.310819659121,NA,-0.681115577981779,NA,-1.00123410172244,NA,-6.09112112837799,1055.81174895157,NA,6,-132.895322299477,284.790644598954,68.8191736920682,4.5432055463017e-16
"144",689.567481979787,-20.7154500960836,-0.112199158712966,1.97439317334036,-0.5819947176432,NA,NA,NA,1.2343214411522,7,-130.415020322564,285.011858826947,69.0403879200613,4.06748843312273e-16
"98",-262.255063832353,-87.6326031536684,NA,NA,NA,NA,-11.9779773326619,943.291015505185,NA,5,-135.222371287508,285.0601271904,69.0886562835145,3.97049802783701e-16
"31",-6805.39396887039,NA,-0.50106104428186,1.54085646707166,-1.06247691391329,0.0833358586882895,NA,NA,NA,6,-133.057991799078,285.115983598157,69.1445126912716,3.86114329783798e-16
"28",-6871.35387176912,-18.3676343013139,-0.555076012120099,NA,-0.962037198072657,0.0837944659875228,NA,NA,NA,6,-133.063476314974,285.126952629948,69.1554817230628,3.84002476145687e-16
"74",-876.485937874264,-10.9374078519794,NA,NA,-1.19297012077213,NA,NA,1256.03282418125,NA,5,-135.263527021024,285.142438657433,69.1709677505479,3.81040621334948e-16
"20",-8230.23888405899,-40.2183804204675,-0.590638291879405,NA,NA,0.0973531212751202,NA,NA,NA,5,-135.490221769683,285.59582815475,69.6243572478647,3.03751896562387e-16
"67",-1304.78960760287,NA,-0.866876508037736,NA,NA,NA,NA,1510.33241677625,NA,4,-137.412250426031,285.681643709206,69.7101728023201,2.90994236529369e-16
"99",-512.264852356502,NA,-0.68871569344943,NA,NA,NA,-8.79633383680863,1131.60909939927,NA,5,-135.56036077081,285.736106157004,69.7646352501188,2.83177026477843e-16
"60",-5078.09460779567,-58.1180204544451,-0.491231965407925,NA,-0.679666202731388,0.066373388256497,-8.29155881423639,NA,NA,7,-130.814008126653,285.809834435123,69.8383635282381,2.72928020234518e-16
"23",-8212.44206525797,NA,-0.616702220827991,-2.33859995308637,NA,0.0976804971408426,NA,NA,NA,5,-135.600375076305,285.816134767994,69.844663861109,2.72069604332245e-16
"55",-6053.25107770537,NA,-0.512997589594862,-2.23598303050695,NA,0.0770333849511168,-8.37195439134232,NA,NA,6,-133.430105505618,285.860211011236,69.8887401043503,2.66139287837898e-16
"106",-225.423687870908,-54.304883530763,NA,NA,-0.86767978406179,NA,-8.77083940530921,927.739698348584,NA,6,-133.430966594142,285.861933188285,69.8904622813995,2.65910216990489e-16
"83",-7082.63946609248,NA,-0.619895935553246,NA,NA,0.0804723076320105,NA,325.759692916905,NA,5,-135.643622804621,285.902630224627,69.9311593177411,2.60554018277018e-16
"93",-5759.74207958734,NA,NA,2.48229379800007,-1.13195939771641,0.0674964841913732,NA,293.298193457551,NA,6,-133.483755525772,285.967511051544,69.996040144659,2.52237168578529e-16
"30",-6878.49287773427,-14.9212670488861,NA,2.48576511291294,-1.08901848646424,0.083830054559452,NA,NA,NA,6,-133.565113537865,286.13022707573,70.1587561688446,2.32528262777315e-16
"115",-6031.32611400185,NA,-0.463257619836045,NA,NA,0.0763234396594794,-8.36239193447425,26.7919902548258,NA,6,-133.61499944862,286.22999889724,70.2585279903542,2.21212962162066e-16
"90",-5918.48078121825,-12.780072132643,NA,NA,-0.997452160252415,0.0692098930752208,NA,279.326135027511,NA,6,-133.649222721204,286.298445442408,70.3269745355231,2.13770411281408e-16
"109",-312.569851912442,NA,NA,2.1235719215532,-1.10697321983304,NA,-6.73054663016683,998.615859533511,NA,6,-133.787609682364,286.575219364729,70.6037484578435,1.86143081520177e-16
"22",-8330.08241614496,-33.4418335701817,NA,-1.15630739313702,NA,0.0983846905475248,NA,NA,NA,5,-136.067317536277,286.750019687938,70.778548781053,1.70564832185117e-16
"82",-7819.48578530949,-35.2136227222312,NA,NA,NA,0.0905817538047195,NA,147.42450863527,NA,5,-136.081459692291,286.778303999966,70.806833093081,1.68169654128354e-16
"41",1271.598083631,NA,NA,NA,-1.14371334413132,NA,-13.3250282680135,NA,NA,4,-137.990731720883,286.838606298909,70.8671353920235,1.63174824074827e-16
"79",-872.289825438256,NA,-0.751926769600441,1.57744595524302,-1.24591880731853,NA,NA,1276.07186218461,NA,6,-133.950488106266,286.900976212533,70.9295053056472,1.58164749728165e-16
"76",-905.921358939191,-18.0613609966113,-0.808077089207765,NA,-1.14521842423246,NA,NA,1283.54950619007,NA,6,-133.960996347455,286.92199269491,70.9505217880246,1.56511418406427e-16
"117",-6472.02198846321,NA,NA,-1.49318513427441,NA,0.0833871690928189,-8.92388935403449,-118.34160670946,NA,6,-133.967812389808,286.935624779616,70.9641538727301,1.55448257341364e-16
"62",-5079.36534203699,-55.2959881946173,NA,1.66092877414185,-0.764070111356685,0.0663714434543737,-8.4066322737722,NA,NA,7,-131.394468362115,286.970754906049,70.9992839991635,1.52741639421046e-16
"85",-7803.23945999601,NA,NA,-1.46358753868687,NA,0.0907511026919918,NA,153.425568268043,NA,5,-136.217595233919,287.050575083222,71.0791041763362,1.4676574939734e-16
"123",-4674.95259614843,NA,-0.508389687876099,NA,-0.842413690621519,0.058880335297822,-6.1854665602878,215.514975907266,NA,7,-131.487414049487,287.156646280793,71.1851753739075,1.39184748349209e-16
"101",-406.863876057978,NA,NA,-1.82605365062741,NA,NA,-9.73298393830523,1066.73888244709,NA,5,-136.270888661097,287.157161937578,71.1856910306929,1.39148867195046e-16
"122",-5198.85166700205,-55.5267745413965,NA,NA,-0.679609559536068,0.0681466053910291,-8.65101674029533,-29.4766481341672,NA,7,-131.502670528422,287.187159238662,71.2156883317768,1.37077395436152e-16
"63",-5402.52304430696,NA,-0.442734873086094,0.889390128955608,-0.862348747836954,0.0700886142330386,-6.46705360236292,NA,NA,7,-131.532206834083,287.246231849984,71.2747609430989,1.33087843925727e-16
"66",-1314.4856075685,-38.772636581607,NA,NA,NA,NA,NA,1472.07798306366,NA,4,-138.287795418568,287.432733694278,71.4612627873925,1.21238353148683e-16
"100",-353.503992427326,-89.1202039872812,-0.704915281866987,NA,NA,NA,-11.0574552550953,1000.38898504022,NA,6,-134.262186485247,287.524372970494,71.5529020636084,1.15808600258609e-16
"34",1210.88125862218,-125.051796475743,NA,NA,NA,NA,-18.9517610172778,NA,NA,4,-138.388403773887,287.633950404917,71.6624794980311,1.09634281539903e-16
"69",-1281.60433122278,NA,NA,-1.82583163894079,NA,NA,NA,1480.60311143611,NA,4,-138.401738392545,287.660619642233,71.6891487353473,1.0818205417136e-16
"33",1279.67748998479,NA,NA,NA,NA,NA,-17.0088093217488,NA,NA,3,-140.10872236413,287.81744472826,71.8459738213744,1.00023279281114e-16
"125",-5181.74266540284,NA,NA,1.66547720765537,-0.903950236241529,0.0667063318288775,-6.63396209528636,63.0938516538332,NA,7,-132.030365397254,288.242548976327,72.2710780694417,8.08706389212823e-17
"56",-5450.09155078601,-79.510980501126,-0.534978996852801,-1.57450974910968,NA,0.0702304714377126,-10.3288320993898,NA,NA,7,-132.156480207061,288.49477859594,72.5233076890546,7.12885708449876e-17
"42",1223.89400529879,-89.8412652972021,NA,NA,-0.900038503390589,NA,-15.5057589394467,NA,NA,5,-137.037109301317,288.689603218019,72.7181323111338,6.46717002851844e-17
"116",-5600.72075819253,-82.2901178782667,-0.489817795982356,NA,NA,0.0723958232590269,-10.472553917088,-37.5174766704179,NA,7,-132.258731192339,288.699280566495,72.7278096596098,6.43595308472567e-17
"108",-315.414487393743,-56.0946403190134,-0.692390745847669,NA,-0.859125099519966,NA,-7.89829266465456,983.976508006298,NA,7,-132.302811598548,288.787441378914,72.8159704720285,6.15841557977873e-17
"68",-1327.72089537482,-45.4548788316026,-0.898497111901391,NA,NA,NA,NA,1493.05824529864,NA,5,-137.119107183189,288.853598981763,72.8821280748772,5.95803501926472e-17
"71",-1282.262079195,NA,-0.940903275087507,-3.12973758267883,NA,NA,NA,1500.41958032092,NA,5,-137.166306957979,288.947998531343,72.9765276244574,5.6833506226863e-17
"176",842.72128888772,-47.3522288739614,-0.144662237915244,1.43786521013806,-0.448249011654336,NA,-5.64271484040599,NA,1.04355304443421,8,-129.274292960281,288.948585920562,72.9771150136771,5.68168169833148e-17
"78",-853.7161856281,-12.8115829508675,NA,3.00793498604454,-1.32272872869434,NA,NA,1241.98027881811,NA,6,-135.015987562647,289.031975125294,73.0605042184083,5.44965694158727e-17
"102",-257.825984398267,-85.7024532130991,NA,-1.06071064050139,NA,NA,-11.9285569570328,942.141549233783,NA,6,-135.18658713659,289.37317427318,73.4017033662946,4.59492799896081e-17
"103",-500.121553657082,NA,-0.758701084452658,-2.87743984098352,NA,NA,-8.70123410281028,1126.58985546823,NA,6,-135.307882622772,289.615765245544,73.6442943386589,4.07005942494269e-17
"95",-5077.8164058791,NA,-0.586841377348442,1.47322483626191,-1.08792274324325,0.0577999392152218,NA,455.252403389266,NA,7,-132.749314223807,289.680446629432,73.7089757225464,3.94053660471812e-17
"92",-5128.27367842675,-18.1212038201697,-0.639573603244911,NA,-0.991203835148745,0.0580431697077365,NA,458.692418888652,NA,7,-132.750079500365,289.681977182549,73.7105062756634,3.93752215801644e-17
"84",-7001.23884290444,-40.5188139036773,-0.652436112544068,NA,NA,0.0790538837895642,NA,331.24092693698,NA,6,-135.363833250685,289.72766650137,73.756195594485,3.84859047993594e-17
"24",-8166.22138750273,-37.3231185680706,-0.638398997626658,-2.03935804480812,NA,0.0967525634916654,NA,NA,NA,6,-135.365130865192,289.730261730383,73.7587908234977,3.84359973183406e-17
"118",-6110.26628538247,-79.1058409024811,NA,-0.799055402107446,NA,0.0803048881504221,-10.9803736579399,-189.543832853689,NA,7,-132.788575875837,289.758969933492,73.7874990266063,3.788822391229e-17
"111",-398.095278980742,NA,-0.65617486566251,1.01027657767887,-1.04980116839845,NA,-5.99328858688065,1053.89730096065,NA,7,-132.86184208068,289.905502343178,73.9340314362923,3.52115496642731e-17
"87",-6915.07280909649,NA,-0.684523990373509,-2.46156225371356,NA,0.078385257642349,NA,348.685075922343,NA,6,-135.462291520128,289.924583040255,73.9531121333696,3.48772165708734e-17
"43",1271.568702021,NA,-0.469086999448228,NA,-1.14649354231898,NA,-12.9456168419783,NA,NA,5,-137.678137044333,289.97165870405,74.0001877971647,3.40658686544862e-17
"32",-6819.51658762867,-18.9882129013857,-0.515192638740167,1.58932384528008,-1.03405645196434,0.0832474788850254,NA,NA,NA,7,-132.981173589994,290.144165361807,74.1726944549213,3.12507268444323e-17
"45",1267.83898701075,NA,NA,2.09158718448664,-1.24401831174043,NA,-13.0556325889197,NA,NA,5,-137.902880356381,290.421145328147,74.449674421262,2.72091319867712e-17
"35",1279.66793136952,NA,-0.460267866596971,NA,NA,NA,-16.6453174439693,NA,NA,4,-139.868818061704,290.594778980551,74.6233080736652,2.49465572214903e-17
"36",1209.34312627647,-127.827993184369,-0.521499717120919,NA,NA,NA,-18.5830461620018,NA,NA,5,-138.017693506359,290.650771628104,74.6793007212182,2.42578312109639e-17
"110",-229.950349638143,-54.2549209420157,NA,2.11672807733542,-0.969260259773688,NA,-8.49399740678884,928.212930713184,NA,7,-133.28512001086,290.752058203538,74.780587296653,2.30599238843e-17
"37",1283.15928296536,NA,NA,-2.38728654337288,NA,NA,-16.9475446974434,NA,NA,4,-139.997901713249,290.852946283641,74.8814753767553,2.19255401456584e-17
"9",906.465405158156,NA,NA,NA,-1.74195880122261,NA,NA,NA,NA,3,-141.667193198977,290.934386397954,74.9629154910686,2.10506642796835e-17
"119",-5885.87614740997,NA,-0.523645844858329,-2.25453992401644,NA,0.0744435804040942,-8.2985671805104,50.0711305031301,NA,7,-133.426739939997,291.035298061812,75.0638271549268,2.00148857644424e-17
"94",-5787.19454908124,-14.3198276775653,NA,2.53695342120788,-1.11123949903261,0.0676713816467089,NA,289.185777061641,NA,7,-133.441836581358,291.065491344534,75.0940204376486,1.9714997560082e-17
"86",-7780.07704449538,-33.3260311697056,NA,-1.16828829141213,NA,0.0901675046438031,NA,149.813363832898,NA,6,-136.041777883669,291.083555767337,75.1120848604521,1.95377293016664e-17
"70",-1302.07114347137,-36.3259040839647,NA,-1.50141156702731,NA,NA,NA,1467.36273487931,NA,5,-138.23573834378,291.086861302944,75.1153903960586,1.95054646420673e-17
"38",1213.85241259292,-122.823117142854,NA,-1.1965007982668,NA,NA,-18.8864279910935,NA,NA,5,-138.355776353318,291.326937322021,75.3554664151353,1.72991376739802e-17
"80",-892.067944795261,-18.6992004529852,-0.765549163727368,1.62542155315658,-1.21785020919992,NA,NA,1274.50765833983,NA,7,-133.882706349408,291.947230880634,75.9757599737491,1.26861376731283e-17
"124",-4610.75888560087,-56.7071622733178,-0.518955026255112,NA,-0.697987047328646,0.0591642780038013,-8.0128263628322,138.843113350668,NA,8,-130.781026737971,291.962053475942,75.9905825690567,1.25924644794834e-17
"64",-5068.36640272545,-58.0469226926125,-0.470247164918467,0.862330233337909,-0.721639094227476,0.0662553330104381,-8.20649360637448,NA,NA,8,-130.783657103039,291.967314206079,75.9958432991932,1.25593852251237e-17
"44",1222.31468337267,-92.7552603978702,-0.511585125392784,NA,-0.895167004415814,NA,-15.1627056188403,NA,NA,6,-136.62498201108,292.24996402216,76.2784931152741,1.09041484084093e-17
"104",-351.248231901563,-85.3865311386035,-0.755570339711714,-2.11057959286862,NA,NA,-10.8929711221829,1002.20484896232,NA,7,-134.109736481226,292.401291144271,76.4298202373851,1.01095421352365e-17
"72",-1305.59070167594,-41.3795284043717,-0.961627227315713,-2.78890380813612,NA,NA,NA,1485.7736849715,NA,6,-136.920612756448,292.841225512897,76.8697546060113,8.1133638435603e-18
"46",1220.16520362619,-89.8099218916765,NA,2.08399102374462,-1.00006419871656,NA,-15.2365808398911,NA,NA,6,-136.940642169137,292.881284338274,76.9098134313888,7.95247456841358e-18
"126",-5131.05639931161,-55.4701774196356,NA,1.65530166490181,-0.761744005883074,0.0671691610484478,-8.43624228875802,-15.3769748704671,NA,8,-131.394063409741,293.188126819482,77.2166559125965,6.82138074127227e-18
"127",-4662.76022086462,NA,-0.486758283457779,0.894416551660767,-0.885823930540638,0.0587272524026263,-6.09860831214231,216.004765986316,NA,8,-131.456995845156,293.313991690312,77.3425207834263,6.4053236869838e-18
"11",920.970434471656,NA,-0.656308639754245,NA,-1.72201575686018,NA,NA,NA,NA,4,-141.244294930672,293.345732718487,77.3742618116015,6.30447032139981e-18
"13",913.696725761346,NA,NA,4.17482784390004,-1.91802695366224,NA,NA,NA,NA,4,-141.422514360456,293.702171578055,77.73070067117,5.27532098004966e-18
"39",1284.26828775358,NA,-0.538123430259511,-3.15533659632143,NA,NA,-16.5028568094906,NA,NA,5,-139.676438373059,293.968261361502,77.9967904546163,4.618152046246e-18
"10",888.412149956336,-15.0932413660898,NA,NA,-1.71746993524755,NA,NA,NA,NA,4,-141.647478032379,294.152098921901,78.1806280150156,4.21258239397007e-18
"47",1269.14408307528,NA,-0.436267963166962,1.35021841325991,-1.21105062831155,NA,-12.798254200986,NA,NA,6,-137.64196313305,294.2839262661,78.3124553592142,3.94386884858965e-18
"88",-6860.19682961971,-37.46737281894,-0.706747754465123,-2.16196717454348,NA,0.0773276676661003,NA,350.963289493553,NA,7,-135.22169290562,294.625203993057,78.6537330861718,3.32517837507674e-18
"120",-5513.58486186308,-79.6303975045862,-0.530914986986892,-1.56637633495456,NA,0.0712167076037532,-10.3600075902001,-19.2653723927872,NA,8,-132.155913644575,294.711827289151,78.7403563822653,3.18423372462032e-18
"40",1214.15367897368,-124.367457435196,-0.569035054067077,-1.99369765970469,NA,NA,-18.4405746571034,NA,NA,6,-137.926364597941,294.852729195883,78.8812582889973,2.96762128537294e-18
"112",-314.360387521524,-56.0086676157304,-0.668106944268533,0.982967018580195,-0.90659711412896,NA,-7.80033497205183,982.223908248851,NA,8,-132.269078236858,294.938156473716,78.9666855668305,2.8435323911027e-18
"1",741.116842105263,NA,NA,NA,NA,NA,NA,NA,NA,2,-145.262057532151,295.274115064303,79.3026441574175,2.40384078117139e-18
"96",-5097.86649296292,-18.7179145584212,-0.600467505796735,1.52124219865663,-1.05981658031597,0.0578034050434572,NA,453.637415715823,NA,8,-132.672204971908,295.744409943816,79.7729390369311,1.90012627393318e-18
"15",924.617260826899,NA,-0.574934538996935,3.14369443839507,-1.8570698344193,NA,NA,NA,NA,5,-141.106749067242,296.828882749869,80.8574118429831,1.10482167394688e-18
"12",896.101806362425,-21.1046338433519,-0.673273761778422,NA,-1.68725786015691,NA,NA,NA,NA,5,-141.204239600642,297.023863816669,81.0523929097834,1.00219581478065e-18
"48",1220.14324372337,-92.5602981331804,-0.480702418231847,1.26688025843836,-0.956267762397356,NA,-15.0197783934384,NA,NA,7,-136.589408243173,297.360634668164,81.3891637612789,8.46883601472755e-19
"3",759.472735015908,NA,-0.734668784340775,NA,NA,NA,NA,NA,NA,3,-144.899740632447,297.399481264894,81.4280103580083,8.30593048883647e-19
"14",892.676613309947,-17.6706444558679,NA,4.24180555944256,-1.89218093873309,NA,NA,NA,NA,5,-141.39483817303,297.405060961445,81.4335900545595,8.28279049652772e-19
"2",679.050931013837,-59.5581975119741,NA,NA,NA,NA,NA,NA,NA,3,-145.040224588921,297.680449177842,81.708978270957,7.21733535161283e-19
"5",747.745902610389,NA,NA,-2.91893741824782,NA,NA,NA,NA,NA,3,-145.165742475923,297.931484951847,81.9600140449615,6.36597838140511e-19
"128",-4599.0381765327,-56.6298602994297,-0.497990784137236,0.866235173640194,-0.740226391759476,0.0590156313972679,-7.92621383695211,139.421988488797,NA,9,-130.750293657266,299.500587314531,83.5291164076461,2.90495166486692e-19
"4",692.268649597656,-65.6358385051767,-0.782511680059731,NA,NA,NA,NA,NA,NA,4,-144.620597496889,300.098337850922,84.1268669440363,2.15446295432994e-19
"7",771.193739479031,NA,-0.832433910667975,-4.08546985004141,NA,NA,NA,NA,NA,4,-144.709359813127,300.275862483398,84.3043915765124,1.97146942778579e-19
"6",688.720628712946,-55.5271336399887,NA,-2.40809250562567,NA,NA,NA,NA,NA,4,-144.974261805264,300.805666467671,84.8341955607859,1.51267132161198e-19
"16",898.383043242991,-22.3176483381926,-0.591451916761035,3.19866228826718,-1.82267562102965,NA,NA,NA,NA,6,-141.061333361065,301.12266672213,85.151195815245,1.29094827828486e-19
"8",708.004669119613,-60.2850870495797,-0.864168795787444,-3.57532389613232,NA,NA,NA,NA,NA,5,-144.472677058803,303.56073873299,87.5892678261042,3.81494457071861e-20
