CODEKHUM,mean_elev,med_elev
50406,307.5640084,195
120516,6.523364486,5
90105,25.97652341,14
50600,432.029949,440
90607,14.62275608,5
70700,607.7521565,628
230200,20.78787879,8
230200,6.473684211,7
230200,17.8125,7
230200,11.125,6
230200,100,100
230200,21.36879433,10
230200,33,7
230200,25.75806452,23
230200,100,100
230200,100,100
230200,23.07142857,11.5
230200,100,100
230200,42.72395129,26
160900,559.9558184,516
160800,610.0913794,608
21202,92.17435067,91
21203,64.61850328,62
21204,93.45801752,93
21205,105.8785452,106
21206,52.91094244,51
99,4.844784741,5
21100,118.6286516,107
21000,102.9401374,102
20900,274.1323299,194
21201,88.02757634,85
150605,621.761147,600
150604,264.1457311,226
150603,567.1679854,540
150602,228.829316,179
150601,601.1013467,573
60309,9.939274448,10
160603,323.304797,322
40801,35.43974884,36
80601,11.44352398,12
50801,131.8548209,117
30601,27.5704142,26
200401,8.376151811,9
220201,87.63994188,71
170901,17.72353842,18
141201,16.03424704,16
20405,31.90661437,29
31101,19.72464168,17
40501,6.293885196,5
80101,5.039704025,5
20702,114.6430473,67
70804,55.21624976,13
60112,32.22277277,29
200402,7.947035867,8
40601,16.52016342,16
180201,67.09656477,21
200403,8.126114177,9
90101,52.6538504,32
211006,4.538881724,5
211002,4.706159225,5
70101,7.096301668,8
50301,19.29349128,19
210401,4.923529907,5
200404,6.120162091,6
210901,12.51612652,12
200501,5,5
211001,4.700130378,5
210601,4.663243136,5
230101,14.89955121,5
140601,5.131750699,5
30701,6.676045227,6
210101,4.864324494,5
70102,51.69450954,20
70509,19.62610679,19
140901,5,5
140501,4.840403055,5
141001,8.337098221,9
31601,15.02776084,15
40101,26.67209992,26
190505,116.336742,111
190501,99.8223543,99
80102,10.28982977,10
20205,16.94795583,17
170401,4.868244405,5
150301,29.64675298,19
220101,92.32770339,70
20801,8.533283656,9
150201,9.562726271,10
150302,5.593386405,6
150302,45.45074723,21
140301,5,5
31501,49.49514495,51
140701,4.630718144,5
210102,4.682491037,5
240104,462.8113341,460
80801,21.05706922,21
220501,77.35952415,78
150401,19.74683389,20
80301,5.876979937,5
80701,6.270613108,6
90501,300.9740863,306
60101,28.49777093,26
170902,11.95732729,12
170903,24.36730498,24
60102,23.30700128,21
210602,4.635298924,5
160901,116.8822415,107
70301,17.33129643,17
140702,4.619874715,5
220401,49.98240219,49
20209,13.33323524,13
140902,5,5
10701,77.94647497,66
80201,4.460114158,4
150202,12.83327628,13
200201,3.464525115,4
70201,5.933944307,5
70202,5.008059746,5
10201,9.077150064,9
40602,13.8797755,14
60801,10.42417553,10
160701,148.3731591,132
31401,8.80593537,9
141101,5.04892661,5
210801,4.58304073,5
60103,7.567279392,7
31301,32.53087296,31
80103,10.33143264,10
80602,5.652777778,5
200502,4.009494314,4
50101,36.65170395,37
10202,14.12884982,15
30101,6.22761752,5
200101,3.731638587,4
20401,20.53853837,20
200102,3.606715252,3
20103,14.6967363,15
220202,47.28097264,43
180203,56.31149452,51
60104,13.75912941,13
150101,8.563508556,9
10901,123.6351691,119
100401,78.74302125,70
140903,5,5
120407,5.819466248,6
120408,7.623338257,8
150303,11.03999147,11
120104,9.662698413,10
120102,11.1075,11
120103,10.44360902,10
150102,9.767172877,10
80104,4.688764643,5
30501,13.12778782,10
80603,4.509782309,5
60701,67.68903963,69
60701,15.9578202,16
171301,62.01922872,61
31302,24.33388659,20
70303,26.62210493,25
140101,4.527289211,5
90601,45.33578929,26
20207,7.955573381,7
120308,10.73793103,11
31602,8.904140283,9
120204,11.00649351,11
70601,6.229861881,5
70602,4.741483068,5
120410,5.804469274,6
180202,9.010972877,7
80802,13.73304891,13
120111,9.682291667,10
210701,11.3503537,11
210702,8.483652342,8
70701,112.9002727,20
120602,5.54638009,5
30201,94.86917796,99
100201,23.29633372,19
200301,5.207988119,5
220402,33.50935863,34
10601,15.92653523,16
210301,4.823888663,5
110402,220.4862386,209
110404,428.0658734,411
160601,176.1913193,152
20105,34.99360044,31
60105,22.11074001,19
31102,19.18499164,17
200303,5.165569244,5
40103,12.47512136,12
120607,7.404032469,7
120606,8.163314562,9
120207,10.91928251,11
140302,4.053915001,4
50601,199.4121119,120
210201,5.329957698,5
200503,5.12845836,5
100301,34.95546605,30
30202,62.30972673,65
190502,89.33309374,89
90801,26.11511597,15
20304,7.790081713,8
200504,4.418304188,4
10203,15.3853924,16
60802,8.320844428,8
60803,10.57570474,10
210603,4.648001295,5
210202,4.773353368,5
70103,11.31938807,8
130601,170.7112033,98
150501,19.80022056,19
160602,240.8648498,246
31001,106.6713402,101
171101,48.47008616,47
10501,15.32633566,15
100202,47.64421606,48
50501,32.98249886,32
200103,3.18091758,3
200405,5.242083483,5
120505,7.246211702,5
40803,51.99307825,50
210604,4.704927394,5
170101,22.20522589,22
30102,5.97717768,6
120604,9.837563452,10
120605,9.768939394,10
50201,34.27069436,33
141002,10.98683206,11
140201,11.73224813,11
30103,6.221438403,5
140303,4.536468262,5
210902,21.11960466,21
200506,4.612410146,5
120515,5.145667802,5
80105,5.442370509,5
180204,33.25228558,17
40603,24.27562126,25
210703,4.513872561,5
140102,8.379277746,6
30104,12.54988006,12
50502,39.06170573,39
220301,20.28900766,20
141102,4.756657156,5
60201,18.4573995,18
210302,5,5
120208,10.83774834,11
140904,5,5
160501,116.8641409,117
80302,10.60250468,10
30203,46.67957327,47
80803,18.90708402,19
40701,87.58799963,71
130703,137.1135271,61
130201,119.5854627,119
130202,102.2036603,103
140103,4.969808862,5
80401,4.524169778,5
80202,4.597335203,5
200507,5,5
20104,17.67825112,16
60601,49.08425488,44
150304,92.26907457,60
100101,17.1507274,17
21306,209.4102275,89
40102,9.022146366,9
40102,7.019908116,7
40102,8.021276596,8
40102,8,8
40102,5.280725022,5
40102,5.571696345,5
10401,11.13835873,11
70304,36.85769558,38
60501,22.36128512,19
30901,31.58919443,19
60107,22.4194536,19
40502,18.44981468,19
80901,12.24182543,11
31402,9.373150618,10
90602,14.25583187,10
90603,95.86327797,57
211003,4.598117093,5
170402,6.958675816,7
140503,4.998309995,5
40802,354.7849691,151
31604,22.08524359,15
31605,8.922587199,8
31606,19.38073213,19
31002,66.96614247,60
31003,92.11403092,77
130301,121.3189513,91
50602,86.74096186,81
31004,76.47347289,59
31608,45.58967044,44
170201,50.50413947,40
10402,20.8112713,19
40201,5.181670612,5
140401,16.60456538,17
30401,44.50900837,40
60108,9.101486074,8
220302,37.23628728,35
110101,104.0505228,95
50302,33.63688786,33
170601,12.90514877,13
130104,71.8297212,67
200701,4.143395646,4
120711,8.69673913,9
120712,8.301510574,8
60106,22.73454936,20
40401,11.15422243,6
171006,8.753265547,8
40503,7.933382235,8
140502,4.800604919,5
70401,72.29549302,47
200104,4.365497775,4
141003,7.605413181,7
140304,5,5
20204,10.16615627,9
20605,5.840168811,5
40604,18.24974992,15
141202,13.72238946,13
80902,10.21729388,10
200406,5.995999824,6
31303,22.10386705,22
60702,25.57215359,16
60109,16.0475753,16
100302,53.53380464,50
120710,9.969547111,10
171201,21.41700026,20
90301,137.0012569,123
90301,55.11796249,29
20206,6.653005655,6
90604,23.97782759,12
80402,4.032601042,4
200304,5.456403673,5
70702,8.873926907,4
30902,10.87861344,12
90703,280.5351996,264
90703,247.6894093,227
50503,60.64896895,60
70402,60.08208133,50
210704,9.681584402,10
70106,56.64219793,9
81103,7.659574468,8
80106,10.89882854,11
110301,740.6639626,759
171102,16.40659132,17
30402,35.25961904,36
70104,44.57324115,19
50603,111.2017336,90
80804,21.20835876,21
70603,14.41712641,15
70604,19.9713018,20
50513,29.5882133,30
70501,16.35131796,16
60301,8.478760353,9
100102,60.12284303,58
141004,6.139005534,5
60202,13.92086672,14
31103,16.35429711,15
70105,32.38703781,20
171103,6.260601915,6
60602,63.68882282,64
31503,60.42673619,51
90605,216.3363264,152
90402,38.8619403,2
70502,19.15801157,19
120501,5.372382671,5
31005,93.68882115,82
40402,31.36893343,7
100203,37.69805367,39
80203,4.919095417,5
170102,31.46404305,29
21305,34.30217129,29
170702,18.09910035,18
140202,7.753815985,8
200508,5.004494176,5
31202,14.80134854,15
70305,18.48376963,18
200407,9.234279782,10
210203,4.927680033,5
60401,16.84753252,17
210303,4.678298704,5
21303,20.26601972,20
30602,31.55088897,17
100103,16.69722628,16
50401,67.57884088,68
160903,92.41122648,93
160904,152.13064,118
160502,126.5821247,118
160201,242.7869124,244
230201,31.9809982,11
170704,6.610951849,6
50702,37.32995227,39
31203,14.13378514,15
50113,51.75654478,48
160301,266.5087893,274
120506,10.416784,11
20607,12.58185162,11
60704,14.01989231,9
160604,188.5246644,181
80502,5,5
80805,21.72441052,22
210403,5,5
210605,4.705742762,5
210404,17.83837185,8
180301,100,100
180301,19.24290349,10
31006,87.62381131,85
200305,4.265257975,4
70803,7,7
30502,13.42879257,12
100402,60.66112001,53
80303,6.758132605,6
60804,9.619741828,10
60805,9.83780729,10
40302,6.10024855,5
100104,51.28833523,50
40403,5.252737272,5
70801,6.35875,6
170403,11.06015399,11
171104,4.613360662,5
80403,4.494393987,4
100303,36.11945047,29
60203,7.297072725,7
60306,8.657528642,10
70703,6.088858406,5
210304,4.999240067,5
141103,5.520681265,5
80903,5.839180503,5
80904,4.713691887,5
40203,4.594330884,5
170904,6.105128817,6
80501,4.586524172,5
140801,6.587221823,6
150306,6.611197459,7
130701,57.32999056,57
140803,5.566277762,5
140602,4.865768612,5
20805,6.289158535,6
40105,5.929936039,6
40105,6.03030303,6
20806,7.131250245,7
30801,4.642348219,5
210606,4.494066047,4
60303,6.399224806,7
140804,4.890316901,5
81106,4.626790831,5
70704,6.200364964,6
90802,265.8118174,144
140905,5.273033208,5
130207,107.8885711,101
130208,96.57619239,91
80204,4.320822971,4
10602,19.04410827,17
60204,16.13140152,16
170602,12.91743715,12
60703,16.14113412,17
60302,5.518595041,5
140307,5.319885227,5
200408,6.309293462,6
70605,7.24235257,7
70606,36.80033911,19
40504,7.55107847,7
30903,10.25598165,10
190101,104.2013434,99
170906,9.163896431,9
70705,39.18136012,31
80107,4.980187586,5
90102,29.47490243,16
31204,20.6191241,19
50202,29.81339581,29
150203,8.299840792,9
200703,4.283491141,4
210204,24.4330665,19
190503,72.4155459,73
30702,8.686422997,9
140802,8.735255223,9
100105,64.93474048,72
150204,5.28436019,5
140402,10.16063286,10
140305,5.096159661,5
80806,19.29140779,20
70607,10.99973643,8
70608,6.19369251,6
70609,11.67920762,10
170905,20.07783999,20
20101,22.49217786,21
20102,31.16333743,22
171302,88.1055354,89
130306,109.4751263,90
100204,37.68319343,36
40202,4.689740119,5
31404,8.329730755,8
81002,4.399585308,4
140603,4.604856812,5
80905,5.532308346,6
20507,4.90346045,5
80304,5.905429354,5
100206,15.76166742,15
150502,11.87624555,12
80702,8.105468338,8
80604,4.315014289,4
90302,26.2530373,6
90302,40.96825397,31
81003,4.800366748,5
100404,40.95214521,40
81004,4.445181842,4
30605,4.760099036,5
80305,6.975984252,7
160905,308.7183995,283
160906,152.3399246,130
30904,5.472501755,5
10603,9.952695093,10
190201,41.64754031,40
80605,4.603060587,5
30606,7.719720393,6
140604,5,5
180105,100,100
180105,100,100
180105,100,100
180105,100,100
180105,100,100
190202,63.26121115,61
140605,5,5
30607,4.877842542,5
90201,30.78288431,24
90201,100,100
90201,33.33333333,20
90201,100,100
90201,100,100
90201,40.23697917,31
90201,50.49099099,47
90201,45.99074074,44
90201,59.83269764,43
190504,65.88460999,60
30802,4.517744899,5
190203,47.84288723,50
100304,15.10977573,15
80404,4.858224163,5
80405,4.652893917,5
30608,4.474273714,4
70707,280.2721363,126
100207,17.98097215,18
31205,22.6704266,23
50102,67.21199853,61
100403,74.2977198,72
80205,4.457289204,4
190102,86.46268819,80
150307,41.03180063,19
40804,163.628475,109
210607,5.305452292,5
60305,7.761880751,8
170703,19.24637892,19
140403,14.89577908,16
20306,7.705516495,8
20406,31.15557342,29
160302,253.5868286,248
20602,17.3842696,19
171106,12.17062705,11
30703,9.018939764,9
70503,20.43470296,19
70504,17.28157117,18
40805,86.58888457,60
120701,5.028252135,5
20402,18.4178596,18
171303,318.0831712,333
30301,14.51692649,11
40702,29.30425339,29
171107,50.76102716,47
31403,12.79088516,12
170301,46.21165067,46
150103,12.1144054,12
170705,14.21281343,15
40104,10.80196685,11
40104,7.333333333,7
81001,4.806715745,5
80503,4.826483145,5
31504,27.03385754,22
100106,14.63848369,15
40304,6.55969115,6
50504,24.40588164,23
100501,91.513577,88
50703,50.83546337,50
170302,139.8821678,80
210705,14.62174025,15
211004,6.236140327,5
170404,77.76759125,60
31304,19.5595359,19
130103,60.7583083,60
30603,14.70134663,15
171105,11.03870374,9
120704,7.157567688,7
210405,83.08282648,40
50604,96.85369971,78
60603,45.07803753,49
171202,19.04592966,19
21302,25.54784104,25
160907,206.2227116,198
31016,125.0279354,129
200409,8.269152404,9
80206,4.845834663,5
200702,5.506419345,5
80207,4.604337885,5
60110,48.78821326,46
30604,5.013356562,5
210205,20.88067815,20
31104,24.53092521,21
80110,8.914910226,9
31612,32.45931012,29
31305,28.41689853,28
140306,4.931970687,5
100205,40.26529049,40
10502,20.64564187,19
10204,5.822992619,6
40605,9.328336408,8
171003,20.22433285,19
170103,66.51299646,53
10705,36.29603437,33
20208,10.88129311,11
220203,69.4321905,61
140404,14.98959051,15
140405,16.38417703,16
220204,69.40174499,56
210305,4.590363418,5
210406,22.06122513,6
200509,5,5
120503,9.507806521,9
10702,43.88274307,40
30302,20.2752809,16
30403,39.61313963,39
210103,4.995771267,5
170405,10.96632901,11
170406,45.48805425,48
80109,6.194298575,5
170104,24.94121082,25
60502,35.40475258,37
70708,49.09253904,29
10205,8.245245982,8
200603,4.007508343,4
140204,10.50409357,10
170706,8.689695453,9
100209,18.78321256,19
31206,59.33322956,55
100208,21.09954593,20
30609,41.36445522,41
170603,8.782225691,9
50704,157.2651646,99
70802,6.725806452,7
50505,40.09937691,39
50605,156.1606358,79
210206,18.83579088,19
40606,24.62055303,23
40703,70.17706981,60
80807,13.15000963,12
120512,10.28571429,10
70306,18.48177251,19
40806,82.24754314,64
70307,33.70261438,34
140906,5.018649194,5
140606,5,5
110401,295.549924,301
210207,18.80659542,9
120511,10.77457306,11
81005,4.665517411,5
140203,7.416355489,6
200510,5,5
210501,5,5
200410,7.061970505,7
60111,27.28499587,21
60402,42.92093915,39
60705,45.0218566,48
220403,76.53792731,62
31306,23.3999052,20
30905,11.1386384,11
170604,21.75146437,22
200511,4.653601052,5
200203,3.270365998,3
130402,63.17288461,61
130401,64.90870885,64
10706,41.72031336,39
210903,38.92973361,25
10503,18.79051107,19
160503,135.0760714,123
160504,171.1258372,157
160202,299.3035561,301
160607,253.5439025,262
160303,290.1606928,293
70510,57.62805014,41
70308,51.1170526,39
150402,26.53292256,23
170202,30.72786793,31
210904,7.996235686,8
80407,4.685534024,5
31613,33.53581151,28
150503,18.18688256,18
40505,9.103086514,9
160702,227.8589287,224
210706,5.561527057,5
80808,18.42914201,19
210208,26.22882441,25
220106,58.01086567,56
160304,244.3859926,241
141203,8.189173625,8
30803,4.567432083,5
140907,5,5
170707,8.031238593,7
20403,16.76079865,17
31307,11.21845238,10
171402,66.84770228,62
30204,47.25131025,46
80606,4.631591857,5
170407,7.426201841,6
160102,204.685427,208
10902,107.3881323,100
160101,169.2001863,147
141005,4.7409567,5
110102,126.4227901,118
30105,5.695660025,5
200105,4.317536419,4
31505,73.64799259,75
150104,7.47919477,7
70709,182.1585335,148
31405,9.718914186,9
50506,41.14875316,40
70310,23.18443174,21
60605,45.44549868,44
170907,8.479454087,9
70505,33.04871634,30
60604,79.88143983,81
40106,9.387064487,8
31007,52.89035309,55
31008,93.63219327,82
140805,8.871370641,9
200306,5.108809831,5
31105,10.12195766,11
31308,17.27124019,19
120306,11.85,12
80809,19.89233376,19
10604,16.27532152,16
130205,87.221328,85
130206,61.2866482,61
30805,4.58861428,5
30804,4.740337962,5
50303,32.16394449,30
50606,57.25123611,45
50802,40.53047229,40
120305,11,11
200704,3.797525649,4
110501,613.5039398,633
171204,21.33855663,21
31614,22.67799517,20
20601,16.71581375,16
200412,6.49532184,7
70107,12.2639181,10
60806,6.387231308,6
200411,6.568096377,7
170708,7.748467377,8
10301,20.33465557,19
110201,127.9155032,129
70311,47.90002728,39
140703,4.959251394,5
30404,31.91315821,32
60606,51.79417045,50
210905,8.562855518,8
160103,232.1695726,230
200202,3.207106894,3
60205,13.74699447,13
10504,29.10426855,29
120608,6.063026117,5
50103,25.5227846,25
170105,22.64097251,22
171005,21.57681978,22
20802,9.718002081,10
210908,10.88900804,11
50607,89.01094272,75
10605,20.91649633,17
240204,107.3625172,96
90803,462.892455,520
10509,28.17231467,29
110202,133.3280746,131
20309,7.708298407,8
180205,19.05711032,9
160605,296.1431809,298
20808,9.623503067,10
20809,8.66455974,9
60304,6.332346879,6
230102,6.290222873,5
100405,68.28461426,60
20307,10.1845345,10
31506,64.74815358,61
190204,63.99122457,58
180206,5.043126685,5
180206,29.76423301,9
10206,10.86140711,9
190506,75.42728883,77
40506,9.225426279,10
100210,28.52637814,28
120303,11.42105263,11
120304,11.09302326,11
190205,121.8446733,124
120301,11,11
120302,11.4375,11
10903,97.12373237,74
150308,48.85145406,14
210906,41.85779007,40
220405,219.6297837,230
10904,98.56575705,90
190507,58.90818742,58
220503,145.3802467,81
30610,32.42939624,30
20203,8.822754169,9
150105,6.89339806,6
240102,206.3632384,173
180302,64.92399778,68
120105,9.449152542,9
80810,15.3880284,16
160908,94.62525975,92
160505,122.981481,116
240101,370.5963964,327
160703,201.2648489,207
130702,172.8046813,99
10302,20.16063617,18
10508,46.86290929,46
160704,153.251158,141
210209,8.617060828,8
170203,56.66440176,48
40704,76.55602123,60
20505,6.919294354,7
60807,5.401215431,5
31106,58.88237587,59
40204,5.02840835,5
30704,8.091477019,8
31615,12.32266953,12
31507,14.07654646,10
90502,38.72088808,1
140704,4.635883518,5
140308,5.010889737,5
80607,4.561527118,5
30806,4.548579401,5
80504,4.640640932,5
140705,4.645179692,5
141006,7.673958893,7
50514,38.6679711,36
40507,10.06893755,9
40108,29.21540324,28
210502,4.89686597,5
50304,48.44529901,46
80811,18.0761855,18
30906,11.50392927,12
30907,12.14713091,12
60403,25.97719318,25
60206,6.569269634,6
30106,11.64748089,10
220502,95.76007491,87
30303,15.10188345,12
50104,64.05403557,59
50105,34.27392076,36
40303,14.41081081,15
10801,28.38952883,27
120504,15.0754668,15
20703,89.74146761,80
40404,5.564390699,5
190103,78.6940068,76
90202,74.81328515,42
90202,19.30434783,9
90202,32.36190476,25
90202,27.23636364,14
10606,10.73892916,10
120705,5.642579548,5
80906,8.670662746,8
10306,20.4812258,19
210407,11.04661768,5
160909,112.676958,106
70108,27.82550531,10
10403,8.953399117,8
130404,86.72154307,72
20106,18.49597198,18
130603,160.8776854,123
130405,109.333269,90
50515,28.09516029,27
10207,10.32907936,9
50106,44.75770594,45
40107,14.84729814,15
120209,10.07692308,10
40301,4.666038625,5
80911,11.40164729,10
120409,6.375,5
120112,8.849710983,9
120403,7.423728814,7
120401,9.553846154,10
120402,8.304878049,8
120205,8.957055215,9
120206,10.77966102,11
120203,11,11
120201,10.95588235,11
120202,11,11
150504,14.67635659,15
150403,40.13457965,29
10703,33.71975707,32
80608,4.512128286,5
80208,4.485458976,4
100502,99.7196324,102
50705,35.36064369,36
60706,5.799281349,5
141204,8.780468969,8
141205,11.37203791,10
120507,11.05023548,11
200307,5.038022065,5
230103,33.95542946,23
40607,23.2616342,18
30807,4.4318387,4
220304,35.57642704,37
220304,24.95625636,23
100107,15.28019043,15
60113,15.91539265,16
170408,25.13925198,18
170409,43.71860148,41
80907,6.538424476,7
80908,12.47521866,10
210104,4.669392686,5
10303,22.9526679,20
40110,13.55907089,13
80812,13.74930876,13
200705,4.377369775,4
31207,30.04015562,29
210909,15.1127779,15
171108,51.46943057,49
40109,18.02034443,18
60808,40.10036615,39
141007,8.076955118,8
210210,4.637217669,5
130704,75.29776112,70
40405,10.70359935,5
50107,18.06104454,18
50108,23.91399073,23
50109,32.70616908,32
141104,5.362987437,5
210608,4.666729679,5
200604,4.947976879,5
141206,13.18936109,13
170709,6.005508814,6
80408,4.68048297,5
200512,5,5
90702,632.0449629,631
60809,9.554856299,9
40406,5.888888889,6
40406,4.843973018,5
31407,9.909365559,10
50804,78.00306574,70
211005,4.739465338,5
130705,78.00942873,67
70109,10.20894231,8
81006,4.672155379,5
140309,5.028571429,5
200106,4.035035035,4
171401,89.89178965,70
10404,6.195325135,6
60707,11.80760449,12
40608,21.80543068,19
200707,5.229469294,5
120513,12.65574747,13
140310,5,5
30908,10.57537046,11
80209,4.563010502,5
81007,4.720205463,5
80307,9.400799782,8
80703,4.703371445,5
141105,5.23421758,5
31509,18.85073464,11
141207,5.802898551,6
20611,30.06855049,29
141106,5.553449761,5
80409,4.725285853,5
80505,4.492817947,4
80704,4.610796577,5
31408,8.095935912,8
81105,5.348030716,5
31510,62.31806737,59
80114,5.367656913,5
20503,6.955400828,7
90203,92.26928705,65
140706,4.698854962,5
140707,4.745239659,5
80609,4.566509199,5
30705,6.750977171,7
81008,4.333004602,4
30706,6.760894095,5
140607,5,5
70612,5.368700861,5
120708,7.462252138,8
80308,9.49877836,8
20504,6.786215773,7
190301,93.8914087,81
20501,5.956658635,5
210105,6.776270987,5
80909,4.823394495,5
31409,11.96927789,12
120603,7.00506103,6
100305,40.41796058,40
20302,9.49626556,9
80610,4.614602744,5
80115,4.571749382,5
80611,4.957726426,5
81102,7.230130486,7
31410,5.656923761,5
100108,47.8322768,44
140608,4.855240242,5
80410,4.078835429,4
80116,5.044025157,5
80309,11.50105866,13
80310,6.889792331,5
30808,4.590748264,5
140806,4.604856795,5
120709,7.900365935,8
80910,5.507979376,5
80210,4.381499936,4
80411,4.770220588,5
70711,259.1950055,172
80506,4.771834993,5
31508,10.41889349,9
190403,67.85773243,69
210402,25.70262618,5
60810,14.93044232,15
50115,72.45282038,60
130706,75.79047815,62
10405,10.51681225,9
50305,15.98664321,16
21304,71.9679777,42
200204,4.635699001,5
10607,13.51622003,14
220504,172.9288335,100
80306,6.078627021,5
80113,7.219406042,5
190508,69.78711502,71
140908,5,5
50507,16.83350246,18
31107,15.69162,10
170303,28.04597003,28
140406,9.223026982,9
171205,17.94475347,18
210408,38.02726519,16
200107,4.635516281,5
30304,9.891456961,9
20506,4.818725714,5
200602,4.237942122,4
140311,5,5
31309,16.73388537,17
170711,10.58689024,9
141208,14.258508,14
210609,4.645807541,5
140708,5.195506372,5
141107,4.961254613,5
141008,16.05357547,17
210503,4.795848112,5
70712,17.88222606,10
140504,5.919647696,5
20404,23.5255739,22
50609,127.1249364,98
200108,4.472649573,4
50508,48.15897916,49
40205,8.852321418,6
60307,11.6344981,11
210610,4.622094416,5
40609,26.79815194,27
50306,39.9595774,40
150505,14.29563305,14
180207,58.18028401,13
210611,4.693947649,5
210106,4.64881171,5
140807,9.06279431,9
140312,5,5
80813,14.77789683,14
140505,4.319048002,4
210409,10.03806822,5
50608,56.7966474,53
120510,4.476809955,4
211007,7.16413812,6
140808,6.631295287,7
140809,12.38476947,13
20603,13.14597879,13
200706,5.232349246,5
60308,9.309701493,10
70713,44.37503222,31
200205,4.957388487,5
230202,50.3760471,23
70203,5.232410649,5
140506,5.829771061,6
20608,11.44413438,11
20612,20.6896911,20
141209,14.33621212,14
120508,7.217163355,6
50307,28.00696736,29
210504,5.000588172,5
30305,20.33125475,19
130303,76.3488122,76
150404,240.3278579,140
31406,9.126299849,9
80311,5.16669473,5
170710,8.602746672,7
130106,44.94490643,42
140810,5.959490363,6
200206,3.385303858,4
140104,4.579230185,5
130509,51.05056869,50
130502,49.50097975,50
50402,165.7523329,108
180208,27.76375447,21
180208,40.12389381,34.5
180208,35.25831169,19
180208,26.54946524,21
180208,100,100
180208,23.88086643,13
180208,29.91666667,19
180208,100,100
180208,19.2245345,12
210410,15.76449187,5
20807,12.83277155,12
140909,5.006218905,5
30707,7.655780164,8
170712,18.04592867,17
130508,47.65955892,39
130505,59.70998126,60
130602,178.1178822,95
30611,29.80803709,29
20609,23.89719336,22
130501,63.62458634,60
10406,12.97824724,13
130503,92.3106855,65
10208,14.22948692,14
140811,8.508094402,9
80117,13.04869714,13
20804,7.731214205,8
30708,8.394603563,8
80312,6.36079614,6
100211,17.62086196,18
50308,23.49325103,23
80707,4.727597581,5
80708,4.633530572,5
30909,11.22511653,12
81009,4.674310931,5
210802,5.039819992,5
30709,4.657519648,5
210803,6.438459246,6
31616,38.03039673,32
50203,29.78252788,30
150405,416.1189838,311
40610,18.46253071,19
150506,42.71108665,31
50701,30.61918872,29
80118,17.76710193,18
50706,24.73407566,24
80119,5.093437152,5
10808,21.7449787,21
170908,7.636879604,7
100406,87.38172774,78
200708,4.19335235,4
210505,4.679235168,5
110504,726.1926716,722
110504,474.7472626,440
130512,80.51525753,80
130511,77.72525797,72
130605,64.96327534,61
211008,8.533397948,7
20303,9.593027523,10
130507,72.24041329,43
140105,4.638537644,5
170605,13.80450896,14
210707,13.03167698,13
110203,129.744842,130
80709,4.56498479,5
90704,384.643485,393
120706,6.547251688,6
100306,41.22332656,48
20604,9.331565718,9
10209,11.11183306,11
170410,25.1799868,24
141211,14.56448143,14
31411,10.517732,10
140609,4.998615243,5
70613,4.928983771,5
70614,10.74682553,4
140910,5.14527816,5
170304,34.87779357,35
30612,12.06596491,12
31011,51.53567953,52
130510,100.0072077,77
130304,73.44478121,71
141210,11.7447479,12
150106,9.818263501,10
170305,46.08033948,38
31010,73.89296407,67
20210,15.10330732,15
50805,51.87495327,50
130504,98.42513552,95
60811,11.37317534,11
130506,45.42382252,43
60404,64.95535248,60
40508,10.19930197,9
50709,56.07112182,39
110302,586.8595474,588
170607,17.2013679,18
120514,7.445014976,8
171004,13.39303779,13
240201,125.2354952,121
60405,28.86451536,25
190509,84.14892628,81
200414,7.274057114,7
100212,45.21254242,40
30107,4.675353135,5
50708,24.6768823,25
100407,31.81840263,30
60503,28.41223302,29
200413,6.375272727,7
80612,4.69359515,5
200709,4.795232936,5
211009,4.601114757,5
170606,5.218967454,5
171008,7.589550854,8
10210,5.171533798,5
80710,5.005222511,5
30503,12.10160335,10
190404,69.25188304,70
180209,189.1655501,21
160606,250.9086518,257
60406,25.19240289,25
190104,78.30838228,80
70110,11.40156777,8
200207,4.461071838,5
30306,19.17655766,19
80412,4.715866152,5
60812,7.566380464,7
31311,9.982393315,10
80912,5.229756681,5
141009,6.544338592,5
210708,7.084023005,7
200109,4.586911832,5
210910,47.65797158,31
220404,42.23600839,42
10505,16.6340286,17
171109,26.15096681,26
150407,142.5898949,102
20502,8.904790491,9
120509,16.86536885,17
70204,8.132365973,8
80814,19.24543269,20
70205,17.64276049,14
40407,4.637853383,5
80211,4.251485046,4
50707,31.19534304,30
170713,7.799291997,7
180210,59.18509016,36
200208,4.361526398,4
60207,9.333667244,9
30108,20.50223177,19
60607,51.38135874,51
100408,36.71361838,38
80507,4.901494799,5
130101,54.84021268,54
81010,4.664703408,5
200308,5.521283751,6
50404,97.42318072,90
180103,100,100
180103,28.56076759,22
180103,31.39724481,22
180104,100,100
180104,18.03659783,10
180101,88.9057422,98
180102,46.70638298,35
130203,96.85698338,99
130204,70.09718742,69
200710,4.249790655,4
170411,13.63925714,10
80313,8.70161597,7
211010,4.542143308,5
190303,235.6119969,217
150406,246.4462212,193
100307,46.49967503,41
210411,35.72193878,5
160706,174.855035,169
190402,70.97688043,60
80613,5.089689536,5
10802,21.04624401,20
170701,13.22424626,13
70312,24.8538114,25
70206,7.135074291,6
70207,21.70668848,7
70208,7.330824946,6
30307,20.3465043,20
30710,7.227852406,7
190105,61.65626053,60
130604,81.79297393,79
20701,77.21879388,69
140106,5.126305429,5
50309,48.98829323,46
140205,10.85200648,10
160506,141.8029095,135
30405,29.81584507,30
40705,16.80765217,17
140911,5,5
190302,96.66048443,86
160401,113.4182503,110
160705,149.7817014,136
81011,4.022975135,4
160305,241.1841652,242
190206,85.57443541,85
80122,4.898727466,5
171009,8.873164098,8
80314,10.20626708,10
50710,54.75976256,41
210710,7.457765668,6
20305,7.690569745,8
10803,30.8623683,28
171001,15.47867845,15
171206,30.89637982,29
90401,98.34399791,74
211011,4.710187449,5
140206,6.783252861,7
140207,7.565098235,7
150309,33.69827414,14
50310,37.59586361,37
150107,10.1423205,10
80815,17.78552837,20
210612,4.820092736,5
70403,116.2314032,78
20107,31.87882077,28
170608,17.36823741,17
100503,107.6017058,106
60608,77.77619393,71
10211,18.99202759,18
210709,5.10581791,5
10507,17.49143603,18
110502,498.7410653,470
110204,160.9254213,160
50204,28.43525424,28
60114,17.47913231,19
31512,59.76930233,59
210211,26.1135428,26
10506,17.9182518,18
30711,8.785109003,9
31310,14.33245943,14
30308,14.54443173,14
110503,611.2946707,613
10304,14.59554731,15
80124,5.348007712,5
170412,5.578808632,5
30205,38.89825016,38
140107,4.567913279,5
140108,5.912634638,6
110403,436.199006,440
160402,100.4955767,98
70404,96.46613608,70
100504,67.15432006,60
70506,40.39369111,38
70507,83.39150079,61
110103,263.1208982,242
100409,109.5307827,110
110205,156.8345294,150
110104,221.0753624,190
170106,31.96535493,30
70405,124.869375,85
190106,89.83099607,90
190207,90.88092469,92
171403,93.62794285,73
110105,183.7939991,153
210911,9.196243933,9
190510,72.4368462,71
190304,83.60913955,74
70406,99.9666582,64
110206,186.7102507,180
150206,5,5
150206,5,5
150206,5,5
150206,6.529782861,6
150206,5,5
150206,5,5
150206,5,5
150206,5,5
150206,4.75,5
150206,5,5
150206,5,5
40611,26.54261242,19
60504,32.57064808,33
120210,8.796825397,9
10305,16.16756976,16
10212,7.355704698,8
30613,44.1510794,42
31618,30.60675064,26
60115,10.13899693,10
30309,15.86492375,15
170609,9.76256512,10
50311,149.2717483,90
211012,4.654074819,5
171010,8.205911857,7
31312,11.88799578,12
130406,97.95509247,88
60310,8.084491658,9
90804,42.76553819,24
240203,183.6148302,164
70715,71.41553847,38
120601,5.165900543,5
240202,58.11855995,56
90403,11.55175561,2
190401,110.7227653,112
31619,27.04608082,15
40706,14.59418345,14
80711,4.773413526,5
200513,5,5
141010,10.8619196,11
150507,15.72770919,16
50110,124.2677914,91
200309,4.991623454,5
10804,41.60148382,42
170204,27.1394138,27
100505,64.83139477,61
40612,8.838380581,6
80315,10.4475902,11
140507,6.230582453,6
200514,4.993977037,5
40707,51.18241905,49
171002,9.180370531,9
150108,8.324102736,8
30910,11.27402072,11
50205,29.51137821,29
171304,57.95259551,56
150207,11.09864718,11
120703,7.831758034,9
20310,8.550904977,9
60116,22.59312454,19
140610,4.894826971,5
31412,11.54640902,11
81012,4.288221845,4
200601,4.076642336,4
81013,4.341609464,4
80316,11.01737589,10
200711,4.658848614,5
50114,66.16439206,54
40408,14.1606569,7
171404,65.31282873,53
150310,92.80417848,62
31413,9.353524428,10
200209,4.668417782,5
30206,58.66150096,59
200515,4.977837195,5
200210,3.840668393,4
70615,7.496312057,7
70616,4.280904977,4
200516,4.850924628,5
150208,4.592592593,5
150208,4.816993464,5
150208,5,5
150208,4.612676056,5
150208,4.368421053,4
150208,4.875,5
150208,4.674285714,5
150208,4.565656566,5
150208,4.015037594,4
150208,5.239294609,5
80317,5.756386861,5
170610,11.71055595,12
160403,159.3706592,136
10805,19.55628284,20
40509,8.710936035,9
70302,163.2459927,100
141108,4.812065651,5
81101,5.597585513,5
81104,4.771731101,5
10906,21.48884104,20
20108,31.99613739,20
10213,7.8823092,8
190107,92.01095099,87
160104,151.2974944,134
20606,8.915012236,9
81014,4.596040576,5
150109,30.02615793,20
100308,35.10444252,30
20202,6.048517407,6
90103,27.11977203,18
90103,53.66666667,43
90103,41.27822581,23
90103,49.39141104,44
30207,83.76407831,84
210412,22.40345991,5
210912,18.13502793,18
10806,22.40710743,21
20803,7.479526736,7
30208,52.41673747,49
20201,6.162359485,6
50405,161.8637829,119
170107,25.41262262,25
171305,83.65975059,85
200505,4.886512033,5
90303,141.1318234,128
90701,737.6171247,720
160802,233.2780017,163
160801,173.6448104,135
171110,33.72015708,29
210212,24.23813038,24
30109,5.099534884,5
60708,10.12973965,10
30110,12.05099583,14
40807,36.1602014,38
60505,24.11544693,20
50711,42.03394142,42
50610,57.30480523,58
50611,59.70422851,49
210613,5.638741825,5
70111,26.53968453,9
130102,54.52286109,54
80125,14.51991497,15
170306,79.36350125,66
60208,9.767619886,10
40708,31.28096033,30
60311,14.89529694,11
10407,16.70619335,17
190511,59.12743768,56
140109,4.587776919,5
21301,24.08131773,23
140313,5,5
220105,87.32276268,86
210506,4.665299426,5
200517,4.800969635,5
211013,4.690100801,5
40709,25.14942384,24
100213,31.88815846,27
40510,18.0716948,19
190305,98.39811127,75
80614,4.679052586,5
100214,22.40963535,20
31621,38.85524765,29
140407,11.80509056,12
31313,59.70925387,60
10704,56.19919691,53
90104,26.86649169,19
200302,4.716250637,5
80108,10.0562753,10
200211,2.124490691,2
70716,25.54616664,19
130403,72.23715146,61
100215,59.0708467,59
200310,6.172848916,6
50712,91.35685597,57
60709,25.74817679,28
80126,4.462773723,4
160306,321.5572629,321
140408,14.69698783,15
210213,8.77426697,5
200212,3.17927187,3
70209,5.935747785,5
150311,54.12414986,37
60117,8.316396084,8
50806,88.02127466,79
160404,136.7849523,122
31314,13.12967891,12
31414,10.86980432,11
120101,10.47351779,10
31622,5.877894224,5
31014,65.36705982,60
70508,13.03438728,13
140208,9.020674582,9
30111,13.26380713,13
50509,25.43771522,25
20704,108.3081067,98
50613,109.0670342,100
70805,12.62479455,5
81015,4.575912261,5
211014,4.610114878,5
210913,48.0014128,31
171203,16.46779288,17
70314,24.3748519,24
31013,103.0686514,98
40409,23.54069687,11
70313,26.6672518,26
40111,11.33162119,10
150110,13.38427487,13
50403,413.4850398,200
160405,121.917319,116
50713,22.95255961,23
30310,16.91506647,17
160406,92.9769416,90
120502,19.75496689,20
210214,11.84120292,12
31208,24.79700908,24
70309,149.1354124,99
220506,104.0357098,101
31315,37.34182107,31
220104,120.145667,69
70717,35.53836464,25
30407,49.60158675,49
70407,73.59246397,64
60209,12.14946322,11
90304,116.0910861,89
210215,8.371366505,7
70210,40.66731943,8
70211,7.93794353,7
70718,6.62464616,6
200415,5.592356404,5
140508,4.814829822,5
220103,77.22901858,53
70719,6.426929392,6
170909,14.81188731,15
210914,30.70776726,27
210915,60.57623626,37
80127,11.99157938,12
200416,9.214027595,10
80128,7.765869644,8
210711,4.593218683,5
60813,13.7782755,13
30911,10.90993581,11
31015,59.3777316,58
60118,12.04875804,9
30614,31.36182039,33
10807,38.9361982,39
170715,18.68021072,19
10408,11.00128112,10
30406,88.15125232,90
40613,15.92548254,18
80615,4.342978723,4
130302,127.652872,109
50312,65.30310717,55
180211,133.4457467,9
120406,7.072847682,7
120404,9.112021858,9
120405,7.808139535,8
120707,5.521933086,5
141011,5.602202525,5
180212,154.9416475,42
10608,19.68381628,18
81016,4.702294545,5
170714,17.58045246,18
70212,5.003418803,5
70213,21.37739381,8
60609,83.30219642,85
30112,19.60021042,18
220505,87.33254777,86
180303,42.17185366,27
80913,16.36935743,17
120108,4.698795181,5
50714,63.03252337,59
50111,20.50818027,19
40808,120.9333457,83
90503,68.78973999,29
60407,23.1978662,20
240103,606.2376619,640
10905,39.59053747,40
31513,35.60240925,30
80816,16.35766699,17
50112,117.1915851,64
31514,52.718756,59
120702,6.990982867,7
200110,3.253577405,3
30912,21.46230746,18
31108,41.5725862,47
120106,7.048672566,7
120107,7.387096774,7
20301,8.02498312,8
180213,64.70756804,13
120110,9.334710744,9
120109,8.535911602,9
171405,52.38259059,50
50313,25.96552362,26
150209,12.27592679,12
50510,22.5476426,22
31209,56.42474601,51
50807,34.02200431,35
180214,10.62951285,9
80212,4.330810811,4
30504,9.98566879,9
120307,11.84754522,12
50511,11.64164905,12
160910,172.1982634,139
80914,8.86797842,9
31623,39.20169562,39
80318,7.061056297,5
30615,14.4059569,9
50715,29.95851628,29
100410,57.50945135,58
70214,12.62375073,12
70215,7.326336832,8
20308,9.343500656,9
120211,9.810810811,10
20810,10.84420379,10
160707,183.8157684,169
50808,88.45231931,71
160203,330.3874341,330
130305,70.5862401,70
170716,18.41735113,19
130105,109.2900878,110
50512,47.74822915,49
