commGIS,ProvCap,Distance
40607,Kampong Chhnang,7.384059938
40301,Kampong Chhnang,3.029358567
40304,Kampong Chhnang,2.741491971
60112,Kampong Cham,46.57941899
110104,Mondulkiri,38.66552481
31508,Kratie,40.69482554
60115,Kampong Chhnang,33.57633643
40602,Kampong Chhnang,13.55114883
30206,Kampong Cham,38.439128
150405,Pursat,54.95917927
30203,Kampong Cham,36.22544715
31507,Kampong Cham,40.84867134
40409,Kampong Chhnang,9.294174864
40608,Kampong Chhnang,21.47846193
40806,Kampong Chhnang,35.67234773
31505,Kampong Cham,35.44510043
150406,Pursat,50.22869165
60118,Kampong Chhnang,39.76761479
40408,Kampong Chhnang,15.01741881
40612,Kampong Chhnang,8.454648812
100105,Kratie,20.01996014
80911,Phnom Penh,29.11381162
31205,Kampong Cham,49.52237043
80316,Phnom Penh,28.13012608
50507,Phnom Penh,30.22653435
141202,Kampong Cham,28.19042259
50511,Phnom Penh,31.73413405
31104,Kampong Cham,25.34648135
80710,Phnom Penh,18.22851991
31103,Kampong Cham,28.87681579
31407,Phnom Penh,36.6146376
80904,Phnom Penh,22.0377252
31102,Kampong Cham,30.08219911
31101,Kampong Cham,21.75658985
80704,Phnom Penh,27.21782315
80914,Phnom Penh,31.3352451
80304,Phnom Penh,28.22667703
31405,Phnom Penh,32.50555876
141210,Kampong Cham,23.51369682
31105,Kampong Cham,22.12904517
141203,Kampong Cham,20.66474233
40701,Kampong Spueu,37.0096375
31108,Kampong Cham,23.19631558
31409,Phnom Penh,34.68398663
80317,Phnom Penh,30.93929941
40704,Kampong Spueu,37.78316265
141204,Kampong Cham,24.64613692
80708,Phnom Penh,30.76963004
31003,Kratie,87.89024105
141207,Kampong Cham,20.03573549
30804,Kampong Cham,16.87988403
40706,Phnom Penh,36.98786779
31206,Kampong Cham,58.83883181
31008,Kratie,73.08632493
31207,Kampong Cham,47.07100359
31601,Kampong Cham,33.01764567
31005,Kampong Cham,70.19552932
31604,Kampong Cham,24.298224
80707,Phnom Penh,32.17392856
31209,Kampong Cham,51.86909122
80711,Phnom Penh,27.22189257
30109,Phnom Penh,29.88772329
40707,Kampong Spueu,41.45933978
80903,Phnom Penh,32.44117101
30803,Kampong Cham,17.49990916
30710,Phnom Penh,34.43038777
31406,Kampong Cham,37.23164491
80905,Phnom Penh,32.20421037
31401,Kampong Cham,32.2294998
30404,Kampong Cham,46.66419694
30807,Kampong Cham,13.04719518
31204,Kampong Cham,41.49904459
31013,Kratie,76.15679684
30806,Kampong Cham,12.97193007
30702,Phnom Penh,36.82074541
30708,Phnom Penh,39.25347484
31106,Kampong Cham,16.37858976
31614,Kampong Cham,21.34312873
31408,Kampong Cham,33.68366916
40505,Phnom Penh,37.10200074
31107,Kampong Cham,14.86028983
30808,Kampong Cham,22.18148154
31410,Kampong Cham,27.1161863
40705,Kampong Chhnang,41.32038204
50405,Kampong Spueu,61.04445521
30805,Kampong Cham,17.34425461
30107,Phnom Penh,33.44916935
40708,Kampong Chhnang,43.59631345
30801,Kampong Cham,14.37628729
30103,Phnom Penh,36.28655959
31016,Kratie,65.86414026
31413,Kampong Cham,31.17148254
31404,Kampong Cham,22.64262907
31618,Kampong Cham,34.90484586
30608,Kampong Cham,10.63124068
31411,Kampong Cham,28.82249342
90702,Koh Kong,80.90260241
30401,Kampong Cham,46.26652707
40507,Kampong Chhnang,36.50970603
30802,Kampong Cham,9.372146709
50406,Kampong Spueu,71.75743049
40506,Kampong Chhnang,36.55774653
30703,Kampong Cham,35.7021126
50801,Kampong Spueu,44.65024952
30406,Kampong Cham,56.15688053
40504,Kampong Chhnang,38.90439407
31613,Kampong Cham,32.0496027
30705,Phnom Penh,39.00978794
30704,Kampong Cham,23.96353319
31619,Kampong Cham,24.44896305
31007,Kratie,67.04540919
40709,Kampong Chhnang,35.72566975
31004,Kratie,69.70512827
30605,Kampong Cham,5.489457885
30604,Kampong Cham,11.5026111
30102,Phnom Penh,40.5432769
31608,Kampong Cham,16.24419762
30701,Kampong Cham,26.05574628
30606,Kampong Cham,7.108321925
31014,Kratie,77.16575475
40703,Kampong Chhnang,40.34955578
40503,Kampong Chhnang,34.25322349
30709,Kampong Cham,16.52688898
31623,Kampong Cham,24.69654821
30503,Kampong Cham,3.539491843
30707,Kampong Cham,39.55245599
30502,Kampong Cham,1.112628345
30711,Kampong Cham,30.95421171
30504,Kampong Cham,1.535932672
40804,Kampong Spueu,50.53196205
30101,Kampong Chhnang,41.64513146
40510,Kampong Chhnang,31.36210576
31622,Kampong Cham,6.757881017
31612,Kampong Cham,33.80639265
31606,Kampong Cham,11.30666374
30403,Kampong Cham,45.06452446
30501,Kampong Cham,1.204564723
40808,Kampong Chhnang,44.71505468
31605,Kampong Cham,6.424081465
90501,Koh Kong,22.82189595
30706,Kampong Cham,20.6265453
40803,Kampong Chhnang,33.34088256
31006,Kratie,58.98020477
31314,Kampong Cham,26.48558576
30601,Kampong Cham,4.430991949
30615,Kampong Cham,10.27705054
31311,Kampong Cham,35.7979771
40702,Kampong Chhnang,28.07678453
30106,Kampong Chhnang,42.87742295
90503,Koh Kong,13.646313
50503,Kampong Spueu,14.8796099
200416,Svay Rieng,49.02122923
200403,Prey Veng,47.35194492
120705,Phnom Penh,5.092457131
141007,Prey Veng,10.80099974
141107,Prey Veng,7.378459762
140206,Prey Veng,34.44155694
80815,Phnom Penh,15.06007837
120509,Phnom Penh,11.72273105
50714,Kampong Spueu,19.45784056
80315,Phnom Penh,7.757487058
90403,Koh Kong,6.144093833
141010,Prey Veng,15.55451188
140202,Prey Veng,29.1541972
120710,Phnom Penh,2.490397516
141002,Prey Veng,21.13117415
120706,Phnom Penh,2.695314697
90402,Koh Kong,1.886188787
140804,Prey Veng,15.16592162
50515,Kampong Spueu,20.33325341
90605,Kampong Spueu,75.29564024
120511,Phnom Penh,8.525706928
80301,Kandal,21.03356389
120704,Phnom Penh,4.219433425
50505,Kampong Spueu,14.40909051
50514,Kampong Spueu,16.90742531
80309,Phnom Penh,7.900095294
120712,Phnom Penh,5.517316198
90703,Koh Kong,63.23293758
50806,Kampong Spueu,22.91596559
140803,Prey Veng,23.32417958
50401,Kampong Spueu,31.6801329
120711,Phnom Penh,6.619863881
50402,Kampong Spueu,43.75551452
50508,Kampong Spueu,16.50552496
140203,Prey Veng,42.83223754
140808,Prey Veng,16.60298256
80602,Phnom Penh,16.03422935
90304,Koh Kong,42.7483242
120701,Phnom Penh,7.612784732
90303,Koh Kong,22.71788198
80816,Phnom Penh,22.0714737
80308,Phnom Penh,10.01333398
90401,Koh Kong,7.069134775
80812,Phnom Penh,16.8706257
140208,Prey Veng,27.99605069
141008,Prey Veng,18.8777521
50513,Kampong Spueu,24.6452479
120503,Phnom Penh,11.32391675
120703,Phnom Penh,8.609615942
80305,Phnom Penh,6.756670461
80303,Phnom Penh,22.05422276
120709,Phnom Penh,8.423746013
50502,Kampong Spueu,20.82869549
140205,Prey Veng,27.57689841
90703,Koh Kong,64.30388613
120708,Phnom Penh,7.736589674
80307,Phnom Penh,11.34048192
80908,Phnom Penh,15.75943339
50808,Kampong Spueu,25.7263305
140406,Prey Veng,37.06062748
140810,Prey Veng,22.49451363
80809,Phnom Penh,22.94490588
140401,Prey Veng,22.16204736
80314,Phnom Penh,22.56750758
140204,Prey Veng,50.24045653
80909,Phnom Penh,11.57731397
140807,Prey Veng,16.57386859
80318,Phnom Penh,17.15076176
80901,Phnom Penh,19.29276
140801,Prey Veng,26.37020198
50501,Kampong Spueu,26.88045817
140811,Prey Veng,22.77105191
80702,Phnom Penh,10.6646306
50512,Kampong Spueu,22.71473792
80313,Phnom Penh,21.10244678
140403,Prey Veng,27.85586383
140407,Prey Veng,37.26796824
80912,Phnom Penh,14.65158459
140402,Prey Veng,33.23683581
141206,Prey Veng,25.02652329
140201,Kampong Cham,44.26476322
50506,Kampong Spueu,26.27797039
80902,Phnom Penh,21.019042
80311,Phnom Penh,15.64938247
80701,Phnom Penh,14.24455518
50504,Phnom Penh,28.96855817
140405,Kampong Cham,34.01299146
140404,Kampong Cham,38.13485235
50805,Kampong Spueu,25.7475228
80302,Phnom Penh,27.5662872
140802,Prey Veng,23.83810818
50509,Phnom Penh,32.25941866
90704,Koh Kong,40.01503303
80312,Phnom Penh,24.11744588
31208,Kampong Cham,62.27699724
80910,Phnom Penh,20.1413247
50404,Kampong Spueu,43.36071189
140408,Kampong Cham,30.30020545
31402,Phnom Penh,28.01854764
80310,Phnom Penh,21.06160552
141201,Kampong Cham,29.07129241
31002,Svay Rieng,88.88066575
50802,Kampong Spueu,30.79080917
141209,Prey Veng,28.69587062
141211,Prey Veng,28.4718408
50804,Kampong Spueu,30.80142448
31414,Phnom Penh,31.60556242
31010,Kratie,82.90453223
80913,Phnom Penh,25.71388735
80703,Phnom Penh,19.51592466
31203,Kampong Cham,51.20727252
141208,Kampong Cham,26.2344388
80906,Phnom Penh,24.5456676
80306,Phnom Penh,25.11911607
80709,Phnom Penh,23.73255098
140805,Prey Veng,32.1993635
31001,Kratie,84.18143586
140809,Prey Veng,29.58170439
31015,Kampong Cham,78.45552821
31403,Phnom Penh,32.23844114
80907,Phnom Penh,24.97117102
50807,Kampong Spueu,33.99855256
141205,Kampong Cham,30.71094717
50510,Phnom Penh,35.522335
31202,Kampong Cham,39.83697974
31412,Phnom Penh,28.72762437
81104,Kandal,4.63820741
140506,Prey Veng,32.31856766
50610,Kampong Spueu,27.8408971
80202,Kandal,13.71280257
81103,Kandal,1.110172495
80210,Kandal,6.117500945
141106,Prey Veng,5.583276105
80611,Prey Veng,8.375390336
80603,Prey Veng,15.98382408
200401,Svay Rieng,41.32166106
50204,Kampong Spueu,4.025642649
80201,Prey Veng,20.55714464
80808,Kampong Spueu,17.72323594
50203,Kampong Spueu,2.275063673
141103,Prey Veng,1.074024998
80802,Kandal,19.15901217
80807,Kandal,22.53169789
120507,Kandal,12.85941139
200409,Svay Rieng,41.40029113
120508,Kandal,10.65115443
200413,Prey Veng,42.32721068
90302,Koh Kong,18.47929319
80813,Kampong Spueu,20.78751905
120515,Kandal,4.05020402
80203,Kandal,16.90370656
141006,Prey Veng,22.78432408
50713,Kampong Spueu,13.20049485
120504,Kandal,14.85057739
50715,Kampong Spueu,6.453649718
120607,Kandal,1.537035863
120510,Kandal,8.635716611
50201,Kampong Spueu,4.548656163
80615,Prey Veng,19.25740556
80206,Kandal,13.55904765
141102,Prey Veng,1.946580167
120501,Kandal,5.38264972
120606,Kandal,3.325293571
141004,Prey Veng,13.62939143
50711,Kampong Spueu,9.261336838
120603,Kandal,2.153461876
120604,Kandal,4.003661555
80608,Prey Veng,14.76897222
80811,Kampong Spueu,21.59423731
50605,Kampong Spueu,38.68772916
140207,Prey Veng,35.2990789
80801,Phnom Penh,19.24489556
120112,Kandal,4.66399852
80806,Phnom Penh,15.13748393
120111,Phnom Penh,4.515335149
80205,Kandal,7.417677148
141105,Prey Veng,10.19066892
80208,Kandal,11.48962692
80614,Kandal,18.34147877
120109,Phnom Penh,4.38862273
120602,Kandal,5.16972087
120110,Phnom Penh,4.547971386
80803,Phnom Penh,20.66231784
141108,Prey Veng,6.042181762
80209,Kandal,6.543179195
80804,Kampong Spueu,18.44466836
120108,Phnom Penh,3.753285159
120605,Kandal,5.02211198
120104,Phnom Penh,3.601386562
120601,Phnom Penh,5.95096464
120103,Phnom Penh,2.978977566
120106,Phnom Penh,3.39704836
80212,Kandal,5.440789679
120505,Phnom Penh,9.958019139
120101,Phnom Penh,4.35829941
120102,Phnom Penh,3.46982597
50707,Kampong Spueu,11.2847912
120105,Phnom Penh,2.876603066
50708,Kampong Spueu,16.37356784
120516,Phnom Penh,8.176504659
120107,Phnom Penh,2.942008489
120410,Phnom Penh,3.370086565
80610,Kandal,20.76889789
120308,Phnom Penh,2.303156755
120608,Kandal,4.75915967
120409,Phnom Penh,2.573822515
80805,Phnom Penh,16.13000916
200410,Prey Veng,43.21709714
120406,Phnom Penh,3.179843944
120207,Phnom Penh,3.133051375
120405,Phnom Penh,2.553555308
120403,Phnom Penh,2.04125136
120301,Phnom Penh,1.857890771
120302,Phnom Penh,1.811680872
120304,Phnom Penh,1.720159009
80605,Kandal,15.27602716
120204,Phnom Penh,2.217253701
120303,Phnom Penh,1.648604522
90603,Krong Preah Sihanouk,78.74261699
120402,Phnom Penh,1.746883867
120307,Phnom Penh,1.953019235
120208,Phnom Penh,2.78577533
120206,Phnom Penh,1.995924032
120203,Phnom Penh,1.914060533
120506,Phnom Penh,8.43392189
141005,Prey Veng,10.41918816
120305,Phnom Penh,1.239201113
120306,Phnom Penh,1.137805639
50705,Kampong Spueu,9.87213247
120707,Phnom Penh,4.661535789
120401,Phnom Penh,1.487328334
120201,Phnom Penh,1.417774869
120404,Phnom Penh,2.323035667
120202,Phnom Penh,1.412178646
141001,Prey Veng,17.2015885
120211,Phnom Penh,1.330399102
120205,Phnom Penh,2.208320773
120209,Phnom Penh,1.699806806
80601,Phnom Penh,6.712157469
80607,Kandal,13.03800487
90502,Koh Kong,10.47520022
120502,Phnom Penh,12.83804352
120210,Phnom Penh,0.257424725
120408,Phnom Penh,2.038029203
50703,Kampong Spueu,10.26679465
140806,Prey Veng,18.20900469
141003,Prey Veng,23.8705745
80810,Phnom Penh,18.8008438
141104,Prey Veng,8.500399082
120407,Phnom Penh,1.57134612
120702,Phnom Penh,1.301472274
80613,Phnom Penh,10.95317016
80609,Kandal,17.64754105
80814,Kampong Spueu,22.49577424
50112,Kampong Spueu,23.26615506
210202,Kandal,24.08011914
140501,Svay Rieng,27.1702099
200305,Svay Rieng,21.24336093
50603,Kampong Spueu,36.70208397
140105,Prey Veng,23.18083169
210211,Kampong Spueu,29.45570554
140706,Prey Veng,22.5141398
140702,Prey Veng,22.08466985
140108,Prey Veng,31.02678706
81005,Kandal,24.25234066
140508,Svay Rieng,33.59949747
50602,Kampong Spueu,30.70151071
90101,Krong Preah Sihanouk,60.95053916
50110,Kampong Spueu,21.19988536
210204,Kandal,25.82939897
80501,Prey Veng,24.09988232
90203,Koh Kong,50.40934476
90802,Kampot,64.37786681
81014,Kandal,26.70554006
81004,Kandal,22.68681213
200404,Svay Rieng,25.41355273
81016,Kandal,21.49119754
200405,Svay Rieng,25.14698801
50609,Kampong Spueu,20.12799736
140104,Prey Veng,19.21094349
50302,Kampong Spueu,24.70588336
140705,Prey Veng,18.51659535
210208,Kandal,26.76728639
210207,Kandal,22.00024556
210210,Kandal,19.86843813
210212,Kampong Spueu,28.26039983
50311,Kampong Spueu,19.11041197
50312,Kampong Spueu,17.0602045
80207,Prey Veng,19.62295646
140505,Svay Rieng,31.81537381
50607,Kampong Spueu,23.60643281
80104,Kandal,16.14817823
81006,Prey Veng,28.26762369
140101,Prey Veng,23.56767753
50613,Kampong Spueu,42.63795719
80125,Kandal,23.80648109
50306,Kampong Spueu,20.51024276
81008,Kandal,17.48741354
81015,Kandal,21.23406833
80116,Kandal,14.29989427
81010,Kandal,16.53651884
80115,Kandal,17.75800399
90105,Koh Kong,65.38995367
50304,Kampong Spueu,15.54108757
50704,Kampong Spueu,13.38978371
50600,Kampong Spueu,53.3758433
50301,Kampong Spueu,25.35542485
140503,Prey Veng,30.20815534
80101,Kandal,12.8843936
200415,Svay Rieng,26.98531666
80128,Kandal,18.46690139
50313,Kampong Spueu,22.7120327
200412,Svay Rieng,31.20147601
50604,Kampong Spueu,17.59270885
200411,Svay Rieng,32.1788599
200407,Svay Rieng,30.75691555
140109,Prey Veng,15.81038888
140502,Svay Rieng,35.56153819
80127,Kandal,20.27436189
80109,Kandal,14.90480857
140701,Prey Veng,12.50466858
80108,Kandal,17.69995314
80122,Kandal,12.62885762
50712,Kampong Spueu,11.20807493
81012,Kandal,16.07624101
200402,Svay Rieng,30.79129403
50709,Kampong Spueu,12.33134745
50601,Kampong Spueu,45.45505799
140704,Prey Veng,14.21043859
80107,Kandal,10.54525509
141011,Prey Veng,18.17959841
200408,Svay Rieng,34.69876686
80113,Kandal,12.88321646
90301,Koh Kong,31.85969987
50710,Kampong Spueu,6.511461403
80105,Kandal,8.762199177
81009,Kandal,10.72908347
140504,Prey Veng,23.90898917
80102,Kandal,17.16773325
50305,Kandal,23.07920538
90803,Kampong Spueu,62.00720643
50308,Kampong Spueu,18.64553826
80110,Kandal,12.62936273
50608,Kampong Spueu,23.61853874
90302,Koh Kong,20.76861144
80103,Kandal,14.97102628
50606,Kampong Spueu,12.62358872
140708,Prey Veng,8.001374732
80119,Kandal,9.534434272
80612,Prey Veng,9.965003818
80211,Prey Veng,16.41984564
50702,Kampong Spueu,6.582511593
80604,Prey Veng,11.67865236
80126,Kandal,10.86168501
120512,Kandal,15.43006265
81011,Kandal,11.92339682
80118,Kampong Spueu,17.75160995
80117,Kampong Spueu,21.86866657
50205,Kampong Spueu,1.766330086
50611,Kampong Spueu,18.02826403
80204,Kandal,18.73316826
81013,Kandal,7.813376059
80114,Kandal,6.803857621
80106,Kandal,20.15526578
81002,Kandal,10.31456329
81105,Kandal,5.812194072
90301,Koh Kong,39.31228765
50706,Kampong Spueu,11.54436618
120514,Kandal,11.51651489
200406,Svay Rieng,38.69821997
50202,Kampong Spueu,4.06292779
141009,Prey Veng,13.41919974
81106,Kandal,4.196605448
200414,Prey Veng,39.9979194
80124,Kandal,7.831318082
140507,Prey Veng,27.5887719
81101,Kandal,3.31806714
50701,Kampong Spueu,6.240186558
120513,Kandal,15.84853852
81102,Kandal,2.324826596
141101,Prey Veng,5.484801992
80606,Prey Veng,13.69116735
200602,Svay Rieng,1.7788943
140903,Prey Veng,46.69522403
210609,Takeo,22.53054668
80410,Takeo,28.95995403
140911,Svay Rieng,40.30628726
80402,Takeo,35.56031552
140313,Svay Rieng,28.25063107
140308,Svay Rieng,36.65727512
90103,Krong Preah Sihanouk,46.99689828
140901,Prey Veng,45.31875524
90801,Krong Preah Sihanouk,57.96296732
200705,Svay Rieng,20.64955483
210709,Takeo,11.5407009
200704,Svay Rieng,27.41439476
50108,Takeo,24.02343065
210702,Takeo,12.82886784
200709,Svay Rieng,12.7746606
90607,Krong Preah Sihanouk,56.07787857
210608,Takeo,23.3144018
210605,Takeo,15.2794866
200506,Svay Rieng,4.689018481
200507,Svay Rieng,16.87121976
210906,Takeo,33.91245548
200505,Svay Rieng,10.07312868
140310,Svay Rieng,22.16175466
90601,Krong Preah Sihanouk,53.42232201
140301,Svay Rieng,29.58147615
70302,Kampot,44.74284754
210602,Takeo,25.18158704
50107,Takeo,18.33038145
200514,Svay Rieng,10.58386576
210701,Takeo,15.95787469
80504,Prey Veng,42.32940916
210703,Takeo,15.79130181
70404,Takeo,40.33729274
140904,Prey Veng,40.19185948
210603,Takeo,21.81880841
210708,Takeo,16.03600451
200708,Svay Rieng,7.429441107
200710,Svay Rieng,4.263825325
210606,Takeo,29.81170822
80411,Takeo,32.69553162
50106,Kampong Spueu,34.95649249
140909,Prey Veng,41.30931149
210610,Takeo,26.81604041
200512,Svay Rieng,9.114814319
70309,Kampot,40.68728684
210611,Takeo,19.03162686
200711,Svay Rieng,11.4361599
90602,Krong Preah Sihanouk,56.0608581
140309,Svay Rieng,29.17621845
50103,Takeo,23.45994577
200509,Svay Rieng,14.3016573
50101,Takeo,33.38805083
80403,Takeo,38.65286906
140307,Svay Rieng,35.86525392
200706,Svay Rieng,22.72751403
140610,Prey Veng,39.19107462
80404,Takeo,37.00983018
210710,Takeo,19.32679221
50109,Takeo,28.43070715
50111,Takeo,23.09227008
90202,Koh Kong,61.70804598
140906,Svay Rieng,39.67721228
80405,Takeo,35.24976342
210704,Takeo,19.06446272
200510,Svay Rieng,19.7942697
200303,Svay Rieng,10.39544929
50105,Takeo,27.87595721
210612,Takeo,28.34445878
210705,Takeo,21.34638748
140311,Svay Rieng,24.72643146
80505,Prey Veng,36.24254938
140907,Prey Veng,36.36669851
210607,Takeo,24.65227558
210613,Takeo,23.21050136
210707,Takeo,22.29838349
200307,Svay Rieng,15.16658088
200702,Svay Rieng,18.26432316
50104,Kampong Spueu,34.1453753
140607,Prey Veng,32.40556153
140910,Prey Veng,34.65515618
140601,Prey Veng,37.35296383
200517,Svay Rieng,13.39971682
140305,Svay Rieng,33.52786067
210213,Takeo,26.86168557
200309,Svay Rieng,11.09022459
50113,Kampong Spueu,29.41304768
210604,Takeo,29.14800893
50307,Takeo,27.31347225
200501,Svay Rieng,17.40877891
200308,Svay Rieng,13.60831534
210201,Takeo,26.47405206
80408,Kandal,35.03569486
80407,Prey Veng,42.48027165
200513,Svay Rieng,19.23390779
210206,Takeo,26.10685105
81007,Kandal,31.77391429
50102,Kampong Spueu,29.77224289
140106,Prey Veng,34.14769434
50309,Kampong Spueu,28.06127482
50115,Kampong Spueu,26.95904439
140905,Prey Veng,31.31189262
200306,Svay Rieng,16.6467296
210209,Kandal,28.66615455
50303,Kampong Spueu,28.43660334
140306,Svay Rieng,30.60323664
210214,Takeo,26.06573855
140703,Prey Veng,27.70057054
140707,Prey Veng,25.6710529
80506,Prey Veng,29.76175473
200301,Svay Rieng,18.57680559
200508,Svay Rieng,20.62641529
200516,Svay Rieng,23.76228755
140103,Prey Veng,30.61172155
50114,Kampong Spueu,26.55552719
81001,Kandal,29.74246204
210215,Kandal,29.33638082
200304,Svay Rieng,17.62327756
140102,Prey Veng,27.45914171
140107,Prey Veng,28.4290581
90102,Krong Preah Sihanouk,65.12857672
200302,Svay Rieng,20.71544147
210203,Kandal,27.1889898
200310,Svay Rieng,22.07080051
81003,Kandal,25.62907232
50310,Kampong Spueu,25.99832451
210205,Takeo,30.18064217
70303,Kampot,34.0514681
210505,Takeo,28.44877081
90103,Krong Preah Sihanouk,41.89943447
210506,Takeo,23.03060785
70105,Takeo,27.31900941
211005,Takeo,17.11691692
70109,Takeo,21.48649438
70314,Takeo,34.7119664
70308,Kampot,28.43412924
70110,Takeo,21.19788939
211006,Takeo,17.30622375
70310,Takeo,30.23285861
70307,Takeo,35.27472173
210303,Takeo,18.61581624
211002,Takeo,15.92130373
210301,Takeo,28.06714692
200211,Svay Rieng,26.56872703
70311,Takeo,30.32407447
211001,Takeo,13.49980998
70304,Kampot,39.55729386
90201,Krong Preah Sihanouk,54.0342946
200110,Svay Rieng,45.8474442
70103,Takeo,20.00532506
200103,Svay Rieng,40.20378294
70402,Kampot,39.68769789
90201,Krong Preah Sihanouk,57.01073097
90201,Krong Preah Sihanouk,56.36704665
210305,Takeo,20.1385555
211004,Takeo,12.80568138
200212,Svay Rieng,33.94828224
90201,Krong Preah Sihanouk,57.56097868
70401,Takeo,33.50761714
211013,Takeo,12.72874734
210913,Takeo,24.40299151
90201,Krong Preah Sihanouk,57.28585986
211007,Takeo,11.69189082
90201,Krong Preah Sihanouk,56.82118791
210905,Takeo,16.31343536
70407,Kampot,42.60971706
180204,Krong Preah Sihanouk,37.62265374
200206,Svay Rieng,20.37216337
200109,Svay Rieng,39.52751658
211008,Takeo,7.344908516
180209,Kampot,39.61896641
200104,Svay Rieng,34.34825485
70406,Takeo,30.74217981
200201,Svay Rieng,19.98591504
90201,Krong Preah Sihanouk,60.1920748
140604,Takeo,47.57944619
140605,Takeo,57.34279293
80502,Takeo,42.66663232
210103,Takeo,26.96879685
90201,Krong Preah Sihanouk,59.8100796
200202,Svay Rieng,22.04970242
200203,Svay Rieng,24.66825277
210903,Takeo,20.69409341
211012,Takeo,6.378721145
210803,Takeo,3.466418646
210911,Takeo,10.93857532
90804,Krong Preah Sihanouk,51.89741547
200208,Svay Rieng,13.56924311
210105,Takeo,22.39761294
200205,Svay Rieng,14.55063582
211009,Takeo,12.60323914
200105,Svay Rieng,36.49752728
210910,Takeo,22.10037426
70403,Takeo,41.2459272
200207,Svay Rieng,27.48531226
140908,Svay Rieng,49.72678016
140302,Svay Rieng,27.72601656
210901,Takeo,13.42415341
140609,Svay Rieng,55.51574445
200106,Svay Rieng,41.88895352
80507,Takeo,42.23308272
140608,Takeo,47.44553534
70700,Kampot,28.7413157
210101,Takeo,18.74289131
210912,Takeo,16.22817635
210802,Takeo,1.845099448
210801,Takeo,4.688882798
200107,Svay Rieng,24.99629176
200209,Svay Rieng,20.85636751
210915,Takeo,24.18895707
80412,Takeo,28.62291611
200204,Svay Rieng,11.44378341
200707,Svay Rieng,15.59725926
200108,Svay Rieng,30.44636306
70405,Takeo,30.93664882
200502,Svay Rieng,6.904653697
200101,Svay Rieng,35.45579856
210904,Takeo,6.69283483
140902,Svay Rieng,44.25401499
200511,Svay Rieng,18.30349359
80401,Takeo,33.68035163
90201,Krong Preah Sihanouk,52.12728304
90202,Koh Kong,63.94478441
90604,Krong Preah Sihanouk,40.47020899
90202,Koh Kong,62.6968629
140303,Svay Rieng,32.91064446
90202,Koh Kong,62.66201495
200603,Svay Rieng,2.343660949
210102,Takeo,21.53249928
140312,Svay Rieng,27.67108245
210106,Takeo,14.20912661
140304,Svay Rieng,24.03408816
200210,Svay Rieng,6.597708869
140606,Prey Veng,48.96733454
210706,Takeo,6.76504065
210908,Takeo,10.87205687
80409,Takeo,37.83497924
200515,Svay Rieng,20.803961
200503,Svay Rieng,12.45577041
200504,Svay Rieng,6.580522864
200703,Svay Rieng,14.43665317
210601,Takeo,20.44500395
210909,Takeo,15.06974211
210902,Takeo,19.94967614
200604,Svay Rieng,1.554573924
200601,Svay Rieng,0.950783148
80503,Takeo,43.26037235
140602,Prey Veng,51.31646598
210104,Takeo,11.62286445
140603,Prey Veng,47.71966859
90104,Krong Preah Sihanouk,40.53310922
210711,Takeo,10.23823507
200102,Svay Rieng,37.91714184
200701,Svay Rieng,25.7483277
210914,Takeo,24.64556368
230201,Krong Keb,0.900928835
70615,Krong Keb,12.86354836
230101,Krong Keb,8.063841998
180208,Krong Preah Sihanouk,34.33388264
180104,Krong Preah Sihanouk,10.0988308
70612,Krong Keb,26.58374265
70601,Krong Keb,21.23909075
180208,Krong Preah Sihanouk,13.26362414
230202,Krong Keb,4.416971313
70605,Krong Keb,17.12391466
180206,Krong Preah Sihanouk,24.45609979
180205,Krong Preah Sihanouk,33.27889298
230102,Krong Keb,8.071267963
210412,Takeo,49.07143698
70203,Krong Keb,34.92089492
70608,Krong Keb,24.35676904
210411,Takeo,48.81481072
230103,Krong Keb,8.495568416
70609,Krong Keb,21.46609668
70208,Krong Keb,28.8080215
180103,Krong Preah Sihanouk,8.996134865
70801,Kampot,1.185941923
70805,Kampot,4.326519445
180202,Krong Preah Sihanouk,32.83485548
70206,Krong Keb,29.61654568
70702,Kampot,4.776717216
70209,Krong Keb,40.92772162
70718,Kampot,7.629262632
70708,Krong Keb,10.86449577
180206,Krong Preah Sihanouk,27.56091869
70607,Krong Keb,24.1570315
210407,Takeo,46.05595475
70604,Krong Keb,17.28276063
70802,Kampot,1.727561001
70803,Kampot,1.183188491
180105,Krong Preah Sihanouk,21.71871929
180104,Krong Preah Sihanouk,6.693534813
70701,Kampot,6.101615745
70603,Krong Keb,21.27594374
70606,Krong Keb,13.76647317
180105,Krong Preah Sihanouk,21.58579645
180102,Krong Preah Sihanouk,3.039444685
180103,Krong Preah Sihanouk,2.15146934
70719,Kampot,2.690111391
70707,Kampot,13.07894824
70804,Kampot,2.81434388
180207,Krong Preah Sihanouk,30.19100591
210405,Takeo,43.09935597
180103,Krong Preah Sihanouk,1.477169447
70704,Kampot,4.839342831
70504,Krong Keb,23.15765324
70717,Kampot,14.1533362
210408,Takeo,41.31781109
180208,Krong Preah Sihanouk,20.02347267
180213,Krong Preah Sihanouk,30.7650797
210409,Takeo,45.32587324
210402,Takeo,38.47906346
180203,Krong Preah Sihanouk,12.11478805
70207,Krong Keb,27.40792614
70503,Krong Keb,24.80335972
210404,Takeo,38.82495839
210403,Takeo,41.27798055
70202,Krong Keb,36.07546334
70212,Krong Keb,35.00395552
70703,Kampot,5.772580278
180201,Krong Preah Sihanouk,30.95012283
70201,Krong Keb,39.70767469
70711,Kampot,21.60957599
70506,Krong Keb,22.69959193
70213,Krong Keb,30.98221046
70507,Krong Keb,19.06883531
180101,Krong Preah Sihanouk,6.647432098
210504,Takeo,40.67933756
70712,Kampot,7.803387908
180212,Kampot,28.07182928
70705,Kampot,14.69147045
210302,Takeo,42.40673577
70502,Krong Keb,27.07229201
70211,Krong Keb,37.49837194
210410,Takeo,34.09394813
180301,Krong Preah Sihanouk,12.38179428
70215,Krong Keb,33.3975123
180302,Krong Preah Sihanouk,13.58630721
180214,Krong Preah Sihanouk,37.49007058
210501,Takeo,35.04882522
70709,Kampot,8.77615973
70107,Takeo,31.65285084
180210,Krong Preah Sihanouk,31.97345116
70210,Takeo,36.28289759
180303,Krong Preah Sihanouk,20.87943684
180301,Krong Preah Sihanouk,15.10655494
180211,Kampot,32.23513829
180105,Krong Preah Sihanouk,28.95822198
70205,Takeo,34.86435023
70204,Krong Keb,35.72357437
70106,Takeo,34.63885173
70501,Krong Keb,31.93236923
70508,Krong Keb,31.4223063
180105,Krong Preah Sihanouk,28.89831103
70505,Krong Keb,25.7620946
210401,Takeo,29.09972514
210406,Takeo,30.20563205
70214,Krong Keb,36.23840116
70108,Takeo,28.96417615
70510,Kampot,23.37444444
210502,Takeo,29.78650042
210503,Takeo,31.17805751
180105,Krong Preah Sihanouk,29.16196797
70305,Krong Keb,34.81841336
70313,Kampot,28.52279186
70713,Kampot,17.9285551
70509,Kampot,29.89441208
210304,Takeo,39.18659687
90103,Krong Preah Sihanouk,37.64587561
70301,Krong Keb,36.42138963
70111,Takeo,25.69880188
211010,Takeo,21.98686682
70716,Kampot,14.7873893
211011,Takeo,22.07249705
70715,Kampot,17.07660458
70101,Takeo,21.77523412
70102,Takeo,24.77243532
70104,Takeo,32.42395127
70306,Takeo,35.81739974
211014,Takeo,19.80538396
70312,Krong Keb,38.41770306
90103,Krong Preah Sihanouk,40.39842612
211003,Takeo,20.62725212
230200,Krong Keb,15.01879002
230200,Krong Keb,15.47209014
230200,Krong Keb,15.95172005
230200,Krong Keb,10.48498253
230200,Krong Keb,10.7276103
230200,Krong Keb,11.25469695
230200,Krong Keb,12.14369961
180208,Krong Preah Sihanouk,40.71969966
230200,Krong Keb,8.554245934
230200,Krong Keb,10.41368382
180208,Krong Preah Sihanouk,41.68277785
230200,Krong Keb,5.028406032
230200,Krong Keb,5.337903377
230200,Krong Keb,5.207269228
230200,Krong Keb,6.930125009
70614,Krong Keb,15.29783586
180208,Krong Preah Sihanouk,17.09388279
70616,Krong Keb,11.91017475
180208,Krong Preah Sihanouk,21.51381432
70602,Krong Keb,21.34573068
180208,Krong Preah Sihanouk,15.89185883
70613,Krong Keb,17.7976578
180208,Krong Preah Sihanouk,19.07561307
160603,Rattanakiri,12.75582997
190504,Stung Treng,18.05391314
160406,Rattanakiri,40.62029952
160703,Rattanakiri,58.06334192
130404,Preah Vihear,31.02699185
10305,Banteay Mean Chey,40.39790164
130206,Preah Vihear,27.47319279
10304,Banteay Mean Chey,49.02111287
171204,Oddar Mean Chey,45.56755499
10802,Banteay Mean Chey,25.33781289
160403,Rattanakiri,11.86466177
10805,Banteay Mean Chey,19.36708403
160705,Rattanakiri,47.84770048
160404,Rattanakiri,21.90722993
171203,Oddar Mean Chey,46.51055428
160601,Rattanakiri,7.031484408
130401,Preah Vihear,32.93533499
10509,Banteay Mean Chey,29.88090979
171404,Siem Reap,47.5159807
10806,Banteay Mean Chey,21.80354065
190106,Stung Treng,46.70661902
130702,Preah Vihear,9.837984105
10306,Banteay Mean Chey,47.6139642
130701,Preah Vihear,2.210776664
10803,Banteay Mean Chey,20.85183833
10808,Banteay Mean Chey,23.32252166
190105,Stung Treng,34.32294931
190104,Stung Treng,29.56083578
170106,Oddar Mean Chey,45.75929921
160706,Rattanakiri,41.32178562
160301,Rattanakiri,24.02278668
160302,Rattanakiri,28.98477491
190505,Stung Treng,40.45777951
10801,Banteay Mean Chey,32.51551569
130201,Preah Vihear,54.10142503
190509,Stung Treng,28.10522582
160606,Rattanakiri,18.00658936
190107,Rattanakiri,48.55365392
160903,Rattanakiri,27.81143031
171205,Oddar Mean Chey,37.82774283
171201,Oddar Mean Chey,38.3559594
160605,Rattanakiri,6.887701749
171202,Oddar Mean Chey,33.95622657
171401,Siem Reap,47.91951089
190507,Stung Treng,32.15309911
190404,Stung Treng,27.73468181
160101,Rattanakiri,33.41996604
160604,Rattanakiri,12.88412512
190508,Stung Treng,38.44385147
130703,Preah Vihear,6.752257226
130704,Preah Vihear,8.827546662
130705,Preah Vihear,14.21172402
10703,Banteay Mean Chey,35.30639282
10804,Banteay Mean Chey,29.96556219
10807,Banteay Mean Chey,32.61871035
160607,Rattanakiri,16.76404171
171302,Siem Reap,65.9828007
10705,Banteay Mean Chey,38.07614364
10303,Banteay Mean Chey,36.81432717
130403,Preah Vihear,16.63945096
171405,Oddar Mean Chey,43.21493458
171402,Oddar Mean Chey,54.35980523
171403,Siem Reap,55.58443779
160909,Rattanakiri,22.22818636
160602,Rattanakiri,20.92149284
220301,Oddar Mean Chey,27.62102357
171206,Oddar Mean Chey,34.76606131
10302,Oddar Mean Chey,42.6128922
160904,Rattanakiri,23.26460656
160102,Rattanakiri,49.03705036
130402,Preah Vihear,35.11876619
160901,Rattanakiri,23.01915386
160104,Rattanakiri,33.10906541
10704,Banteay Mean Chey,45.54031362
10301,Oddar Mean Chey,33.93674394
160908,Rattanakiri,38.27713031
10702,Banteay Mean Chey,41.85352588
10706,Banteay Mean Chey,44.41978185
130208,Stung Treng,51.72586722
130202,Preah Vihear,59.62136782
190304,Stung Treng,56.02042788
160906,Rattanakiri,28.67291041
130203,Preah Vihear,40.17819978
130205,Preah Vihear,29.03481502
220302,Oddar Mean Chey,29.29903935
220304,Oddar Mean Chey,15.18319474
130406,Preah Vihear,49.60429628
220304,Oddar Mean Chey,23.14105839
220202,Oddar Mean Chey,27.94445342
130207,Preah Vihear,70.61763035
190302,Rattanakiri,59.89407574
160103,Rattanakiri,46.42756248
220404,Oddar Mean Chey,4.527152421
220506,Preah Vihear,73.50119647
220402,Oddar Mean Chey,7.544713972
130303,Preah Vihear,23.23097427
160905,Rattanakiri,42.98540182
160801,Rattanakiri,45.7773513
160910,Rattanakiri,41.816144
160907,Rattanakiri,42.16992227
10701,Oddar Mean Chey,50.65232958
130304,Preah Vihear,37.17224951
130305,Preah Vihear,43.15581803
160802,Rattanakiri,43.90169788
220401,Oddar Mean Chey,6.911439342
220105,Oddar Mean Chey,68.22810416
220501,Preah Vihear,69.82171399
220106,Oddar Mean Chey,48.32974714
220101,Oddar Mean Chey,58.54293479
130302,Preah Vihear,45.20157379
220201,Oddar Mean Chey,39.36684841
220505,Preah Vihear,80.47108636
220104,Oddar Mean Chey,67.38936147
190301,Stung Treng,78.52548771
220103,Oddar Mean Chey,42.74387418
220204,Oddar Mean Chey,26.57015673
160900,Rattanakiri,59.8668369
220203,Oddar Mean Chey,17.35553502
220502,Oddar Mean Chey,76.226365
220504,Preah Vihear,82.72311747
220403,Oddar Mean Chey,19.42355763
130306,Preah Vihear,62.25121847
130301,Preah Vihear,55.39981
220503,Oddar Mean Chey,87.86227848
160800,Rattanakiri,77.25539738
190303,Rattanakiri,75.72078211
190305,Stung Treng,92.561268
220405,Oddar Mean Chey,32.88017932
10203,Banteay Mean Chey,17.12860488
170305,Siem Reap,23.12792183
171107,Siem Reap,26.3343705
10204,Banteay Mean Chey,23.30419264
170708,Siem Reap,29.37308447
170303,Siem Reap,15.32610161
10206,Banteay Mean Chey,17.87552508
171301,Siem Reap,47.20626689
170702,Siem Reap,15.95791464
160402,Rattanakiri,50.42619821
10212,Banteay Mean Chey,17.98808604
190203,Stung Treng,14.47705393
190401,Stung Treng,12.15089301
160501,Rattanakiri,44.92494317
10208,Banteay Mean Chey,11.69637886
170707,Siem Reap,22.2191759
170606,Siem Reap,45.21076918
190403,Stung Treng,6.209251422
170304,Siem Reap,21.50677975
10201,Banteay Mean Chey,15.64152301
190402,Stung Treng,7.66196904
170202,Siem Reap,16.12872112
170404,Preah Vihear,65.66515473
10213,Banteay Mean Chey,17.2138493
190502,Stung Treng,23.56525871
10404,Battambang,44.19445763
10202,Banteay Mean Chey,6.958159848
170701,Siem Reap,29.59365627
160401,Rattanakiri,47.71611324
10901,Banteay Mean Chey,65.08246444
10209,Banteay Mean Chey,9.144683366
190101,Stung Treng,19.05458155
10903,Banteay Mean Chey,50.49567436
10904,Banteay Mean Chey,57.97975821
10205,Banteay Mean Chey,15.28340984
170204,Siem Reap,19.64015865
10505,Banteay Mean Chey,16.04749657
170712,Siem Reap,23.60010372
10902,Banteay Mean Chey,62.41727158
10906,Banteay Mean Chey,27.41007513
170716,Siem Reap,33.8304084
160505,Rattanakiri,20.98891075
170609,Siem Reap,43.84085457
170603,Banteay Mean Chey,50.6389341
10605,Banteay Mean Chey,5.567112597
160506,Rattanakiri,41.95912472
10503,Banteay Mean Chey,22.76746413
10603,Banteay Mean Chey,7.342991463
10905,Banteay Mean Chey,39.87171428
190102,Stung Treng,52.14443579
190501,Stung Treng,35.88594285
170715,Siem Reap,28.91506915
170602,Banteay Mean Chey,50.66184608
170711,Siem Reap,37.52129882
190506,Stung Treng,12.70632553
10608,Banteay Mean Chey,6.018547649
170301,Siem Reap,25.5981696
170306,Siem Reap,29.19964213
130510,Preah Vihear,33.32131372
10607,Banteay Mean Chey,2.888514087
170703,Siem Reap,37.0967935
160502,Rattanakiri,36.28768473
130509,Preah Vihear,34.48603336
10405,Banteay Mean Chey,22.23265923
130604,Preah Vihear,38.20827911
190511,Stung Treng,5.688445712
171304,Siem Reap,56.06016177
170605,Siem Reap,45.50161234
10403,Banteay Mean Chey,36.73273659
130105,Stung Treng,51.94351443
130601,Preah Vihear,28.94423175
10606,Banteay Mean Chey,8.72961842
130101,Preah Vihear,34.90572969
171303,Siem Reap,39.08192118
160503,Rattanakiri,15.19843985
130106,Preah Vihear,38.87568699
10408,Banteay Mean Chey,43.89494768
170105,Siem Reap,32.93285091
10401,Banteay Mean Chey,14.79963357
10602,Banteay Mean Chey,3.747493713
170608,Siem Reap,45.83096822
190510,Stung Treng,13.9542747
160701,Rattanakiri,51.1487311
130104,Preah Vihear,50.46305542
130602,Preah Vihear,23.64048161
130103,Preah Vihear,41.55921522
160704,Rattanakiri,60.27616992
170610,Banteay Mean Chey,49.58755323
170601,Siem Reap,52.27938245
170203,Siem Reap,28.0702624
10406,Banteay Mean Chey,29.48939468
160305,Rattanakiri,30.47703384
10506,Banteay Mean Chey,16.80514739
10502,Banteay Mean Chey,19.31892964
160504,Rattanakiri,10.50257345
170201,Siem Reap,30.06979507
130706,Preah Vihear,20.74727946
160707,Rattanakiri,61.44835221
160304,Rattanakiri,21.27544886
160405,Rattanakiri,28.75877839
10501,Banteay Mean Chey,10.25844584
10604,Banteay Mean Chey,9.521002119
130603,Preah Vihear,23.79721978
170101,Siem Reap,42.12803033
170604,Siem Reap,48.02131636
10504,Banteay Mean Chey,30.10792701
10402,Banteay Mean Chey,23.3876966
170107,Siem Reap,39.66243268
160201,Rattanakiri,10.28945623
10508,Banteay Mean Chey,39.04573936
10601,Banteay Mean Chey,16.11621227
190103,Stung Treng,29.49514521
10407,Banteay Mean Chey,30.31063284
160303,Rattanakiri,22.37571569
130102,Preah Vihear,27.90183027
170104,Siem Reap,46.76905037
130204,Preah Vihear,36.84481787
160202,Rattanakiri,0.687618325
170103,Siem Reap,38.5617553
170607,Oddar Mean Chey,51.40933083
170102,Siem Reap,44.12300051
170302,Siem Reap,39.30239709
160203,Rattanakiri,6.854115975
10507,Banteay Mean Chey,19.81133175
130405,Preah Vihear,31.50841623
160306,Rattanakiri,14.62861697
171305,Siem Reap,59.85630801
160702,Rattanakiri,36.06251423
60813,Kampong Thom,45.85554995
60403,Kampong Thom,38.50377985
170402,Siem Reap,53.44730549
60407,Kampong Thom,33.70857535
20303,Battambang,2.226003648
60405,Kampong Thom,30.26295915
170412,Siem Reap,64.93326848
20701,Pailin,30.00345891
60809,Kampong Thom,54.85708549
20802,Battambang,5.762565827
240202,Pailin,23.11787766
20309,Battambang,3.109338413
20108,Battambang,24.77845265
20805,Battambang,31.80245672
20304,Battambang,3.092586872
60605,Kampong Thom,45.81797363
20204,Battambang,10.69928826
21202,Pailin,31.62801836
20305,Battambang,3.729136582
170407,Kampong Thom,61.6144765
20804,Battambang,23.50323676
21203,Pailin,29.48466029
110205,Mondulkiri,70.43463762
20502,Battambang,7.066618048
21204,Pailin,35.72596131
170403,Siem Reap,60.08141416
171104,Siem Reap,46.44514513
20306,Battambang,5.209577554
60402,Kampong Thom,47.67973951
60606,Kampong Thom,53.88749679
20205,Battambang,23.35698711
20503,Battambang,11.33002193
20203,Battambang,12.43971675
21205,Pailin,40.07609947
21206,Pailin,34.77287957
170408,Siem Reap,65.29720595
170405,Siem Reap,50.98795567
20406,Pailin,39.55629392
60607,Kampong Thom,69.24807988
100401,Stung Treng,53.65380029
20504,Battambang,18.31757746
171103,Siem Reap,31.80238327
171105,Siem Reap,37.00172536
20803,Battambang,23.07385406
20501,Battambang,17.26550621
60808,Kampong Thom,59.61255189
170411,Siem Reap,46.04312271
99,Pursat,42.29978873
20401,Battambang,37.42660018
170904,Siem Reap,19.65502865
171102,Siem Reap,30.87408235
20505,Battambang,13.46204899
20208,Battambang,22.38881282
60404,Kampong Thom,59.0651142
60604,Stung Treng,68.98656745
171106,Siem Reap,25.24390484
171109,Siem Reap,31.27701921
20402,Battambang,31.80768046
20209,Battambang,25.11728165
170907,Siem Reap,17.41382186
190204,Stung Treng,28.57497038
110201,Rattanakiri,61.76429766
171009,Siem Reap,9.080036711
170909,Siem Reap,21.5850847
130504,Preah Vihear,63.15375687
190201,Stung Treng,25.61241459
170410,Siem Reap,42.03609023
170908,Siem Reap,14.585481
130512,Kampong Thom,55.1193604
171006,Siem Reap,9.032739169
20507,Siem Reap,32.43372273
20201,Battambang,19.43849173
170906,Siem Reap,10.47338272
171008,Siem Reap,9.329399908
171004,Siem Reap,1.883975891
20210,Battambang,28.68922331
110202,Rattanakiri,73.3857696
20405,Banteay Mean Chey,40.43284907
100405,Stung Treng,46.74895051
20202,Battambang,24.39185104
170902,Siem Reap,14.70266302
171002,Siem Reap,6.385806613
170905,Siem Reap,19.964214
20403,Banteay Mean Chey,28.89172042
20206,Battambang,29.21327797
20506,Battambang,31.5233912
171001,Siem Reap,3.387145285
170706,Siem Reap,8.494945001
130502,Preah Vihear,51.08271376
170704,Siem Reap,15.7051995
21100,Pailin,49.64995897
171010,Siem Reap,10.51234384
100406,Stung Treng,61.620812
170409,Siem Reap,63.51611935
190205,Stung Treng,22.37443348
130503,Preah Vihear,53.54491176
110203,Rattanakiri,76.19305494
20207,Banteay Mean Chey,26.69128762
130507,Preah Vihear,58.64521981
171110,Siem Reap,36.32504595
170709,Siem Reap,35.26280128
170406,Siem Reap,48.0133993
190207,Stung Treng,19.62754958
20404,Banteay Mean Chey,31.08502737
170714,Siem Reap,8.037875238
10207,Banteay Mean Chey,21.91780453
170901,Siem Reap,10.81623653
170713,Siem Reap,17.92375587
170705,Siem Reap,11.4016402
170903,Siem Reap,19.27759675
60602,Stung Treng,66.91091347
130501,Preah Vihear,49.24780202
171003,Siem Reap,7.988652652
171005,Siem Reap,8.091968162
130508,Preah Vihear,61.90689466
190202,Stung Treng,12.93904626
171108,Siem Reap,33.55750238
130605,Preah Vihear,56.74619513
190206,Stung Treng,36.15691049
170710,Siem Reap,19.07107499
130511,Preah Vihear,48.75029479
171101,Siem Reap,27.86890783
190503,Stung Treng,22.09843452
130506,Preah Vihear,48.85931787
130505,Preah Vihear,45.12484925
21000,Banteay Mean Chey,50.88470705
10211,Banteay Mean Chey,24.35596079
10210,Banteay Mean Chey,32.08118134
60311,Kampong Thom,11.12488441
150208,Pursat,31.17130074
100215,Kratie,32.42833729
60306,Kampong Thom,1.196873622
150208,Pursat,31.1267602
150208,Pursat,30.63580166
150208,Pursat,31.5895375
100302,Kratie,21.91077509
150208,Pursat,32.47185314
150208,Pursat,31.45600277
60307,Kampong Thom,6.186376351
60305,Kampong Thom,4.761482151
60203,Kampong Thom,20.44308039
150208,Pursat,32.0119433
60309,Kampong Thom,2.999397894
60308,Kampong Thom,1.488275416
60709,Kampong Thom,27.98022175
100410,Kratie,30.32230732
60206,Kampong Thom,40.75018088
20900,Pailin,38.04705351
21306,Battambang,54.18657107
110101,Kratie,61.02364586
150102,Pursat,24.98586558
150208,Pursat,32.63339752
21304,Battambang,50.06963157
20609,Battambang,47.03157532
100202,Kratie,27.95301866
150108,Pursat,34.0032277
20603,Pursat,46.35705581
100212,Kratie,27.57937087
150208,Pursat,34.84728241
150208,Pursat,23.1709576
150206,Pursat,33.92320593
60705,Kampong Thom,53.17607072
100407,Kratie,30.34770306
100408,Kratie,27.50461638
150206,Pursat,35.1437617
60701,Kratie,49.41138638
150206,Pursat,35.04927428
60204,Kampong Thom,12.10226023
21302,Battambang,37.48744089
150206,Pursat,21.01028544
150206,Pursat,34.64412878
150206,Pursat,34.59486582
150206,Pursat,35.82314489
150206,Pursat,35.4071096
150206,Pursat,31.39920907
150206,Pursat,35.23108211
20602,Battambang,50.96138361
21305,Battambang,34.81589747
150206,Pursat,36.22013046
20601,Battambang,41.09313283
150107,Pursat,15.06952873
20604,Pursat,38.51415301
21303,Battambang,35.37872948
20703,Pailin,32.33653949
60207,Kampong Thom,21.38382733
60201,Kampong Thom,16.33255931
150101,Pursat,22.30347013
60505,Kampong Thom,23.12578102
60208,Kampong Thom,14.75002818
20702,Battambang,39.35572403
240102,Pailin,9.389802588
60209,Kampong Thom,8.554905627
240101,Pailin,6.06806372
240104,Pailin,10.4354526
60807,Pursat,51.09080497
60504,Kampong Thom,36.43991244
20105,Battambang,31.02702181
21301,Battambang,27.67457917
60802,Kampong Thom,33.18727371
240103,Pailin,9.988863402
60812,Kampong Thom,42.90936473
110401,Mondulkiri,41.72776463
60803,Kampong Thom,30.45787724
110402,Mondulkiri,42.547239
20607,Battambang,35.91761944
150104,Pursat,32.34759979
20101,Battambang,24.01322505
100402,Kratie,45.09514965
60811,Kampong Thom,33.07184994
240203,Pailin,7.547848983
60205,Kampong Thom,23.46006097
60805,Kampong Thom,42.61618038
20704,Pailin,25.44357407
60806,Kampong Thom,50.96708656
20102,Battambang,19.98881249
60502,Kampong Thom,43.69919729
60202,Kampong Thom,27.28523742
20608,Battambang,30.10527784
100404,Kratie,43.18515372
100403,Kratie,46.66386021
20807,Battambang,17.76773491
20606,Battambang,38.81568343
60501,Kampong Thom,36.38887231
60810,Kampong Thom,33.12189996
150105,Pursat,38.92590101
60801,Kampong Thom,37.13547218
20103,Battambang,15.01183567
60603,Kampong Thom,52.22701437
60609,Kampong Thom,57.51181229
60503,Kampong Thom,31.30105629
100409,Kratie,66.68828314
60804,Kampong Thom,46.75857918
60608,Kratie,66.30072712
20104,Battambang,12.62228854
20107,Battambang,25.70558005
240201,Pailin,15.18194683
60401,Kampong Thom,39.10883852
20106,Battambang,14.50861313
240204,Pailin,16.40313306
110204,Mondulkiri,61.31355878
170401,Pursat,55.96454671
21201,Pailin,21.53593939
20806,Battambang,31.73464572
20810,Battambang,10.32686087
60601,Kampong Thom,56.79273632
20308,Battambang,5.137651299
20809,Battambang,9.102883265
20808,Battambang,8.536882077
20605,Battambang,49.88286823
20307,Battambang,7.973354335
20302,Battambang,2.426321018
110206,Mondulkiri,57.43942868
20310,Battambang,0.495807571
20801,Battambang,9.167407902
20301,Battambang,0.958389707
60406,Kampong Thom,44.64644739
40101,Kampong Chhnang,28.72372868
30204,Kampong Cham,43.24473864
30205,Kampong Cham,40.6438702
31510,Kampong Cham,35.77602866
100303,Kratie,20.0553732
40407,Kampong Chhnang,23.85568418
30202,Kampong Cham,47.09950264
150402,Pursat,25.0536485
150605,Koh Kong,63.731232
150304,Pursat,40.81661553
30208,Kampong Cham,49.03261254
100308,Kratie,20.84481702
31504,Kratie,34.5102071
100206,Kratie,12.18325882
150310,Pursat,32.20147192
100501,Kratie,65.68699067
110105,Mondulkiri,39.50543951
40106,Kampong Chhnang,18.93032914
60107,Kampong Thom,45.48798965
40405,Kampong Chhnang,12.11330699
40109,Kampong Chhnang,29.83612357
60103,Kampong Thom,36.99288288
40108,Kampong Chhnang,33.56050197
150604,Pursat,76.87348443
150603,Pailin,71.52629619
31501,Kratie,43.35319824
40107,Kampong Chhnang,23.76444936
60104,Kampong Thom,38.80516147
150404,Pursat,40.02976466
100201,Kratie,11.11436138
100213,Kratie,16.31544142
40105,Kampong Chhnang,18.87249144
100306,Kratie,28.86119487
110302,Mondulkiri,12.32335207
40402,Kampong Chhnang,22.58146823
40110,Kampong Chhnang,30.38844787
40104,Kampong Chhnang,27.72265855
110504,Mondulkiri,4.825646675
100301,Kratie,25.2289416
100305,Kratie,12.9949179
40103,Kampong Chhnang,32.60187863
40104,Kampong Chhnang,28.81283323
40105,Kampong Chhnang,24.81997744
100211,Kratie,4.856596318
60108,Kampong Thom,32.03444777
31506,Kampong Cham,48.52767358
31503,Kampong Cham,44.8966568
60110,Kampong Cham,49.49216504
40406,Kampong Chhnang,26.79038254
100204,Kratie,24.23001671
40111,Kampong Chhnang,36.26599295
100209,Kratie,0.736220851
150501,Pursat,10.18218723
60102,Kampong Thom,40.0388289
150407,Pursat,43.66188988
31514,Kratie,36.60527926
100505,Kratie,37.12236293
40102,Kampong Chhnang,34.311515
40406,Kampong Chhnang,21.54225074
150401,Pursat,18.07855738
150311,Pursat,18.08124035
40102,Kampong Chhnang,38.3108847
150403,Pursat,28.15573921
40102,Kampong Chhnang,37.00665439
150506,Pursat,11.03403874
60111,Kampong Thom,49.08754245
100207,Kratie,2.313122269
100210,Kratie,5.2687391
60117,Kampong Thom,27.2292462
150503,Pursat,9.139250363
60101,Kampong Thom,52.95201543
40102,Kampong Chhnang,35.92150702
60706,Kampong Thom,27.13837973
150505,Pursat,4.782086811
100307,Kratie,14.67018801
100208,Kratie,4.210845211
110501,Mondulkiri,5.404160882
40102,Kampong Chhnang,41.24148546
60105,Kampong Thom,43.68497701
150302,Kampong Chhnang,44.3375448
110301,Mondulkiri,26.29897299
150302,Kampong Chhnang,42.57501424
150507,Pursat,3.595637054
40102,Kampong Chhnang,41.22728236
150602,Pursat,67.60982393
150303,Pursat,14.46414051
40401,Kampong Chhnang,25.08691209
150202,Pursat,4.599798078
150307,Pursat,35.78928562
150209,Pursat,2.313368313
100214,Kratie,6.817712701
150109,Pursat,34.57195079
60701,Kampong Thom,33.78871958
110504,Mondulkiri,10.32955568
150504,Pursat,1.932327491
110102,Mondulkiri,48.56243869
150301,Pursat,29.00426262
60703,Kampong Thom,35.4045698
100205,Kratie,10.40835644
60707,Kampong Thom,29.63879202
110103,Mondulkiri,26.86683144
100203,Kratie,14.72151081
40404,Kampong Chhnang,32.65751088
110503,Mondulkiri,10.32780797
150110,Pursat,16.00905458
150103,Pursat,21.76243637
60708,Kampong Thom,23.03743646
150201,Pursat,7.869040205
110403,Mondulkiri,21.59274118
150309,Pursat,25.10651547
150207,Pursat,6.839818353
150106,Pursat,27.19447599
60702,Kampong Thom,19.31884515
110502,Mondulkiri,11.00804115
20612,Pursat,43.23942945
150308,Pursat,21.87680845
20611,Battambang,55.86383174
60704,Kampong Thom,16.12775659
60310,Kampong Thom,13.07139014
150502,Pursat,7.269649677
60302,Kampong Thom,1.82488813
60304,Kampong Thom,8.67199461
150306,Pursat,20.04384909
150204,Pursat,19.41178689
110404,Mondulkiri,37.71864431
60303,Kampong Thom,0.962285137
60301,Kampong Thom,2.888673968
150203,Pursat,12.0849248
40502,Kampong Chhnang,26.81919497
40509,Kampong Chhnang,27.71632745
31308,Kampong Cham,15.88630249
30304,Kampong Cham,39.49153343
31312,Kampong Cham,33.91945087
31307,Kampong Cham,29.9628045
30105,Kampong Chhnang,37.27358882
40801,Kampong Chhnang,27.67808721
40501,Kampong Chhnang,34.82771732
31602,Kampong Cham,12.22924635
31303,Kampong Cham,22.43639607
30611,Kampong Cham,4.561706662
30308,Kampong Cham,42.24222404
30301,Kampong Chhnang,46.34457506
50403,Kampong Spueu,62.24321454
30104,Kampong Chhnang,38.88639875
30303,Kampong Cham,44.96016262
30302,Kampong Chhnang,43.72692183
30609,Kampong Cham,8.789271118
31304,Kampong Cham,26.43776535
31309,Kampong Cham,30.00801682
31621,Kampong Cham,18.0825383
30309,Kampong Cham,40.40790027
30402,Kampong Cham,43.63207305
30110,Kampong Chhnang,33.89736143
30607,Kampong Cham,9.93498019
30112,Kampong Chhnang,39.95853118
31310,Kampong Cham,34.53054667
30603,Kampong Cham,10.44867427
40508,Kampong Chhnang,22.06227746
90701,Koh Kong,57.81394548
30614,Kampong Cham,9.650952114
40805,Kampong Chhnang,29.94822025
30612,Kampong Cham,13.39837083
31301,Kampong Cham,24.39402507
40613,Kampong Chhnang,18.37739026
30310,Kampong Cham,39.5951835
31615,Kampong Cham,17.68223684
30610,Kampong Cham,13.48566719
31616,Kampong Cham,29.42814325
31315,Kampong Cham,19.1127471
40802,Kampong Chhnang,43.05339019
40202,Kampong Chhnang,24.81790929
100502,Mondulkiri,76.8707266
31011,Kratie,47.61674971
30903,Kampong Cham,18.44367473
40603,Kampong Chhnang,17.78834225
30307,Kampong Chhnang,44.64562692
31306,Kampong Cham,32.11677264
31305,Kampong Cham,29.11819885
100504,Kratie,59.83430065
40807,Kampong Chhnang,20.99018004
30613,Kampong Cham,16.40146013
40609,Kampong Chhnang,15.57995779
30904,Kampong Cham,19.39180221
30602,Kampong Cham,17.51019589
40201,Kampong Chhnang,24.46626381
31313,Kampong Cham,28.05439211
40601,Kampong Chhnang,13.72331878
40610,Kampong Chhnang,12.03881555
40605,Kampong Chhnang,11.52303876
40205,Kampong Chhnang,25.07628042
30407,Kratie,45.86246655
100104,Kratie,47.89879453
30912,Kampong Cham,27.82843343
31302,Kampong Cham,35.7212781
30201,Kampong Cham,23.00331103
100503,Kratie,56.66768612
40604,Kampong Chhnang,7.542073367
31509,Kampong Cham,22.36250586
30405,Kratie,40.9306285
30306,Kampong Cham,41.78399122
30108,Kampong Chhnang,37.845477
30908,Kampong Cham,25.10371922
30901,Kampong Cham,38.03583885
30305,Kampong Chhnang,43.16705581
40303,Kampong Chhnang,1.121552827
40203,Kampong Chhnang,11.2497522
40606,Kampong Chhnang,12.96762415
60116,Kampong Cham,39.53144305
100106,Kratie,32.35321461
30909,Kratie,39.06373326
30902,Kratie,35.18074322
100102,Kratie,33.78432073
60114,Kampong Chhnang,46.98563495
100103,Kratie,28.3234684
30111,Kampong Chhnang,30.7263414
100107,Kratie,30.02540779
30906,Kampong Cham,39.34796349
40611,Kampong Chhnang,3.985339223
31513,Kampong Cham,24.34665934
40302,Kampong Chhnang,3.486747863
60113,Kampong Chhnang,41.80598331
60106,Kampong Cham,42.75652858
150601,Koh Kong,60.94787371
100101,Kratie,28.27087127
30207,Kampong Cham,31.2636006
30910,Kampong Cham,35.38335995
100304,Kratie,26.91947474
30907,Kampong Cham,37.04392233
40204,Kampong Chhnang,18.51989233
100108,Kratie,25.42106016
60109,Kampong Chhnang,44.40723205
30911,Kampong Cham,30.83343685
31512,Kampong Cham,29.1370045
40403,Kampong Chhnang,8.782223682
30905,Kampong Cham,34.42155977
