"","crim_case","pop_den","M6_24_sch","propPrimSec","pig_fam","dist_sch","garbage","Pax_migt_out","mean_elev","dist_border","dist_provCap","elc","PA","areaKM","year","Province","Provcomm","fit","se.fit","U_SE","L_SE"
"1",-0.675171784385454,3.82096050810237e-17,-1.5735391488165e-16,-3.69269725994135e-17,7.53114777775525e-17,-1.2727344807417e-17,-7.92054810010145e-17,1.52068041807876e-17,4.6238260287186e-17,-2.92946827208495e-17,7.82405860655174e-17,"0","0",44.05124145,NA,NA,NA,0.0307069416336795,0.0107704307511109,0.0522478031359014,0.00916608013145772
"2",-0.465270094268875,3.82096050810237e-17,-1.5735391488165e-16,-3.69269725994135e-17,7.53114777775525e-17,-1.2727344807417e-17,-7.92054810010145e-17,1.52068041807876e-17,4.6238260287186e-17,-2.92946827208495e-17,7.82405860655174e-17,"0","0",44.05124145,NA,NA,NA,0.0307072590615987,0.0107705250618739,0.0522483091853465,0.00916620893785086
"3",-0.255368404152295,3.82096050810237e-17,-1.5735391488165e-16,-3.69269725994135e-17,7.53114777775525e-17,-1.2727344807417e-17,-7.92054810010145e-17,1.52068041807876e-17,4.6238260287186e-17,-2.92946827208495e-17,7.82405860655174e-17,"0","0",44.05124145,NA,NA,NA,0.030707576535407,0.0107706198165864,0.0522488161685797,0.00916633690223421
"4",-0.0454667140357159,3.82096050810237e-17,-1.5735391488165e-16,-3.69269725994135e-17,7.53114777775525e-17,-1.2727344807417e-17,-7.92054810010145e-17,1.52068041807876e-17,4.6238260287186e-17,-2.92946827208495e-17,7.82405860655174e-17,"0","0",44.05124145,NA,NA,NA,0.03070789405511,0.0107707150155498,0.0522493240862097,0.00916646402401038
"5",0.164434976080863,3.82096050810237e-17,-1.5735391488165e-16,-3.69269725994135e-17,7.53114777775525e-17,-1.2727344807417e-17,-7.92054810010145e-17,1.52068041807876e-17,4.6238260287186e-17,-2.92946827208495e-17,7.82405860655174e-17,"0","0",44.05124145,NA,NA,NA,0.0307082116207135,0.0107708106590659,0.0522498329388452,0.00916659030258178
"6",0.374336666197443,3.82096050810237e-17,-1.5735391488165e-16,-3.69269725994135e-17,7.53114777775525e-17,-1.2727344807417e-17,-7.92054810010145e-17,1.52068041807876e-17,4.6238260287186e-17,-2.92946827208495e-17,7.82405860655174e-17,"0","0",44.05124145,NA,NA,NA,0.030708529232223,0.0107709067474362,0.0522503427270954,0.00916671573735068
"7",0.584238356314022,3.82096050810237e-17,-1.5735391488165e-16,-3.69269725994135e-17,7.53114777775525e-17,-1.2727344807417e-17,-7.92054810010145e-17,1.52068041807876e-17,4.6238260287186e-17,-2.92946827208495e-17,7.82405860655174e-17,"0","0",44.05124145,NA,NA,NA,0.0307088468896442,0.0107710032809625,0.0522508534515692,0.00916684032771913
"8",0.794140046430602,3.82096050810237e-17,-1.5735391488165e-16,-3.69269725994135e-17,7.53114777775525e-17,-1.2727344807417e-17,-7.92054810010145e-17,1.52068041807876e-17,4.6238260287186e-17,-2.92946827208495e-17,7.82405860655174e-17,"0","0",44.05124145,NA,NA,NA,0.0307091645929826,0.0107711002599468,0.0522513651128761,0.00916696407308905
"9",1.00404173654718,3.82096050810237e-17,-1.5735391488165e-16,-3.69269725994135e-17,7.53114777775525e-17,-1.2727344807417e-17,-7.92054810010145e-17,1.52068041807876e-17,4.6238260287186e-17,-2.92946827208495e-17,7.82405860655174e-17,"0","0",44.05124145,NA,NA,NA,0.0307094823422439,0.0107711976846909,0.0522518777116256,0.00916708697286217
"10",1.21394342666376,3.82096050810237e-17,-1.5735391488165e-16,-3.69269725994135e-17,7.53114777775525e-17,-1.2727344807417e-17,-7.92054810010145e-17,1.52068041807876e-17,4.6238260287186e-17,-2.92946827208495e-17,7.82405860655174e-17,"0","0",44.05124145,NA,NA,NA,0.0307098001374337,0.0107712955554968,0.0522523912484273,0.00916720902644006
"11",1.42384511678034,3.82096050810237e-17,-1.5735391488165e-16,-3.69269725994135e-17,7.53114777775525e-17,-1.2727344807417e-17,-7.92054810010145e-17,1.52068041807876e-17,4.6238260287186e-17,-2.92946827208495e-17,7.82405860655174e-17,"0","0",44.05124145,NA,NA,NA,0.0307101179785576,0.0107713938726668,0.0522529057238912,0.0091673302332241
"12",1.63374680689692,3.82096050810237e-17,-1.5735391488165e-16,-3.69269725994135e-17,7.53114777775525e-17,-1.2727344807417e-17,-7.92054810010145e-17,1.52068041807876e-17,4.6238260287186e-17,-2.92946827208495e-17,7.82405860655174e-17,"0","0",44.05124145,NA,NA,NA,0.0307104358656213,0.0107714926365029,0.0522534211386271,0.0091674505926155
"13",1.8436484970135,3.82096050810237e-17,-1.5735391488165e-16,-3.69269725994135e-17,7.53114777775525e-17,-1.2727344807417e-17,-7.92054810010145e-17,1.52068041807876e-17,4.6238260287186e-17,-2.92946827208495e-17,7.82405860655174e-17,"0","0",44.05124145,NA,NA,NA,0.0307107537986304,0.0107715918473075,0.0522539374932454,0.00916757010401532
"14",2.05355018713008,3.82096050810237e-17,-1.5735391488165e-16,-3.69269725994135e-17,7.53114777775525e-17,-1.2727344807417e-17,-7.92054810010145e-17,1.52068041807876e-17,4.6238260287186e-17,-2.92946827208495e-17,7.82405860655174e-17,"0","0",44.05124145,NA,NA,NA,0.0307110717775904,0.010771691505383,0.0522544547883564,0.00916768876682442
"15",2.26345187724666,3.82096050810237e-17,-1.5735391488165e-16,-3.69269725994135e-17,7.53114777775525e-17,-1.2727344807417e-17,-7.92054810010145e-17,1.52068041807876e-17,4.6238260287186e-17,-2.92946827208495e-17,7.82405860655174e-17,"0","0",44.05124145,NA,NA,NA,0.0307113898025071,0.0107717916110318,0.0522549730245707,0.0091678065804435
"16",2.47335356736324,3.82096050810237e-17,-1.5735391488165e-16,-3.69269725994135e-17,7.53114777775525e-17,-1.2727344807417e-17,-7.92054810010145e-17,1.52068041807876e-17,4.6238260287186e-17,-2.92946827208495e-17,7.82405860655174e-17,"0","0",44.05124145,NA,NA,NA,0.030711707873386,0.0107718921645564,0.0522554922024989,0.0091679235442731
"17",2.68325525747982,3.82096050810237e-17,-1.5735391488165e-16,-3.69269725994135e-17,7.53114777775525e-17,-1.2727344807417e-17,-7.92054810010145e-17,1.52068041807876e-17,4.6238260287186e-17,-2.92946827208495e-17,7.82405860655174e-17,"0","0",44.05124145,NA,NA,NA,0.0307120259902328,0.0107719931662596,0.052256012322752,0.00916803965771357
"18",2.89315694759639,3.82096050810237e-17,-1.5735391488165e-16,-3.69269725994135e-17,7.53114777775525e-17,-1.2727344807417e-17,-7.92054810010145e-17,1.52068041807876e-17,4.6238260287186e-17,-2.92946827208495e-17,7.82405860655174e-17,"0","0",44.05124145,NA,NA,NA,0.030712344153053,0.010772094616444,0.052256533385941,0.00916815492016511
"19",3.10305863771297,3.82096050810237e-17,-1.5735391488165e-16,-3.69269725994135e-17,7.53114777775525e-17,-1.2727344807417e-17,-7.92054810010145e-17,1.52068041807876e-17,4.6238260287186e-17,-2.92946827208495e-17,7.82405860655174e-17,"0","0",44.05124145,NA,NA,NA,0.0307126623618524,0.0107721965154123,0.0522570553926771,0.00916826933102772
"20",3.31296032782955,3.82096050810237e-17,-1.5735391488165e-16,-3.69269725994135e-17,7.53114777775525e-17,-1.2727344807417e-17,-7.92054810010145e-17,1.52068041807876e-17,4.6238260287186e-17,-2.92946827208495e-17,7.82405860655174e-17,"0","0",44.05124145,NA,NA,NA,0.0307129806166365,0.0107722988634676,0.0522575783435718,0.00916838288970125
"21",3.52286201794613,3.82096050810237e-17,-1.5735391488165e-16,-3.69269725994135e-17,7.53114777775525e-17,-1.2727344807417e-17,-7.92054810010145e-17,1.52068041807876e-17,4.6238260287186e-17,-2.92946827208495e-17,7.82405860655174e-17,"0","0",44.05124145,NA,NA,NA,0.030713298917411,0.0107724016609128,0.0522581022392366,0.00916849559558539
"22",3.73276370806271,3.82096050810237e-17,-1.5735391488165e-16,-3.69269725994135e-17,7.53114777775525e-17,-1.2727344807417e-17,-7.92054810010145e-17,1.52068041807876e-17,4.6238260287186e-17,-2.92946827208495e-17,7.82405860655174e-17,"0","0",44.05124145,NA,NA,NA,0.0307136172641814,0.0107725049080509,0.0522586270802833,0.00916860744807962
"23",3.94266539817929,3.82096050810237e-17,-1.5735391488165e-16,-3.69269725994135e-17,7.53114777775525e-17,-1.2727344807417e-17,-7.92054810010145e-17,1.52068041807876e-17,4.6238260287186e-17,-2.92946827208495e-17,7.82405860655174e-17,"0","0",44.05124145,NA,NA,NA,0.0307139356569535,0.0107726086051851,0.0522591528673237,0.00916871844658329
"24",4.15256708829587,3.82096050810237e-17,-1.5735391488165e-16,-3.69269725994135e-17,7.53114777775525e-17,-1.2727344807417e-17,-7.92054810010145e-17,1.52068041807876e-17,4.6238260287186e-17,-2.92946827208495e-17,7.82405860655174e-17,"0","0",44.05124145,NA,NA,NA,0.0307142540957328,0.0107727127526186,0.0522596796009701,0.00916882859049557
"25",4.36246877841245,3.82096050810237e-17,-1.5735391488165e-16,-3.69269725994135e-17,7.53114777775525e-17,-1.2727344807417e-17,-7.92054810010145e-17,1.52068041807876e-17,4.6238260287186e-17,-2.92946827208495e-17,7.82405860655174e-17,"0","0",44.05124145,NA,NA,NA,0.030714572580525,0.0107728173506548,0.0522602072818346,0.00916893787921544
"26",4.57237046852903,3.82096050810237e-17,-1.5735391488165e-16,-3.69269725994135e-17,7.53114777775525e-17,-1.2727344807417e-17,-7.92054810010145e-17,1.52068041807876e-17,4.6238260287186e-17,-2.92946827208495e-17,7.82405860655174e-17,"0","0",44.05124145,NA,NA,NA,0.0307148911113357,0.010772922399597,0.0522607359105296,0.00916904631214172
"27",4.78227215864561,3.82096050810237e-17,-1.5735391488165e-16,-3.69269725994135e-17,7.53114777775525e-17,-1.2727344807417e-17,-7.92054810010145e-17,1.52068041807876e-17,4.6238260287186e-17,-2.92946827208495e-17,7.82405860655174e-17,"0","0",44.05124145,NA,NA,NA,0.0307152096881705,0.0107730278997487,0.0522612654876678,0.00916915388867308
"28",4.99217384876219,3.82096050810237e-17,-1.5735391488165e-16,-3.69269725994135e-17,7.53114777775525e-17,-1.2727344807417e-17,-7.92054810010145e-17,1.52068041807876e-17,4.6238260287186e-17,-2.92946827208495e-17,7.82405860655174e-17,"0","0",44.05124145,NA,NA,NA,0.030715528311035,0.0107731338514135,0.052261796013862,0.009169260608208
"29",5.20207553887877,3.82096050810237e-17,-1.5735391488165e-16,-3.69269725994135e-17,7.53114777775525e-17,-1.2727344807417e-17,-7.92054810010145e-17,1.52068041807876e-17,4.6238260287186e-17,-2.92946827208495e-17,7.82405860655174e-17,"0","0",44.05124145,NA,NA,NA,0.0307158469799349,0.0107732402548951,0.052262327489725,0.00916936647014478
"30",5.41197722899535,3.82096050810237e-17,-1.5735391488165e-16,-3.69269725994135e-17,7.53114777775525e-17,-1.2727344807417e-17,-7.92054810010145e-17,1.52068041807876e-17,4.6238260287186e-17,-2.92946827208495e-17,7.82405860655174e-17,"0","0",44.05124145,NA,NA,NA,0.0307161656948758,0.0107733471104971,0.0522628599158701,0.00916947147388159
"31",5.62187891911193,3.82096050810237e-17,-1.5735391488165e-16,-3.69269725994135e-17,7.53114777775525e-17,-1.2727344807417e-17,-7.92054810010145e-17,1.52068041807876e-17,4.6238260287186e-17,-2.92946827208495e-17,7.82405860655174e-17,"0","0",44.05124145,NA,NA,NA,0.0307164844558634,0.0107734544185235,0.0522633932929104,0.0091695756188164
"32",5.83178060922851,3.82096050810237e-17,-1.5735391488165e-16,-3.69269725994135e-17,7.53114777775525e-17,-1.2727344807417e-17,-7.92054810010145e-17,1.52068041807876e-17,4.6238260287186e-17,-2.92946827208495e-17,7.82405860655174e-17,"0","0",44.05124145,NA,NA,NA,0.0307168032629032,0.0107735621792781,0.0522639276214594,0.009169678904347
"33",6.04168229934509,3.82096050810237e-17,-1.5735391488165e-16,-3.69269725994135e-17,7.53114777775525e-17,-1.2727344807417e-17,-7.92054810010145e-17,1.52068041807876e-17,4.6238260287186e-17,-2.92946827208495e-17,7.82405860655174e-17,"0","0",44.05124145,NA,NA,NA,0.0307171221160009,0.0107736703930649,0.0522644629021307,0.00916978132987105
"34",6.25158398946166,3.82096050810237e-17,-1.5735391488165e-16,-3.69269725994135e-17,7.53114777775525e-17,-1.2727344807417e-17,-7.92054810010145e-17,1.52068041807876e-17,4.6238260287186e-17,-2.92946827208495e-17,7.82405860655174e-17,"0","0",44.05124145,NA,NA,NA,0.0307174410151621,0.010773779060188,0.0522649991355382,0.00916988289478601
"35",6.46148567957824,3.82096050810237e-17,-1.5735391488165e-16,-3.69269725994135e-17,7.53114777775525e-17,-1.2727344807417e-17,-7.92054810010145e-17,1.52068041807876e-17,4.6238260287186e-17,-2.92946827208495e-17,7.82405860655174e-17,"0","0",44.05124145,NA,NA,NA,0.0307177599603925,0.0107738881809516,0.0522655363222958,0.00916998359848918
"36",6.67138736969482,3.82096050810237e-17,-1.5735391488165e-16,-3.69269725994135e-17,7.53114777775525e-17,-1.2727344807417e-17,-7.92054810010145e-17,1.52068041807876e-17,4.6238260287186e-17,-2.92946827208495e-17,7.82405860655174e-17,"0","0",44.05124145,NA,NA,NA,0.0307180789516976,0.01077399775566,0.0522660744630176,0.0091700834403777
"37",6.8812890598114,3.82096050810237e-17,-1.5735391488165e-16,-3.69269725994135e-17,7.53114777775525e-17,-1.2727344807417e-17,-7.92054810010145e-17,1.52068041807876e-17,4.6238260287186e-17,-2.92946827208495e-17,7.82405860655174e-17,"0","0",44.05124145,NA,NA,NA,0.0307183979890832,0.0107741077846173,0.0522666135583179,0.00917018241984853
"38",7.09119074992798,3.82096050810237e-17,-1.5735391488165e-16,-3.69269725994135e-17,7.53114777775525e-17,-1.2727344807417e-17,-7.92054810010145e-17,1.52068041807876e-17,4.6238260287186e-17,-2.92946827208495e-17,7.82405860655174e-17,"0","0",44.05124145,NA,NA,NA,0.0307187170725548,0.0107742182681282,0.0522671536088111,0.00917028053629847
"39",7.30109244004456,3.82096050810237e-17,-1.5735391488165e-16,-3.69269725994135e-17,7.53114777775525e-17,-1.2727344807417e-17,-7.92054810010145e-17,1.52068041807876e-17,4.6238260287186e-17,-2.92946827208495e-17,7.82405860655174e-17,"0","0",44.05124145,NA,NA,NA,0.0307190362021181,0.010774329206497,0.052267694615112,0.00917037778912415
"40",7.51099413016114,3.82096050810237e-17,-1.5735391488165e-16,-3.69269725994135e-17,7.53114777775525e-17,-1.2727344807417e-17,-7.92054810010145e-17,1.52068041807876e-17,4.6238260287186e-17,-2.92946827208495e-17,7.82405860655174e-17,"0","0",44.05124145,NA,NA,NA,0.0307193553777787,0.0107744406000283,0.0522682365778353,0.00917047417772203
"41",7.72089582027772,3.82096050810237e-17,-1.5735391488165e-16,-3.69269725994135e-17,7.53114777775525e-17,-1.2727344807417e-17,-7.92054810010145e-17,1.52068041807876e-17,4.6238260287186e-17,-2.92946827208495e-17,7.82405860655174e-17,"0","0",44.05124145,NA,NA,NA,0.0307196745995422,0.0107745524490269,0.052268779497596,0.0091705697014884
"42",7.9307975103943,3.82096050810237e-17,-1.5735391488165e-16,-3.69269725994135e-17,7.53114777775525e-17,-1.2727344807417e-17,-7.92054810010145e-17,1.52068041807876e-17,4.6238260287186e-17,-2.92946827208495e-17,7.82405860655174e-17,"0","0",44.05124145,NA,NA,NA,0.0307199938674143,0.0107746647537975,0.0522693233750093,0.0091706643598194
"43",8.14069920051088,3.82096050810237e-17,-1.5735391488165e-16,-3.69269725994135e-17,7.53114777775525e-17,-1.2727344807417e-17,-7.92054810010145e-17,1.52068041807876e-17,4.6238260287186e-17,-2.92946827208495e-17,7.82405860655174e-17,"0","0",44.05124145,NA,NA,NA,0.0307203131814006,0.0107747775146448,0.0522698682106903,0.00917075815211096
"44",8.35060089062746,3.82096050810237e-17,-1.5735391488165e-16,-3.69269725994135e-17,7.53114777775525e-17,-1.2727344807417e-17,-7.92054810010145e-17,1.52068041807876e-17,4.6238260287186e-17,-2.92946827208495e-17,7.82405860655174e-17,"0","0",44.05124145,NA,NA,NA,0.0307206325415068,0.0107748907318739,0.0522704140052547,0.0091708510777589
"45",8.56050258074404,3.82096050810237e-17,-1.5735391488165e-16,-3.69269725994135e-17,7.53114777775525e-17,-1.2727344807417e-17,-7.92054810010145e-17,1.52068041807876e-17,4.6238260287186e-17,-2.92946827208495e-17,7.82405860655174e-17,"0","0",44.05124145,NA,NA,NA,0.0307209519477384,0.0107750044057898,0.052270960759318,0.00917094313615884
"46",8.77040427086062,3.82096050810237e-17,-1.5735391488165e-16,-3.69269725994135e-17,7.53114777775525e-17,-1.2727344807417e-17,-7.92054810010145e-17,1.52068041807876e-17,4.6238260287186e-17,-2.92946827208495e-17,7.82405860655174e-17,"0","0",44.05124145,NA,NA,NA,0.0307212714001012,0.0107751185366975,0.0522715084734961,0.00917103432670622
"47",8.9803059609772,3.82096050810237e-17,-1.5735391488165e-16,-3.69269725994135e-17,7.53114777775525e-17,-1.2727344807417e-17,-7.92054810010145e-17,1.52068041807876e-17,4.6238260287186e-17,-2.92946827208495e-17,7.82405860655174e-17,"0","0",44.05124145,NA,NA,NA,0.0307215908986006,0.0107752331249021,0.0522720571484049,0.00917112464879635
"48",9.19020765109378,3.82096050810237e-17,-1.5735391488165e-16,-3.69269725994135e-17,7.53114777775525e-17,-1.2727344807417e-17,-7.92054810010145e-17,1.52068041807876e-17,4.6238260287186e-17,-2.92946827208495e-17,7.82405860655174e-17,"0","0",44.05124145,NA,NA,NA,0.0307219104432425,0.0107753481707091,0.0522726067846606,0.00917121410182435
"49",9.40010934121036,3.82096050810237e-17,-1.5735391488165e-16,-3.69269725994135e-17,7.53114777775525e-17,-1.2727344807417e-17,-7.92054810010145e-17,1.52068041807876e-17,4.6238260287186e-17,-2.92946827208495e-17,7.82405860655174e-17,"0","0",44.05124145,NA,NA,NA,0.0307222300340324,0.0107754636744236,0.0522731573828795,0.00917130268518518
"50",9.61001103132694,3.82096050810237e-17,-1.5735391488165e-16,-3.69269725994135e-17,7.53114777775525e-17,-1.2727344807417e-17,-7.92054810010145e-17,1.52068041807876e-17,4.6238260287186e-17,-2.92946827208495e-17,7.82405860655174e-17,"0","0",44.05124145,NA,NA,NA,0.0307225496709759,0.0107755796363511,0.0522737089436781,0.00917139039827362
"51",9.81991272144352,3.82096050810237e-17,-1.5735391488165e-16,-3.69269725994135e-17,7.53114777775525e-17,-1.2727344807417e-17,-7.92054810010145e-17,1.52068041807876e-17,4.6238260287186e-17,-2.92946827208495e-17,7.82405860655174e-17,"0","0",44.05124145,NA,NA,NA,0.0307228693540787,0.0107756960567972,0.052274261467673,0.00917147724048431
"52",10.0298144115601,3.82096050810237e-17,-1.5735391488165e-16,-3.69269725994135e-17,7.53114777775525e-17,-1.2727344807417e-17,-7.92054810010145e-17,1.52068041807876e-17,4.6238260287186e-17,-2.92946827208495e-17,7.82405860655174e-17,"0","0",44.05124145,NA,NA,NA,0.0307231890833464,0.0107758129360673,0.0522748149554811,0.00917156321121171
"53",10.2397161016767,3.82096050810237e-17,-1.5735391488165e-16,-3.69269725994135e-17,7.53114777775525e-17,-1.2727344807417e-17,-7.92054810010145e-17,1.52068041807876e-17,4.6238260287186e-17,-2.92946827208495e-17,7.82405860655174e-17,"0","0",44.05124145,NA,NA,NA,0.0307235088587847,0.0107759302744673,0.0522753694077193,0.0091716483098501
"54",10.4496177917933,3.82096050810237e-17,-1.5735391488165e-16,-3.69269725994135e-17,7.53114777775525e-17,-1.2727344807417e-17,-7.92054810010145e-17,1.52068041807876e-17,4.6238260287186e-17,-2.92946827208495e-17,7.82405860655174e-17,"0","0",44.05124145,NA,NA,NA,0.0307238286803992,0.0107760480723028,0.0522759248250047,0.00917173253579363
"55",10.6595194819098,3.82096050810237e-17,-1.5735391488165e-16,-3.69269725994135e-17,7.53114777775525e-17,-1.2727344807417e-17,-7.92054810010145e-17,1.52068041807876e-17,4.6238260287186e-17,-2.92946827208495e-17,7.82405860655174e-17,"0","0",44.05124145,NA,NA,NA,0.0307241485481955,0.0107761663298796,0.0522764812079547,0.00917181588843624
"56",10.8694211720264,3.82096050810237e-17,-1.5735391488165e-16,-3.69269725994135e-17,7.53114777775525e-17,-1.2727344807417e-17,-7.92054810010145e-17,1.52068041807876e-17,4.6238260287186e-17,-2.92946827208495e-17,7.82405860655174e-17,"0","0",44.05124145,NA,NA,NA,0.0307244684621793,0.0107762850475038,0.0522770385571868,0.00917189836717175
"57",11.079322862143,3.82096050810237e-17,-1.5735391488165e-16,-3.69269725994135e-17,7.53114777775525e-17,-1.2727344807417e-17,-7.92054810010145e-17,1.52068041807876e-17,4.6238260287186e-17,-2.92946827208495e-17,7.82405860655174e-17,"0","0",44.05124145,NA,NA,NA,0.0307247884223561,0.0107764042254812,0.0522775968733185,0.00917197997139377
"58",11.2892245522596,3.82096050810237e-17,-1.5735391488165e-16,-3.69269725994135e-17,7.53114777775525e-17,-1.2727344807417e-17,-7.92054810010145e-17,1.52068041807876e-17,4.6238260287186e-17,-2.92946827208495e-17,7.82405860655174e-17,"0","0",44.05124145,NA,NA,NA,0.0307251084287318,0.010776523864118,0.0522781561569678,0.0091720607004958
"59",11.4991262423761,3.82096050810237e-17,-1.5735391488165e-16,-3.69269725994135e-17,7.53114777775525e-17,-1.2727344807417e-17,-7.92054810010145e-17,1.52068041807876e-17,4.6238260287186e-17,-2.92946827208495e-17,7.82405860655174e-17,"0","0",44.05124145,NA,NA,NA,0.0307254284813118,0.0107766439637203,0.0522787164087525,0.00917214055387111
"60",11.7090279324927,3.82096050810237e-17,-1.5735391488165e-16,-3.69269725994135e-17,7.53114777775525e-17,-1.2727344807417e-17,-7.92054810010145e-17,1.52068041807876e-17,4.6238260287186e-17,-2.92946827208495e-17,7.82405860655174e-17,"0","0",44.05124145,NA,NA,NA,0.0307257485801019,0.0107767645245945,0.0522792776292908,0.00917221953091287
"61",11.9189296226093,3.82096050810237e-17,-1.5735391488165e-16,-3.69269725994135e-17,7.53114777775525e-17,-1.2727344807417e-17,-7.92054810010145e-17,1.52068041807876e-17,4.6238260287186e-17,-2.92946827208495e-17,7.82405860655174e-17,"0","0",44.05124145,NA,NA,NA,0.0307260687251076,0.0107768855470468,0.0522798398192011,0.00917229763101403
"62",12.1288313127259,3.82096050810237e-17,-1.5735391488165e-16,-3.69269725994135e-17,7.53114777775525e-17,-1.2727344807417e-17,-7.92054810010145e-17,1.52068041807876e-17,4.6238260287186e-17,-2.92946827208495e-17,7.82405860655174e-17,"0","0",44.05124145,NA,NA,NA,0.0307263889163346,0.0107770070313836,0.0522804029791018,0.0091723748535674
"63",12.3387330028425,3.82096050810237e-17,-1.5735391488165e-16,-3.69269725994135e-17,7.53114777775525e-17,-1.2727344807417e-17,-7.92054810010145e-17,1.52068041807876e-17,4.6238260287186e-17,-2.92946827208495e-17,7.82405860655174e-17,"0","0",44.05124145,NA,NA,NA,0.0307267091537886,0.0107771289779115,0.0522809671096115,0.00917245119796564
"64",12.548634692959,3.82096050810237e-17,-1.5735391488165e-16,-3.69269725994135e-17,7.53114777775525e-17,-1.2727344807417e-17,-7.92054810010145e-17,1.52068041807876e-17,4.6238260287186e-17,-2.92946827208495e-17,7.82405860655174e-17,"0","0",44.05124145,NA,NA,NA,0.0307270294374751,0.010777251386937,0.052281532211349,0.00917252666360123
"65",12.7585363830756,3.82096050810237e-17,-1.5735391488165e-16,-3.69269725994135e-17,7.53114777775525e-17,-1.2727344807417e-17,-7.92054810010145e-17,1.52068041807876e-17,4.6238260287186e-17,-2.92946827208495e-17,7.82405860655174e-17,"0","0",44.05124145,NA,NA,NA,0.0307273497673999,0.0107773742587667,0.0522820982849334,0.00917260124986647
"66",12.9684380731922,3.82096050810237e-17,-1.5735391488165e-16,-3.69269725994135e-17,7.53114777775525e-17,-1.2727344807417e-17,-7.92054810010145e-17,1.52068041807876e-17,4.6238260287186e-17,-2.92946827208495e-17,7.82405860655174e-17,"0","0",44.05124145,NA,NA,NA,0.0307276701435686,0.0107774975937075,0.0522826653309836,0.00917267495615354
"67",13.1783397633088,3.82096050810237e-17,-1.5735391488165e-16,-3.69269725994135e-17,7.53114777775525e-17,-1.2727344807417e-17,-7.92054810010145e-17,1.52068041807876e-17,4.6238260287186e-17,-2.92946827208495e-17,7.82405860655174e-17,"0","0",44.05124145,NA,NA,NA,0.0307279905659867,0.0107776213920662,0.0522832333501191,0.00917274778185442
"68",13.3882414534254,3.82096050810237e-17,-1.5735391488165e-16,-3.69269725994135e-17,7.53114777775525e-17,-1.2727344807417e-17,-7.92054810010145e-17,1.52068041807876e-17,4.6238260287186e-17,-2.92946827208495e-17,7.82405860655174e-17,"0","0",44.05124145,NA,NA,NA,0.0307283110346601,0.0107777456541496,0.0522838023429592,0.00917281972636093
"69",13.5981431435419,3.82096050810237e-17,-1.5735391488165e-16,-3.69269725994135e-17,7.53114777775525e-17,-1.2727344807417e-17,-7.92054810010145e-17,1.52068041807876e-17,4.6238260287186e-17,-2.92946827208495e-17,7.82405860655174e-17,"0","0",44.05124145,NA,NA,NA,0.0307286315495942,0.0107778703802647,0.0522843723101237,0.00917289078906474
"70",13.8080448336585,3.82096050810237e-17,-1.5735391488165e-16,-3.69269725994135e-17,7.53114777775525e-17,-1.2727344807417e-17,-7.92054810010145e-17,1.52068041807876e-17,4.6238260287186e-17,-2.92946827208495e-17,7.82405860655174e-17,"0","0",44.05124145,NA,NA,NA,0.0307289521107948,0.0107779955707187,0.0522849432522322,0.00917296096935736
"71",14.0179465237751,3.82096050810237e-17,-1.5735391488165e-16,-3.69269725994135e-17,7.53114777775525e-17,-1.2727344807417e-17,-7.92054810010145e-17,1.52068041807876e-17,4.6238260287186e-17,-2.92946827208495e-17,7.82405860655174e-17,"0","0",44.05124145,NA,NA,NA,0.0307292727182674,0.0107781212258187,0.0522855151699047,0.00917303026663011
"72",14.2278482138917,3.82096050810237e-17,-1.5735391488165e-16,-3.69269725994135e-17,7.53114777775525e-17,-1.2727344807417e-17,-7.92054810010145e-17,1.52068041807876e-17,4.6238260287186e-17,-2.92946827208495e-17,7.82405860655174e-17,"0","0",44.05124145,NA,NA,NA,0.0307295933720178,0.0107782473458718,0.0522860880637614,0.00917309868027417
"73",14.4377499040083,3.82096050810237e-17,-1.5735391488165e-16,-3.69269725994135e-17,7.53114777775525e-17,-1.2727344807417e-17,-7.92054810010145e-17,1.52068041807876e-17,4.6238260287186e-17,-2.92946827208495e-17,7.82405860655174e-17,"0","0",44.05124145,NA,NA,NA,0.0307299140720515,0.0107783739311855,0.0522866619344225,0.00917316620968057
"74",14.6476515941248,3.82096050810237e-17,-1.5735391488165e-16,-3.69269725994135e-17,7.53114777775525e-17,-1.2727344807417e-17,-7.92054810010145e-17,1.52068041807876e-17,4.6238260287186e-17,-2.92946827208495e-17,7.82405860655174e-17,"0","0",44.05124145,NA,NA,NA,0.0307302348183743,0.0107785009820671,0.0522872367825085,0.00917323285424015
"75",14.8575532842414,3.82096050810237e-17,-1.5735391488165e-16,-3.69269725994135e-17,7.53114777775525e-17,-1.2727344807417e-17,-7.92054810010145e-17,1.52068041807876e-17,4.6238260287186e-17,-2.92946827208495e-17,7.82405860655174e-17,"0","0",44.05124145,NA,NA,NA,0.0307305556109917,0.0107786284988241,0.0522878126086399,0.00917329861334359
"76",15.067454974358,3.82096050810237e-17,-1.5735391488165e-16,-3.69269725994135e-17,7.53114777775525e-17,-1.2727344807417e-17,-7.92054810010145e-17,1.52068041807876e-17,4.6238260287186e-17,-2.92946827208495e-17,7.82405860655174e-17,"0","0",44.05124145,NA,NA,NA,0.0307308764499095,0.010778756481764,0.0522883894134375,0.00917336348638143
"77",15.2773566644746,3.82096050810237e-17,-1.5735391488165e-16,-3.69269725994135e-17,7.53114777775525e-17,-1.2727344807417e-17,-7.92054810010145e-17,1.52068041807876e-17,4.6238260287186e-17,-2.92946827208495e-17,7.82405860655174e-17,"0","0",44.05124145,NA,NA,NA,0.0307311973351332,0.0107788849311946,0.0522889671975223,0.00917342747274403
"78",15.4872583545912,3.82096050810237e-17,-1.5735391488165e-16,-3.69269725994135e-17,7.53114777775525e-17,-1.2727344807417e-17,-7.92054810010145e-17,1.52068041807876e-17,4.6238260287186e-17,-2.92946827208495e-17,7.82405860655174e-17,"0","0",44.05124145,NA,NA,NA,0.0307315182666685,0.0107790138474234,0.0522895459615153,0.00917349057182159
"79",15.6971600447077,3.82096050810237e-17,-1.5735391488165e-16,-3.69269725994135e-17,7.53114777775525e-17,-1.2727344807417e-17,-7.92054810010145e-17,1.52068041807876e-17,4.6238260287186e-17,-2.92946827208495e-17,7.82405860655174e-17,"0","0",44.05124145,NA,NA,NA,0.030731839244521,0.0107791432307584,0.0522901257060378,0.00917355278300415
"80",15.9070617348243,3.82096050810237e-17,-1.5735391488165e-16,-3.69269725994135e-17,7.53114777775525e-17,-1.2727344807417e-17,-7.92054810010145e-17,1.52068041807876e-17,4.6238260287186e-17,-2.92946827208495e-17,7.82405860655174e-17,"0","0",44.05124145,NA,NA,NA,0.0307321602686964,0.0107792730815074,0.0522907064317112,0.0091736141056816
"81",16.1169634249409,3.82096050810237e-17,-1.5735391488165e-16,-3.69269725994135e-17,7.53114777775525e-17,-1.2727344807417e-17,-7.92054810010145e-17,1.52068041807876e-17,4.6238260287186e-17,-2.92946827208495e-17,7.82405860655174e-17,"0","0",44.05124145,NA,NA,NA,0.0307324813392004,0.0107794033999784,0.0522912881391571,0.00917367453924365
"82",16.3268651150575,3.82096050810237e-17,-1.5735391488165e-16,-3.69269725994135e-17,7.53114777775525e-17,-1.2727344807417e-17,-7.92054810010145e-17,1.52068041807876e-17,4.6238260287186e-17,-2.92946827208495e-17,7.82405860655174e-17,"0","0",44.05124145,NA,NA,NA,0.0307328024560385,0.0107795341864793,0.0522918708289972,0.00917373408307985
"83",16.5367668051741,3.82096050810237e-17,-1.5735391488165e-16,-3.69269725994135e-17,7.53114777775525e-17,-1.2727344807417e-17,-7.92054810010145e-17,1.52068041807876e-17,4.6238260287186e-17,-2.92946827208495e-17,7.82405860655174e-17,"0","0",44.05124145,NA,NA,NA,0.0307331236192165,0.0107796654413185,0.0522924545018534,0.00917379273657962
"84",16.7466684952906,3.82096050810237e-17,-1.5735391488165e-16,-3.69269725994135e-17,7.53114777775525e-17,-1.2727344807417e-17,-7.92054810010145e-17,1.52068041807876e-17,4.6238260287186e-17,-2.92946827208495e-17,7.82405860655174e-17,"0","0",44.05124145,NA,NA,NA,0.03073344482874,0.0107797971648039,0.0522930391583478,0.00917385049913217
"85",16.9565701854072,3.82096050810237e-17,-1.5735391488165e-16,-3.69269725994135e-17,7.53114777775525e-17,-1.2727344807417e-17,-7.92054810010145e-17,1.52068041807876e-17,4.6238260287186e-17,-2.92946827208495e-17,7.82405860655174e-17,"0","0",44.05124145,NA,NA,NA,0.0307337660846146,0.010779929357244,0.0522936247991026,0.0091739073701266
"86",17.1664718755238,3.82096050810237e-17,-1.5735391488165e-16,-3.69269725994135e-17,7.53114777775525e-17,-1.2727344807417e-17,-7.92054810010145e-17,1.52068041807876e-17,4.6238260287186e-17,-2.92946827208495e-17,7.82405860655174e-17,"0","0",44.05124145,NA,NA,NA,0.030734087386846,0.0107800620189471,0.0522942114247401,0.00917396334895181
"87",17.3763735656404,3.82096050810237e-17,-1.5735391488165e-16,-3.69269725994135e-17,7.53114777775525e-17,-1.2727344807417e-17,-7.92054810010145e-17,1.52068041807876e-17,4.6238260287186e-17,-2.92946827208495e-17,7.82405860655174e-17,"0","0",44.05124145,NA,NA,NA,0.0307344087354398,0.0107801951502216,0.052294799035883,0.00917401843499655
"88",17.5862752557569,3.82096050810237e-17,-1.5735391488165e-16,-3.69269725994135e-17,7.53114777775525e-17,-1.2727344807417e-17,-7.92054810010145e-17,1.52068041807876e-17,4.6238260287186e-17,-2.92946827208495e-17,7.82405860655174e-17,"0","0",44.05124145,NA,NA,NA,0.0307347301304017,0.0107803287513761,0.0522953876331539,0.00917407262764943
"89",17.7961769458735,3.82096050810237e-17,-1.5735391488165e-16,-3.69269725994135e-17,7.53114777775525e-17,-1.2727344807417e-17,-7.92054810010145e-17,1.52068041807876e-17,4.6238260287186e-17,-2.92946827208495e-17,7.82405860655174e-17,"0","0",44.05124145,NA,NA,NA,0.0307350515717373,0.0107804628227192,0.0522959772171757,0.00917412592629887
"90",18.0060786359901,3.82096050810237e-17,-1.5735391488165e-16,-3.69269725994135e-17,7.53114777775525e-17,-1.2727344807417e-17,-7.92054810010145e-17,1.52068041807876e-17,4.6238260287186e-17,-2.92946827208495e-17,7.82405860655174e-17,"0","0",44.05124145,NA,NA,NA,0.0307353730594523,0.0107805973645596,0.0522965677885714,0.00917417833033315
"91",18.2159803261067,3.82096050810237e-17,-1.5735391488165e-16,-3.69269725994135e-17,7.53114777775525e-17,-1.2727344807417e-17,-7.92054810010145e-17,1.52068041807876e-17,4.6238260287186e-17,-2.92946827208495e-17,7.82405860655174e-17,"0","0",44.05124145,NA,NA,NA,0.0307356945935523,0.010780732377206,0.0522971593479643,0.0091742298391404
"92",18.4258820162233,3.82096050810237e-17,-1.5735391488165e-16,-3.69269725994135e-17,7.53114777775525e-17,-1.2727344807417e-17,-7.92054810010145e-17,1.52068041807876e-17,4.6238260287186e-17,-2.92946827208495e-17,7.82405860655174e-17,"0","0",44.05124145,NA,NA,NA,0.030736016174043,0.0107808678609672,0.0522977518959775,0.00917428045210856
"93",18.6357837063398,3.82096050810237e-17,-1.5735391488165e-16,-3.69269725994135e-17,7.53114777775525e-17,-1.2727344807417e-17,-7.92054810010145e-17,1.52068041807876e-17,4.6238260287186e-17,-2.92946827208495e-17,7.82405860655174e-17,"0","0",44.05124145,NA,NA,NA,0.0307363378009301,0.0107810038161523,0.0522983454332347,0.00917433016862542
"94",18.8456853964564,3.82096050810237e-17,-1.5735391488165e-16,-3.69269725994135e-17,7.53114777775525e-17,-1.2727344807417e-17,-7.92054810010145e-17,1.52068041807876e-17,4.6238260287186e-17,-2.92946827208495e-17,7.82405860655174e-17,"0","0",44.05124145,NA,NA,NA,0.0307366594742191,0.0107811402430702,0.0522989399603596,0.00917437898807864
"95",19.055587086573,3.82096050810237e-17,-1.5735391488165e-16,-3.69269725994135e-17,7.53114777775525e-17,-1.2727344807417e-17,-7.92054810010145e-17,1.52068041807876e-17,4.6238260287186e-17,-2.92946827208495e-17,7.82405860655174e-17,"0","0",44.05124145,NA,NA,NA,0.0307369811939158,0.01078127714203,0.0522995354779759,0.00917442690985569
"96",19.2654887766896,3.82096050810237e-17,-1.5735391488165e-16,-3.69269725994135e-17,7.53114777775525e-17,-1.2727344807417e-17,-7.92054810010145e-17,1.52068041807876e-17,4.6238260287186e-17,-2.92946827208495e-17,7.82405860655174e-17,"0","0",44.05124145,NA,NA,NA,0.0307373029600257,0.0107814145133409,0.0523001319867076,0.00917447393334388
"97",19.4753904668062,3.82096050810237e-17,-1.5735391488165e-16,-3.69269725994135e-17,7.53114777775525e-17,-1.2727344807417e-17,-7.92054810010145e-17,1.52068041807876e-17,4.6238260287186e-17,-2.92946827208495e-17,7.82405860655174e-17,"0","0",44.05124145,NA,NA,NA,0.0307376247725546,0.0107815523573121,0.0523007294871789,0.00917452005793038
"98",19.6852921569227,3.82096050810237e-17,-1.5735391488165e-16,-3.69269725994135e-17,7.53114777775525e-17,-1.2727344807417e-17,-7.92054810010145e-17,1.52068041807876e-17,4.6238260287186e-17,-2.92946827208495e-17,7.82405860655174e-17,"0","0",44.05124145,NA,NA,NA,0.0307379466315081,0.010781690674253,0.0523013279800141,0.00917456528300219
"99",19.8951938470393,3.82096050810237e-17,-1.5735391488165e-16,-3.69269725994135e-17,7.53114777775525e-17,-1.2727344807417e-17,-7.92054810010145e-17,1.52068041807876e-17,4.6238260287186e-17,-2.92946827208495e-17,7.82405860655174e-17,"0","0",44.05124145,NA,NA,NA,0.0307382685368919,0.0107818294644729,0.0523019274658376,0.00917460960794616
"100",20.1050955371559,3.82096050810237e-17,-1.5735391488165e-16,-3.69269725994135e-17,7.53114777775525e-17,-1.2727344807417e-17,-7.92054810010145e-17,1.52068041807876e-17,4.6238260287186e-17,-2.92946827208495e-17,7.82405860655174e-17,"0","0",44.05124145,NA,NA,NA,0.0307385904887115,0.0107819687282813,0.0523025279452741,0.00917465303214898
