"","dist_provCap","pop_den","M6_24_sch","propPrimSec","pig_fam","dist_sch","garbage","crim_case","Pax_migt_out","mean_elev","dist_border","elc","PA","areaKM","year","Province","Provcomm","fit","se.fit","U_SE","L_SE"
"1",-1.65804646243297,3.82096050810237e-17,-1.5735391488165e-16,-3.69269725994135e-17,7.53114777775525e-17,-1.2727344807417e-17,-7.92054810010145e-17,2.70577282748356e-17,1.52068041807876e-17,4.6238260287186e-17,-2.92946827208495e-17,"0","0",44.05124145,NA,NA,NA,0.0216845979214648,0.00793148993964803,0.0375475778007609,0.00582161804216872
"2",-1.60126757735528,3.82096050810237e-17,-1.5735391488165e-16,-3.69269725994135e-17,7.53114777775525e-17,-1.2727344807417e-17,-7.92054810010145e-17,2.70577282748356e-17,1.52068041807876e-17,4.6238260287186e-17,-2.92946827208495e-17,"0","0",44.05124145,NA,NA,NA,0.0219468335231818,0.00800961079132236,0.0379660551058265,0.00592761194053711
"3",-1.54448869227759,3.82096050810237e-17,-1.5735391488165e-16,-3.69269725994135e-17,7.53114777775525e-17,-1.2727344807417e-17,-7.92054810010145e-17,2.70577282748356e-17,1.52068041807876e-17,4.6238260287186e-17,-2.92946827208495e-17,"0","0",44.05124145,NA,NA,NA,0.0222120897496745,0.00808886879207606,0.0383898273338266,0.00603435216552238
"4",-1.4877098071999,3.82096050810237e-17,-1.5735391488165e-16,-3.69269725994135e-17,7.53114777775525e-17,-1.2727344807417e-17,-7.92054810010145e-17,2.70577282748356e-17,1.52068041807876e-17,4.6238260287186e-17,-2.92946827208495e-17,"0","0",44.05124145,NA,NA,NA,0.0224803977333408,0.00816928594411805,0.0388189696215769,0.00614182584510474
"5",-1.43093092212222,3.82096050810237e-17,-1.5735391488165e-16,-3.69269725994135e-17,7.53114777775525e-17,-1.2727344807417e-17,-7.92054810010145e-17,2.70577282748356e-17,1.52068041807876e-17,4.6238260287186e-17,-2.92946827208495e-17,"0","0",44.05124145,NA,NA,NA,0.0227517888383616,0.00825088457275176,0.0392535579838652,0.00625001969285812
"6",-1.37415203704453,3.82096050810237e-17,-1.5735391488165e-16,-3.69269725994135e-17,7.53114777775525e-17,-1.2727344807417e-17,-7.92054810010145e-17,2.70577282748356e-17,1.52068041807876e-17,4.6238260287186e-17,-2.92946827208495e-17,"0","0",44.05124145,NA,NA,NA,0.0230262946601625,0.00833368732477702,0.0396936693097165,0.00635892001060841
"7",-1.31737315196684,3.82096050810237e-17,-1.5735391488165e-16,-3.69269725994135e-17,7.53114777775525e-17,-1.2727344807417e-17,-7.92054810010145e-17,2.70577282748356e-17,1.52068041807876e-17,4.6238260287186e-17,-2.92946827208495e-17,"0","0",44.05124145,NA,NA,NA,0.0233039470248032,0.00841771716664666,0.0401393813580965,0.00646851269150985
"8",-1.26059426688915,3.82096050810237e-17,-1.5735391488165e-16,-3.69269725994135e-17,7.53114777775525e-17,-1.2727344807417e-17,-7.92054810010145e-17,2.70577282748356e-17,1.52068041807876e-17,4.6238260287186e-17,-2.92946827208495e-17,"0","0",44.05124145,NA,NA,NA,0.023584777988293,0.00850299738237539,0.0405907727530438,0.0065787832235422
"9",-1.20381538181146,3.82096050810237e-17,-1.5735391488165e-16,-3.69269725994135e-17,7.53114777775525e-17,-1.2727344807417e-17,-7.92054810010145e-17,2.70577282748356e-17,1.52068041807876e-17,4.6238260287186e-17,-2.92946827208495e-17,"0","0",44.05124145,NA,NA,NA,0.0238688198358293,0.00858955157119899,0.0410479229782273,0.00668971669343131
"10",-1.14703649673377,3.82096050810237e-17,-1.5735391488165e-16,-3.69269725994135e-17,7.53114777775525e-17,-1.2727344807417e-17,-7.92054810010145e-17,2.70577282748356e-17,1.52068041807876e-17,4.6238260287186e-17,-2.92946827208495e-17,"0","0",44.05124145,NA,NA,NA,0.0241561050809582,0.00867740364498173,0.0415109123709217,0.00680129779099476
"11",-1.09025761165609,3.82096050810237e-17,-1.5735391488165e-16,-3.69269725994135e-17,7.53114777775525e-17,-1.2727344807417e-17,-7.92054810010145e-17,2.70577282748356e-17,1.52068041807876e-17,4.6238260287186e-17,-2.92946827208495e-17,"0","0",44.05124145,NA,NA,NA,0.0244466664646551,0.00876657782537083,0.0419798221153968,0.00691351081391346
"12",-1.0334787265784,3.82096050810237e-17,-1.5735391488165e-16,-3.69269725994135e-17,7.53114777775525e-17,-1.2727344807417e-17,-7.92054810010145e-17,2.70577282748356e-17,1.52068041807876e-17,4.6238260287186e-17,-2.92946827208495e-17,"0","0",44.05124145,NA,NA,NA,0.0247405369543229,0.00885709864069644,0.0424547342357158,0.00702633967292999
"13",-0.976699841500709,3.82096050810237e-17,-1.5735391488165e-16,-3.69269725994135e-17,7.53114777775525e-17,-1.2727344807417e-17,-7.92054810010145e-17,2.70577282748356e-17,1.52068041807876e-17,4.6238260287186e-17,-2.92946827208495e-17,"0","0",44.05124145,NA,NA,NA,0.0250377497427064,0.00894899092261654,0.0429357315879394,0.00713976789747327
"14",-0.919920956423021,3.82096050810237e-17,-1.5735391488165e-16,-3.69269725994135e-17,7.53114777775525e-17,-1.2727344807417e-17,-7.92054810010145e-17,2.70577282748356e-17,1.52068041807876e-17,4.6238260287186e-17,-2.92946827208495e-17,"0","0",44.05124145,NA,NA,NA,0.0253383382467206,0.00904227980250588,0.0434228978517324,0.00725377864170883
"15",-0.863142071345333,3.82096050810237e-17,-1.5735391488165e-16,-3.69269725994135e-17,7.53114777775525e-17,-1.2727344807417e-17,-7.92054810010145e-17,2.70577282748356e-17,1.52068041807876e-17,4.6238260287186e-17,-2.92946827208495e-17,"0","0",44.05124145,NA,NA,NA,0.025642336106191,0.00913699070758887,0.0439163175213688,0.00736835469101328
"16",-0.806363186267644,3.82096050810237e-17,-1.5735391488165e-16,-3.69269725994135e-17,7.53114777775525e-17,-1.2727344807417e-17,-7.92054810010145e-17,2.70577282748356e-17,1.52068041807876e-17,4.6238260287186e-17,-2.92946827208495e-17,"0","0",44.05124145,NA,NA,NA,0.0259497771825035,0.00923314935681629,0.0444160758961361,0.00748347846887096
"17",-0.749584301189956,3.82096050810237e-17,-1.5735391488165e-16,-3.69269725994135e-17,7.53114777775525e-17,-1.2727344807417e-17,-7.92054810010145e-17,2.70577282748356e-17,1.52068041807876e-17,4.6238260287186e-17,-2.92946827208495e-17,"0","0",44.05124145,NA,NA,NA,0.0262606955571624,0.00933078175648612,0.0449222590701347,0.00759913204419018
"18",-0.692805416112268,3.82096050810237e-17,-1.5735391488165e-16,-3.69269725994135e-17,7.53114777775525e-17,-1.2727344807417e-17,-7.92054810010145e-17,2.70577282748356e-17,1.52068041807876e-17,4.6238260287186e-17,-2.92946827208495e-17,"0","0",44.05124145,NA,NA,NA,0.0265751255302539,0.00942991419560902,0.0454349539214719,0.00771529713903586
"19",-0.636026531034579,3.82096050810237e-17,-1.5735391488165e-16,-3.69269725994135e-17,7.53114777775525e-17,-1.2727344807417e-17,-7.92054810010145e-17,2.70577282748356e-17,1.52068041807876e-17,4.6238260287186e-17,-2.92946827208495e-17,"0","0",44.05124145,NA,NA,NA,0.0268931016188134,0.00953057324101932,0.045954248100852,0.00783195513677477
"20",-0.579247645956891,3.82096050810237e-17,-1.5735391488165e-16,-3.69269725994135e-17,7.53114777775525e-17,-1.2727344807417e-17,-7.92054810010145e-17,2.70577282748356e-17,1.52068041807876e-17,4.6238260287186e-17,-2.92946827208495e-17,"0","0",44.05124145,NA,NA,NA,0.0272146585550943,0.00963278573223245,0.0464802300195591,0.00794908709062936
"21",-0.522468760879202,3.82096050810237e-17,-1.5735391488165e-16,-3.69269725994135e-17,7.53114777775525e-17,-1.2727344807417e-17,-7.92054810010145e-17,2.70577282748356e-17,1.52068041807876e-17,4.6238260287186e-17,-2.92946827208495e-17,"0","0",44.05124145,NA,NA,NA,0.0275398312847357,0.0097365787760503,0.0470129888368363,0.00806667373263508
"22",-0.465689875801514,3.82096050810237e-17,-1.5735391488165e-16,-3.69269725994135e-17,7.53114777775525e-17,-1.2727344807417e-17,-7.92054810010145e-17,2.70577282748356e-17,1.52068041807876e-17,4.6238260287186e-17,-2.92946827208495e-17,"0","0",44.05124145,NA,NA,NA,0.0278686549648281,0.00984197974091591,0.0475526144466599,0.00818469548299626
"23",-0.408910990723826,3.82096050810237e-17,-1.5735391488165e-16,-3.69269725994135e-17,7.53114777775525e-17,-1.2727344807417e-17,-7.92054810010145e-17,2.70577282748356e-17,1.52068041807876e-17,4.6238260287186e-17,-2.92946827208495e-17,"0","0",44.05124145,NA,NA,NA,0.028201164961873,0.00994901625101915,0.0480991974639113,0.00830313245983472
"24",-0.352132105646137,3.82096050810237e-17,-1.5735391488165e-16,-3.69269725994135e-17,7.53114777775525e-17,-1.2727344807417e-17,-7.92054810010145e-17,2.70577282748356e-17,1.52068041807876e-17,4.6238260287186e-17,-2.92946827208495e-17,"0","0",44.05124145,NA,NA,NA,0.0285373968496364,0.0100577161801557,0.0486528292099477,0.00842196448932505
"25",-0.295353220568449,3.82096050810237e-17,-1.5735391488165e-16,-3.69269725994135e-17,7.53114777775525e-17,-1.2727344807417e-17,-7.92054810010145e-17,2.70577282748356e-17,1.52068041807876e-17,4.6238260287186e-17,-2.92946827208495e-17,"0","0",44.05124145,NA,NA,NA,0.0288773864068916,0.0101681076453408,0.0492136016975731,0.0085411711162101
"26",-0.23857433549076,3.82096050810237e-17,-1.5735391488165e-16,-3.69269725994135e-17,7.53114777775525e-17,-1.2727344807417e-17,-7.92054810010145e-17,2.70577282748356e-17,1.52068041807876e-17,4.6238260287186e-17,-2.92946827208495e-17,"0","0",44.05124145,NA,NA,NA,0.0292211696150517,0.0102802190001809,0.0497816076154134,0.0086607316146899
"27",-0.181795450413072,3.82096050810237e-17,-1.5735391488165e-16,-3.69269725994135e-17,7.53114777775525e-17,-1.2727344807417e-17,-7.92054810010145e-17,2.70577282748356e-17,1.52068041807876e-17,4.6238260287186e-17,-2.92946827208495e-17,"0","0",44.05124145,NA,NA,NA,0.0295687826556866,0.0103940788280049,0.0503569403116965,0.00878062499967675
"28",-0.125016565335384,3.82096050810237e-17,-1.5735391488165e-16,-3.69269725994135e-17,7.53114777775525e-17,-1.2727344807417e-17,-7.92054810010145e-17,2.70577282748356e-17,1.52068041807876e-17,4.6238260287186e-17,-2.92946827208495e-17,"0","0",44.05124145,NA,NA,NA,0.0299202619079254,0.0105097159347581,0.0509396937774416,0.00890083003840927
"29",-0.0682376802576952,3.82096050810237e-17,-1.5735391488165e-16,-3.69269725994135e-17,7.53114777775525e-17,-1.2727344807417e-17,-7.92054810010145e-17,2.70577282748356e-17,1.52068041807876e-17,4.6238260287186e-17,-2.92946827208495e-17,"0","0",44.05124145,NA,NA,NA,0.030275643945739,0.0106271593416606,0.0515299626290602,0.00902132526241772
"30",-0.0114587951800069,3.82096050810237e-17,-1.5735391488165e-16,-3.69269725994135e-17,7.53114777775525e-17,-1.2727344807417e-17,-7.92054810010145e-17,2.70577282748356e-17,1.52068041807876e-17,4.6238260287186e-17,-2.92946827208495e-17,"0","0",44.05124145,NA,NA,NA,0.0306349655351021,0.0107464382776347,0.0521278420903716,0.00914208897983261
"31",0.0453200898976815,3.82096050810237e-17,-1.5735391488165e-16,-3.69269725994135e-17,7.53114777775525e-17,-1.2727344807417e-17,-7.92054810010145e-17,2.70577282748356e-17,1.52068041807876e-17,4.6238260287186e-17,-2.92946827208495e-17,"0","0",44.05124145,NA,NA,NA,0.0309982636310331,0.0108675821715021,0.0527334279740373,0.0092630992880289
"32",0.10209897497537,3.82096050810237e-17,-1.5735391488165e-16,-3.69269725994135e-17,7.53114777775525e-17,-1.2727344807417e-17,-7.92054810010145e-17,2.70577282748356e-17,1.52068041807876e-17,4.6238260287186e-17,-2.92946827208495e-17,"0","0",44.05124145,NA,NA,NA,0.0313655753745073,0.0109906206439549,0.053346816662417,0.0093843340865975
"33",0.158877860053058,3.82096050810237e-17,-1.5735391488165e-16,-3.69269725994135e-17,7.53114777775525e-17,-1.2727344807417e-17,-7.92054810010145e-17,2.70577282748356e-17,1.52068041807876e-17,4.6238260287186e-17,-2.92946827208495e-17,"0","0",44.05124145,NA,NA,NA,0.0317369380892427,0.0111155834993034,0.0539681050878494,0.00950577109063603
"34",0.215656745130747,3.82096050810237e-17,-1.5735391488165e-16,-3.69269725994135e-17,7.53114777775525e-17,-1.2727344807417e-17,-7.92054810010145e-17,2.70577282748356e-17,1.52068041807876e-17,4.6238260287186e-17,-2.92946827208495e-17,"0","0",44.05124145,NA,NA,NA,0.0321123892783566,0.011242500717003,0.0545973907123627,0.00962738784435049
"35",0.272435630208435,3.82096050810237e-17,-1.5735391488165e-16,-3.69269725994135e-17,7.53114777775525e-17,-1.2727344807417e-17,-7.92054810010145e-17,2.70577282748356e-17,1.52068041807876e-17,4.6238260287186e-17,-2.92946827208495e-17,"0","0",44.05124145,NA,NA,NA,0.0324919666208881,0.0113714024429641,0.0552347715068164,0.00974916173495989
"36",0.329214515286123,3.82096050810237e-17,-1.5735391488165e-16,-3.69269725994135e-17,7.53114777775525e-17,-1.2727344807417e-17,-7.92054810010145e-17,2.70577282748356e-17,1.52068041807876e-17,4.6238260287186e-17,-2.92946827208495e-17,"0","0",44.05124145,NA,NA,NA,0.0328757079681876,0.011502318980646,0.0558803459294796,0.00987107000689557
"37",0.385993400363812,3.82096050810237e-17,-1.5735391488165e-16,-3.69269725994135e-17,7.53114777775525e-17,-1.2727344807417e-17,-7.92054810010145e-17,2.70577282748356e-17,1.52068041807876e-17,4.6238260287186e-17,-2.92946827208495e-17,"0","0",44.05124145,NA,NA,NA,0.0332636513401676,0.0116352807819403,0.0565342129040482,0.00999308977628706
"38",0.4427722854415,3.82096050810237e-17,-1.5735391488165e-16,-3.69269725994135e-17,7.53114777775525e-17,-1.2727344807417e-17,-7.92054810010145e-17,2.70577282748356e-17,1.52068041807876e-17,4.6238260287186e-17,-2.92946827208495e-17,"0","0",44.05124145,NA,NA,NA,0.0336558349214154,0.0117703184378443,0.057196471797104,0.0101151980457268
"39",0.499551170519189,3.82096050810237e-17,-1.5735391488165e-16,-3.69269725994135e-17,7.53114777775525e-17,-1.2727344807417e-17,-7.92054810010145e-17,2.70577282748356e-17,1.52068041807876e-17,4.6238260287186e-17,-2.92946827208495e-17,"0","0",44.05124145,NA,NA,NA,0.0340522970571627,0.0119074626689285,0.0578672223950196,0.0102373717193058
"40",0.556330055596877,3.82096050810237e-17,-1.5735391488165e-16,-3.69269725994135e-17,7.53114777775525e-17,-1.2727344807417e-17,-7.92054810010145e-17,2.70577282748356e-17,1.52068041807876e-17,4.6238260287186e-17,-2.92946827208495e-17,"0","0",44.05124145,NA,NA,NA,0.034453076249112,0.0120467443155999,0.0585465648803117,0.0103595876179123
"41",0.613108940674565,3.82096050810237e-17,-1.5735391488165e-16,-3.69269725994135e-17,7.53114777775525e-17,-1.2727344807417e-17,-7.92054810010145e-17,2.70577282748356e-17,1.52068041807876e-17,4.6238260287186e-17,-2.92946827208495e-17,"0","0",44.05124145,NA,NA,NA,0.034858211151116,0.0121881943281644,0.0592345998074449,0.0104818224947872
"42",0.669887825752254,3.82096050810237e-17,-1.5735391488165e-16,-3.69269725994135e-17,7.53114777775525e-17,-1.2727344807417e-17,-7.92054810010145e-17,2.70577282748356e-17,1.52068041807876e-17,4.6238260287186e-17,-2.92946827208495e-17,"0","0",44.05124145,NA,NA,NA,0.0352677405647081,0.0123318437566903,0.0599314280780887,0.0106040530513275
"43",0.726666710829942,3.82096050810237e-17,-1.5735391488165e-16,-3.69269725994135e-17,7.53114777775525e-17,-1.2727344807417e-17,-7.92054810010145e-17,2.70577282748356e-17,1.52068041807876e-17,4.6238260287186e-17,-2.92946827208495e-17,"0","0",44.05124145,NA,NA,NA,0.0356817034344818,0.0124777237406746,0.0606371509158311,0.0107262559531325
"44",0.783445595907631,3.82096050810237e-17,-1.5735391488165e-16,-3.69269725994135e-17,7.53114777775525e-17,-1.2727344807417e-17,-7.92054810010145e-17,2.70577282748356e-17,1.52068041807876e-17,4.6238260287186e-17,-2.92946827208495e-17,"0","0",44.05124145,NA,NA,NA,0.0361001388433165,0.0126258654985158,0.061351869840348,0.0108484078462849
"45",0.840224480985319,3.82096050810237e-17,-1.5735391488165e-16,-3.69269725994135e-17,7.53114777775525e-17,-1.2727344807417e-17,-7.92054810010145e-17,2.70577282748356e-17,1.52068041807876e-17,4.6238260287186e-17,-2.92946827208495e-17,"0","0",44.05124145,NA,NA,NA,0.0365230860074474,0.0127763003167928,0.0620756866410329,0.0109704853738618
"46",0.897003366063007,3.82096050810237e-17,-1.5735391488165e-16,-3.69269725994135e-17,7.53114777775525e-17,-1.2727344807417e-17,-7.92054810010145e-17,2.70577282748356e-17,1.52068041807876e-17,4.6238260287186e-17,-2.92946827208495e-17,"0","0",44.05124145,NA,NA,NA,0.0369505842713772,0.0129290595393543,0.0628087033500859,0.0110924651926686
"47",0.953782251140695,3.82096050810237e-17,-1.5735391488165e-16,-3.69269725994135e-17,7.53114777775525e-17,-1.2727344807417e-17,-7.92054810010145e-17,2.70577282748356e-17,1.52068041807876e-17,4.6238260287186e-17,-2.92946827208495e-17,"0","0",44.05124145,NA,NA,NA,0.0373826731026277,0.0130841745562181,0.0635510222150639,0.0112143239901915
"48",1.01056113621838,3.82096050810237e-17,-1.5735391488165e-16,-3.69269725994135e-17,7.53114777775525e-17,-1.2727344807417e-17,-7.92054810010145e-17,2.70577282748356e-17,1.52068041807876e-17,4.6238260287186e-17,-2.92946827208495e-17,"0","0",44.05124145,NA,NA,NA,0.0378193920863275,0.0132416767922827,0.064302745670893,0.0113360385017621
"49",1.06734002129607,3.82096050810237e-17,-1.5735391488165e-16,-3.69269725994135e-17,7.53114777775525e-17,-1.2727344807417e-17,-7.92054810010145e-17,2.70577282748356e-17,1.52068041807876e-17,4.6238260287186e-17,-2.92946827208495e-17,"0","0",44.05124145,NA,NA,NA,0.0382607809196364,0.0134015976958527,0.0650639763113418,0.0114575855279309
"50",1.12411890637376,3.82096050810237e-17,-1.5735391488165e-16,-3.69269725994135e-17,7.53114777775525e-17,-1.2727344807417e-17,-7.92054810010145e-17,2.70577282748356e-17,1.52068041807876e-17,4.6238260287186e-17,-2.92946827208495e-17,"0","0",44.05124145,NA,NA,NA,0.0387068794060007,0.0135639687269783,0.0658348168599573,0.0115789419520441
"51",1.18089779145145,3.82096050810237e-17,-1.5735391488165e-16,-3.69269725994135e-17,7.53114777775525e-17,-1.2727344807417e-17,-7.92054810010145e-17,2.70577282748356e-17,1.52068041807876e-17,4.6238260287186e-17,-2.92946827208495e-17,"0","0",44.05124145,NA,NA,NA,0.0391577274492405,0.0137288213456101,0.0666153701404607,0.0117000847580203
"52",1.23767667652914,3.82096050810237e-17,-1.5735391488165e-16,-3.69269725994135e-17,7.53114777775525e-17,-1.2727344807417e-17,-7.92054810010145e-17,2.70577282748356e-17,1.52068041807876e-17,4.6238260287186e-17,-2.92946827208495e-17,"0","0",44.05124145,NA,NA,NA,0.0396133650474644,0.0138961869995702,0.0674057390466048,0.0118209910483241
"53",1.29445556160683,3.82096050810237e-17,-1.5735391488165e-16,-3.69269725994135e-17,7.53114777775525e-17,-1.2727344807417e-17,-7.92054810010145e-17,2.70577282748356e-17,1.52068041807876e-17,4.6238260287186e-17,-2.92946827208495e-17,"0","0",44.05124145,NA,NA,NA,0.0400738322868108,0.0140660971123392,0.0682060265114892,0.0119416380621324
"54",1.35123444668451,3.82096050810237e-17,-1.5735391488165e-16,-3.69269725994135e-17,7.53114777775525e-17,-1.2727344807417e-17,-7.92054810010145e-17,2.70577282748356e-17,1.52068041807876e-17,4.6238260287186e-17,-2.92946827208495e-17,"0","0",44.05124145,NA,NA,NA,0.0405391693350129,0.0142385830706606,0.0690163354763341,0.0120620031936917
"55",1.4080133317622,3.82096050810237e-17,-1.5735391488165e-16,-3.69269725994135e-17,7.53114777775525e-17,-1.2727344807417e-17,-7.92054810010145e-17,2.70577282748356e-17,1.52068041807876e-17,4.6238260287186e-17,-2.92946827208495e-17,"0","0",44.05124145,NA,NA,NA,0.0410094164347857,0.0144136762119611,0.0698367688587079,0.0121820640108634
"56",1.46479221683989,3.82096050810237e-17,-1.5735391488165e-16,-3.69269725994135e-17,7.53114777775525e-17,-1.2727344807417e-17,-7.92054810010145e-17,2.70577282748356e-17,1.52068041807876e-17,4.6238260287186e-17,-2.92946827208495e-17,"0","0",44.05124145,NA,NA,NA,0.0414846138970331,0.0145914078115884,0.07066742952021,0.0123017982738563
"57",1.52157110191758,3.82096050810237e-17,-1.5735391488165e-16,-3.69269725994135e-17,7.53114777775525e-17,-1.2727344807417e-17,-7.92054810010145e-17,2.70577282748356e-17,1.52068041807876e-17,4.6238260287186e-17,-2.92946827208495e-17,"0","0",44.05124145,NA,NA,NA,0.0419648020938728,0.0147718090698649,0.0715084202336026,0.0124211839541429
"58",1.57834998699527,3.82096050810237e-17,-1.5735391488165e-16,-3.69269725994135e-17,7.53114777775525e-17,-1.2727344807417e-17,-7.92054810010145e-17,2.70577282748356e-17,1.52068041807876e-17,4.6238260287186e-17,-2.92946827208495e-17,"0","0",44.05124145,NA,NA,NA,0.042450021451476,0.0149549110989576,0.0723598436493912,0.0125401992535609
"59",1.63512887207296,3.82096050810237e-17,-1.5735391488165e-16,-3.69269725994135e-17,7.53114777775525e-17,-1.2727344807417e-17,-7.92054810010145e-17,2.70577282748356e-17,1.52068041807876e-17,4.6238260287186e-17,-2.92946827208495e-17,"0","0",44.05124145,NA,NA,NA,0.042940312442723,0.0151407449095633,0.0732218022618496,0.0126588226235964
"60",1.69190775715064,3.82096050810237e-17,-1.5735391488165e-16,-3.69269725994135e-17,7.53114777775525e-17,-1.2727344807417e-17,-7.92054810010145e-17,2.70577282748356e-17,1.52068041807876e-17,4.6238260287186e-17,-2.92946827208495e-17,"0","0",44.05124145,NA,NA,NA,0.0434357155796686,0.0153293413974088,0.0740943983744862,0.012777032784851
"61",1.74868664222833,3.82096050810237e-17,-1.5735391488165e-16,-3.69269725994135e-17,7.53114777775525e-17,-1.2727344807417e-17,-7.92054810010145e-17,2.70577282748356e-17,1.52068041807876e-17,4.6238260287186e-17,-2.92946827208495e-17,"0","0",44.05124145,NA,NA,NA,0.043936271405819,0.0155207313295644,0.0749777340649478,0.0128948087466901
"62",1.80546552730602,3.82096050810237e-17,-1.5735391488165e-16,-3.69269725994135e-17,7.53114777775525e-17,-1.2727344807417e-17,-7.92054810010145e-17,2.70577282748356e-17,1.52068041807876e-17,4.6238260287186e-17,-2.92946827208495e-17,"0","0",44.05124145,NA,NA,NA,0.0444420204882167,0.0157149453305706,0.075871911149358,0.0130121298270755
"63",1.86224441238371,3.82096050810237e-17,-1.5735391488165e-16,-3.69269725994135e-17,7.53114777775525e-17,-1.2727344807417e-17,-7.92054810010145e-17,2.70577282748356e-17,1.52068041807876e-17,4.6238260287186e-17,-2.92946827208495e-17,"0","0",44.05124145,NA,NA,NA,0.0449530034093322,0.0159120138683764,0.076777031146085,0.0131289756725793
"64",1.9190232974614,3.82096050810237e-17,-1.5735391488165e-16,-3.69269725994135e-17,7.53114777775525e-17,-1.2727344807417e-17,-7.92054810010145e-17,2.70577282748356e-17,1.52068041807876e-17,4.6238260287186e-17,-2.92946827208495e-17,"0","0",44.05124145,NA,NA,NA,0.0454692607587598,0.0161119672400882,0.0776931952389361,0.0132453262785834
"65",1.97580218253909,3.82096050810237e-17,-1.5735391488165e-16,-3.69269725994135e-17,7.53114777775525e-17,-1.2727344807417e-17,-7.92054810010145e-17,2.70577282748356e-17,1.52068041807876e-17,4.6238260287186e-17,-2.92946827208495e-17,"0","0",44.05124145,NA,NA,NA,0.0459908331247178,0.0163148355575277,0.0786205042397733,0.0133611620096623
"66",2.03258106761677,3.82096050810237e-17,-1.5735391488165e-16,-3.69269725994135e-17,7.53114777775525e-17,-1.2727344807417e-17,-7.92054810010145e-17,2.70577282748356e-17,1.52068041807876e-17,4.6238260287186e-17,-2.92946827208495e-17,"0","0",44.05124145,NA,NA,NA,0.0465177610853501,0.0165206487325985,0.079559058550547,0.0134764636201531
"67",2.08935995269446,3.82096050810237e-17,-1.5735391488165e-16,-3.69269725994135e-17,7.53114777775525e-17,-1.2727344807417e-17,-7.92054810010145e-17,2.70577282748356e-17,1.52068041807876e-17,4.6238260287186e-17,-2.92946827208495e-17,"0","0",44.05124145,NA,NA,NA,0.0470500851998274,0.016729436462458,0.0805089581247434,0.0135912122749114
"68",2.14613883777215,3.82096050810237e-17,-1.5735391488165e-16,-3.69269725994135e-17,7.53114777775525e-17,-1.2727344807417e-17,-7.92054810010145e-17,2.70577282748356e-17,1.52068041807876e-17,4.6238260287186e-17,-2.92946827208495e-17,"0","0",44.05124145,NA,NA,NA,0.0475878459992486,0.0169412282144962,0.0814703024282409,0.0137053895702563
"69",2.20291772284984,3.82096050810237e-17,-1.5735391488165e-16,-3.69269725994135e-17,7.53114777775525e-17,-1.2727344807417e-17,-7.92054810010145e-17,2.70577282748356e-17,1.52068041807876e-17,4.6238260287186e-17,-2.92946827208495e-17,"0","0",44.05124145,NA,NA,NA,0.0481310839773385,0.0171560532111165,0.0824431903995715,0.0138189775551055
"70",2.25969660792753,3.82096050810237e-17,-1.5735391488165e-16,-3.69269725994135e-17,7.53114777775525e-17,-1.2727344807417e-17,-7.92054810010145e-17,2.70577282748356e-17,1.52068041807876e-17,4.6238260287186e-17,-2.92946827208495e-17,"0","0",44.05124145,NA,NA,NA,0.0486798395809427,0.0173739404143204,0.0834277204095836,0.0139319587523019
"71",2.31647549300522,3.82096050810237e-17,-1.5735391488165e-16,-3.69269725994135e-17,7.53114777775525e-17,-1.2727344807417e-17,-7.92054810010145e-17,2.70577282748356e-17,1.52068041807876e-17,4.6238260287186e-17,-2.92946827208495e-17,"0","0",44.05124145,NA,NA,NA,0.0492341532003173,0.0175949185100924,0.0844239902205022,0.0140443161801324
"72",2.37325437808291,3.82096050810237e-17,-1.5735391488165e-16,-3.69269725994135e-17,7.53114777775525e-17,-1.2727344807417e-17,-7.92054810010145e-17,2.70577282748356e-17,1.52068041807876e-17,4.6238260287186e-17,-2.92946827208495e-17,"0","0",44.05124145,NA,NA,NA,0.0497940651592127,0.0178190158925849,0.0854320969443825,0.0141560333740428
"73",2.43003326316059,3.82096050810237e-17,-1.5735391488165e-16,-3.69269725994135e-17,7.53114777775525e-17,-1.2727344807417e-17,-7.92054810010145e-17,2.70577282748356e-17,1.52068041807876e-17,4.6238260287186e-17,-2.92946827208495e-17,"0","0",44.05124145,NA,NA,NA,0.0503596157047504,0.0180462606481016,0.0864521370009536,0.0142670944085472
"74",2.48681214823828,3.82096050810237e-17,-1.5735391488165e-16,-3.69269725994135e-17,7.53114777775525e-17,-1.2727344807417e-17,-7.92054810010145e-17,2.70577282748356e-17,1.52068041807876e-17,4.6238260287186e-17,-2.92946827208495e-17,"0","0",44.05124145,NA,NA,NA,0.0509308449970928,0.0182766805388782,0.0874842060748493,0.0143774839193363
"75",2.54359103331597,3.82096050810237e-17,-1.5735391488165e-16,-3.69269725994135e-17,7.53114777775525e-17,-1.2727344807417e-17,-7.92054810010145e-17,2.70577282748356e-17,1.52068041807876e-17,4.6238260287186e-17,-2.92946827208495e-17,"0","0",44.05124145,NA,NA,NA,0.0515077930989033,0.0185103029866599,0.0885283990722231,0.0144871871255834
"76",2.60036991839366,3.82096050810237e-17,-1.5735391488165e-16,-3.69269725994135e-17,7.53114777775525e-17,-1.2727344807417e-17,-7.92054810010145e-17,2.70577282748356e-17,1.52068041807876e-17,4.6238260287186e-17,-2.92946827208495e-17,"0","0",44.05124145,NA,NA,NA,0.052090499964598,0.0187471550560736,0.0895848100767451,0.0145961898524508
"77",2.65714880347135,3.82096050810237e-17,-1.5735391488165e-16,-3.69269725994135e-17,7.53114777775525e-17,-1.2727344807417e-17,-7.92054810010145e-17,2.70577282748356e-17,1.52068041807876e-17,4.6238260287186e-17,-2.92946827208495e-17,"0","0",44.05124145,NA,NA,NA,0.0526790054293876,0.0189872634377952,0.0906535323049781,0.0147044785537971
"78",2.71392768854904,3.82096050810237e-17,-1.5735391488165e-16,-3.69269725994135e-17,7.53114777775525e-17,-1.2727344807417e-17,-7.92054810010145e-17,2.70577282748356e-17,1.52068041807876e-17,4.6238260287186e-17,-2.92946827208495e-17,"0","0",44.05124145,NA,NA,NA,0.0532733491981085,0.0192306544315116,0.0917346580611317,0.0148120403350854
"79",2.77070657362672,3.82096050810237e-17,-1.5735391488165e-16,-3.69269725994135e-17,7.53114777775525e-17,-1.2727344807417e-17,-7.92054810010145e-17,2.70577282748356e-17,1.52068041807876e-17,4.6238260287186e-17,-2.92946827208495e-17,"0","0",44.05124145,NA,NA,NA,0.0538735708338443,0.019477353928675,0.0928282786911943,0.0149188629764944
"80",2.82748545870441,3.82096050810237e-17,-1.5735391488165e-16,-3.69269725994135e-17,7.53114777775525e-17,-1.2727344807417e-17,-7.92054810010145e-17,2.70577282748356e-17,1.52068041807876e-17,4.6238260287186e-17,-2.92946827208495e-17,"0","0",44.05124145,NA,NA,NA,0.0544797097463356,0.0197273873950525,0.0939344845364405,0.0150249349562306
"81",2.8842643437821,3.82096050810237e-17,-1.5735391488165e-16,-3.69269725994135e-17,7.53114777775525e-17,-1.2727344807417e-17,-7.92054810010145e-17,2.70577282748356e-17,1.52068041807876e-17,4.6238260287186e-17,-2.92946827208495e-17,"0","0",44.05124145,NA,NA,NA,0.0550918051801791,0.019980779853068,0.0950533648863151,0.0151302454740431
"82",2.94104322885979,3.82096050810237e-17,-1.5735391488165e-16,-3.69269725994135e-17,7.53114777775525e-17,-1.2727344807417e-17,-7.92054810010145e-17,2.70577282748356e-17,1.52068041807876e-17,4.6238260287186e-17,-2.92946827208495e-17,"0","0",44.05124145,NA,NA,NA,0.0557098962028169,0.0202375558639392,0.0961850079306952,0.0152347844749385
"83",2.99782211393748,3.82096050810237e-17,-1.5735391488165e-16,-3.69269725994135e-17,7.53114777775525e-17,-1.2727344807417e-17,-7.92054810010145e-17,2.70577282748356e-17,1.52068041807876e-17,4.6238260287186e-17,-2.92946827208495e-17,"0","0",44.05124145,NA,NA,NA,0.0563340216923136,0.020497739509608,0.0973295007115296,0.0153385426730976
"84",3.05460099901517,3.82096050810237e-17,-1.5735391488165e-16,-3.69269725994135e-17,7.53114777775525e-17,-1.2727344807417e-17,-7.92054810010145e-17,2.70577282748356e-17,1.52068041807876e-17,4.6238260287186e-17,-2.92946827208495e-17,"0","0",44.05124145,NA,NA,NA,0.0569642203249246,0.0207613543744675,0.0984869290738596,0.0154415115759895
"85",3.11137988409285,3.82096050810237e-17,-1.5735391488165e-16,-3.69269725994135e-17,7.53114777775525e-17,-1.2727344807417e-17,-7.92054810010145e-17,2.70577282748356e-17,1.52068041807876e-17,4.6238260287186e-17,-2.92946827208495e-17,"0","0",44.05124145,NA,NA,NA,0.0576005305624531,0.021028423526885,0.0996573776162231,0.015543683508683
"86",3.16815876917054,3.82096050810237e-17,-1.5735391488165e-16,-3.69269725994135e-17,7.53114777775525e-17,-1.2727344807417e-17,-7.92054810010145e-17,2.70577282748356e-17,1.52068041807876e-17,4.6238260287186e-17,-2.92946827208495e-17,"0","0",44.05124145,NA,NA,NA,0.0582429906393992,0.0212989695005234,0.100840929640446,0.0156450516383524
"87",3.22493765424823,3.82096050810237e-17,-1.5735391488165e-16,-3.69269725994135e-17,7.53114777775525e-17,-1.2727344807417e-17,-7.92054810010145e-17,2.70577282748356e-17,1.52068041807876e-17,4.6238260287186e-17,-2.92946827208495e-17,"0","0",44.05124145,NA,NA,NA,0.0588916385498999,0.0215730142754626,0.102037667100825,0.0157456099989748
"88",3.28171653932592,3.82096050810237e-17,-1.5735391488165e-16,-3.69269725994135e-17,7.53114777775525e-17,-1.2727344807417e-17,-7.92054810010145e-17,2.70577282748356e-17,1.52068041807876e-17,4.6238260287186e-17,-2.92946827208495e-17,"0","0",44.05124145,NA,NA,NA,0.0595465120344614,0.0218505792591232,0.103247670552708,0.015845353516215
"89",3.33849542440361,3.82096050810237e-17,-1.5735391488165e-16,-3.69269725994135e-17,7.53114777775525e-17,-1.2727344807417e-17,-7.92054810010145e-17,2.70577282748356e-17,1.52068041807876e-17,4.6238260287186e-17,-2.92946827208495e-17,"0","0",44.05124145,NA,NA,NA,0.060207648566485,0.0221316852669954,0.104471019100476,0.0159442780324941
"90",3.3952743094813,3.82096050810237e-17,-1.5735391488165e-16,-3.69269725994135e-17,7.53114777775525e-17,-1.2727344807417e-17,-7.92054810010145e-17,2.70577282748356e-17,1.52068041807876e-17,4.6238260287186e-17,-2.92946827208495e-17,"0","0",44.05124145,NA,NA,NA,0.0608750853385882,0.0224163525031755,0.105707790344939,0.0160423803322373
"91",3.45205319455899,3.82096050810237e-17,-1.5735391488165e-16,-3.69269725994135e-17,7.53114777775525e-17,-1.2727344807417e-17,-7.92054810010145e-17,2.70577282748356e-17,1.52068041807876e-17,4.6238260287186e-17,-2.92946827208495e-17,"0","0",44.05124145,NA,NA,NA,0.0615488592487219,0.0227046005407136,0.106958060330149,0.0161396581672947
"92",3.50883207963667,3.82096050810237e-17,-1.5735391488165e-16,-3.69269725994135e-17,7.53114777775525e-17,-1.2727344807417e-17,-7.92054810010145e-17,2.70577282748356e-17,1.52068041807876e-17,4.6238260287186e-17,-2.92946827208495e-17,"0","0",44.05124145,NA,NA,NA,0.0622290068860845,0.0229964483017772,0.108221903489639,0.0162361102825301
"93",3.56561096471436,3.82096050810237e-17,-1.5735391488165e-16,-3.69269725994135e-17,7.53114777775525e-17,-1.2727344807417e-17,-7.92054810010145e-17,2.70577282748356e-17,1.52068041807876e-17,4.6238260287186e-17,-2.92946827208495e-17,"0","0",44.05124145,NA,NA,NA,0.0629155645168368,0.0232919140376334,0.109499392592104,0.0163317364415699
"94",3.62238984979205,3.82096050810237e-17,-1.5735391488165e-16,-3.69269725994135e-17,7.53114777775525e-17,-1.2727344807417e-17,-7.92054810010145e-17,2.70577282748356e-17,1.52068041807876e-17,4.6238260287186e-17,-2.92946827208495e-17,"0","0",44.05124145,NA,NA,NA,0.063608568069618,0.0235910153084563,0.110790598686531,0.0164265374527053
"95",3.67916873486974,3.82096050810237e-17,-1.5735391488165e-16,-3.69269725994135e-17,7.53114777775525e-17,-1.2727344807417e-17,-7.92054810010145e-17,2.70577282748356e-17,1.52068041807876e-17,4.6238260287186e-17,-2.92946827208495e-17,"0","0",44.05124145,NA,NA,NA,0.0643080531208644,0.0238937689629628,0.11209559104679,0.0165205151949388
"96",3.73594761994743,3.82096050810237e-17,-1.5735391488165e-16,-3.69269725994135e-17,7.53114777775525e-17,-1.2727344807417e-17,-7.92054810010145e-17,2.70577282748356e-17,1.52068041807876e-17,4.6238260287186e-17,-2.92946827208495e-17,"0","0",44.05124145,NA,NA,NA,0.0650140548799362,0.0242001911178845,0.113414437115705,0.0166136726441672
"97",3.79272650502512,3.82096050810237e-17,-1.5735391488165e-16,-3.69269725994135e-17,7.53114777775525e-17,-1.2727344807417e-17,-7.92054810010145e-17,2.70577282748356e-17,1.52068041807876e-17,4.6238260287186e-17,-2.92946827208495e-17,"0","0",44.05124145,NA,NA,NA,0.0657266081740503,0.0245102971372803,0.114747202448611,0.0167060138994897
"98",3.8495053901028,3.82096050810237e-17,-1.5735391488165e-16,-3.69269725994135e-17,7.53114777775525e-17,-1.2727344807417e-17,-7.92054810010145e-17,2.70577282748356e-17,1.52068041807876e-17,4.6238260287186e-17,-2.92946827208495e-17,"0","0",44.05124145,NA,NA,NA,0.0664457474330264,0.0248241016116974,0.116093950656421,0.0167975442096316
"99",3.90628427518049,3.82096050810237e-17,-1.5735391488165e-16,-3.69269725994135e-17,7.53114777775525e-17,-1.2727344807417e-17,-7.92054810010145e-17,2.70577282748356e-17,1.52068041807876e-17,4.6238260287186e-17,-2.92946827208495e-17,"0","0",44.05124145,NA,NA,NA,0.0671715066738462,0.0251416183371872,0.117454743348221,0.0168882699994718
"100",3.96306316025818,3.82096050810237e-17,-1.5735391488165e-16,-3.69269725994135e-17,7.53114777775525e-17,-1.2727344807417e-17,-7.92054810010145e-17,2.70577282748356e-17,1.52068041807876e-17,4.6238260287186e-17,-2.92946827208495e-17,"0","0",44.05124145,NA,NA,NA,0.0679039194850307,0.0254628602941845,0.1188296400734,0.0169781988966618
